ticker,exchange,name,sector
A,NASDAQ,Agilent Technologies Inc. Common Stock,Industrials
AA,NASDAQ,Alcoa Corporation Common Stock,Industrials
AACB,NASDAQ,Artius II Acquisition Inc. Class A Ordinary Shares,Unknown
AACBR,NASDAQ,Artius II Acquisition Inc. Rights,Unknown
AACBU,NASDAQ,Artius II Acquisition Inc. Units,Finance
AACG,NASDAQ,ATA Creativity Global American Depositary Shares,Real Estate
AACIU,NASDAQ,Armada Acquisition Corp. III Units,Finance
AACOU,NASDAQ,Abony Acquisition Corp. I Units,Unknown
AAL,NASDAQ,American Airlines Group Inc. Common Stock,Consumer Discretionary
AAME,NASDAQ,Atlantic American Corporation Common Stock,Finance
AAMI,NASDAQ,Acadian Asset Management Inc. Common Stock,Finance
AAOI,NASDAQ,Applied Optoelectronics Inc. Common Stock,Technology
AAON,NASDAQ,AAON Inc. Common Stock,Industrials
AAP,NASDAQ,Advance Auto Parts Inc.,Consumer Discretionary
AAPG,NASDAQ,Ascentage Pharma Group International American Depository Shares,Health Care
AAPL,NASDAQ,Apple Inc. Common Stock,Technology
AARD,NASDAQ,Aardvark Therapeutics Inc. Common Stock,Health Care
AAT,NASDAQ,American Assets Trust Inc. Common Stock,Real Estate
AAUC,NASDAQ,Allied Gold Corporation Common Shares,Unknown
AB,NASDAQ,AllianceBernstein Holding L.P.  Units,Finance
ABAT,NASDAQ,American Battery Technology Company Common Stock,Basic Materials
ABBV,NASDAQ,AbbVie Inc. Common Stock,Health Care
ABCB,NASDAQ,Ameris Bancorp Common Stock,Finance
ABCL,NASDAQ,AbCellera Biologics Inc. Common Shares,Health Care
ABEO,NASDAQ,Abeona Therapeutics Inc. Common Stock,Health Care
ABEV,NASDAQ,Ambev S.A. American Depositary Shares (Each representing 1 Common Share),Consumer Staples
ABG,NASDAQ,Asbury Automotive Group Inc Common Stock,Consumer Discretionary
ABLV,NASDAQ,Able View Global Inc. Class B Ordinary Shares,Consumer Discretionary
ABLVW,NASDAQ,Able View Global Inc. Warrant,Consumer Discretionary
ABM,NASDAQ,ABM Industries Incorporated Common Stock,Consumer Discretionary
ABNB,NASDAQ,Airbnb Inc. Class A Common Stock,Consumer Discretionary
ABOS,NASDAQ,Acumen Pharmaceuticals Inc. Common Stock,Health Care
ABR,NASDAQ,Arbor Realty Trust Common Stock,Real Estate
ABR$D,NYSE,,Unknown
ABR$E,NYSE,,Unknown
ABR$F,NYSE,,Unknown
ABR^D,NASDAQ,Arbor Realty Trust 6.375% Series D Cumulative Redeemable Preferred Stock Liquidation Preference $25.00 per Share,Unknown
ABR^E,NASDAQ,Arbor Realty Trust 6.25% Series E Cumulative Redeemable Preferred Stock,Unknown
ABR^F,NASDAQ,Arbor Realty Trust 6.25% Series F Fixed-to-Floating Rate Cumulative Redeemable Preferred Stock Liquidation Preference $25.00 per share,Unknown
ABSI,NASDAQ,Absci Corporation Common Stock,Health Care
ABT,NASDAQ,Abbott Laboratories Common Stock,Health Care
ABTC,NASDAQ,American Bitcoin Corp. Class A Common Stock,Technology
ABTS,NASDAQ,Abits Group Inc Ordinary Shares,Technology
ABUS,NASDAQ,Arbutus Biopharma Corporation Common Stock,Health Care
ABVC,NASDAQ,ABVC BioPharma Inc. Common Stock,Health Care
ABVE,NASDAQ,Above Food Ingredients Inc. Common Stock,Consumer Staples
ABVEW,NASDAQ,Above Food Ingredients Inc. Warrants,Consumer Staples
ABVX,NASDAQ,Abivax SA American Depositary Shares,Health Care
ABX,NASDAQ,Abacus Global Management Inc. Class A Common Stock,Finance
ABXL,NASDAQ,Abacus Global Management Inc. 9.875% Fixed Rate Senior Notes due 2028,Unknown
ACA,NASDAQ,Arcosa Inc. Common Stock,Industrials
ACAAU,NASDAQ,Averin Capital Acquisition Corp. Units,Finance
ACAD,NASDAQ,ACADIA Pharmaceuticals Inc. Common Stock,Health Care
ACB,NASDAQ,Aurora Cannabis Inc. Common Shares,Health Care
ACCL,NASDAQ,Acco Group Holdings Limited Class A Ordinary Shares,Consumer Discretionary
ACCO,NASDAQ,Acco Brands Corporation Common Stock,Consumer Discretionary
ACCS,NASDAQ,ACCESS Newswire Inc. Common Stock,Consumer Discretionary
ACDC,NASDAQ,ProFrac Holding Corp. Class A Common Stock,Energy
ACEL,NASDAQ,Accel Entertainment Inc.,Consumer Discretionary
ACET,NASDAQ,Adicet Bio Inc. Common Stock,Health Care
ACFN,NASDAQ,Acorn Energy Inc. Common Stock,Consumer Discretionary
ACGL,NASDAQ,Arch Capital Group Ltd. Common Stock,Finance
ACGLN,NASDAQ,Arch Capital Group Ltd. Depositary Shares each Representing a 1/1000th Interest in a 4.550% Non-Cumulative Preferred Share Series G,Finance
ACGLO,NASDAQ,Arch Capital Group Ltd. Depositary Shares Each Representing 1/1000th Interest in a Share of 5.45% Non-Cumulative Preferred Shares Series F,Finance
ACH,NASDAQ,Accendra Health Inc. Common Stock,Health Care
ACHC,NASDAQ,Acadia Healthcare Company Inc. Common Stock,Health Care
ACHR,NASDAQ,Archer Aviation Inc. Class A Common Stock,Industrials
ACHV,NASDAQ,Achieve Life Sciences Inc. Common Shares,Health Care
ACI,NASDAQ,Albertsons Companies Inc. Class A Common Stock,Consumer Staples
ACIC,NASDAQ,American Coastal Insurance Corporation Common Stock,Finance
ACIU,NASDAQ,AC Immune SA Common Stock,Health Care
ACIW,NASDAQ,ACI Worldwide Inc. Common Stock,Technology
ACLO,NYSE,,Unknown
ACLS,NASDAQ,Axcelis Technologies Inc. Common Stock,Technology
ACLX,NASDAQ,Arcellx Inc. Common Stock,Health Care
ACM,NASDAQ,AECOM Common Stock,Consumer Discretionary
ACMR,NASDAQ,ACM Research Inc. Class A Common Stock,Technology
ACN,NASDAQ,Accenture plc Class A Ordinary Shares (Ireland),Real Estate
ACNB,NASDAQ,ACNB Corporation Common Stock,Finance
ACNT,NASDAQ,Ascent Industries Co. Common Stock,Industrials
ACOG,NASDAQ,Alpha Cognition Inc. Common Stock,Unknown
ACON,NASDAQ,Aclarion Inc. Common Stock,Health Care
ACONW,NASDAQ,Aclarion Inc. Warrant,Health Care
ACP,NASDAQ,abrdn Income Credit Strategies Fund Common Shares,Finance
ACP$A,NYSE,,Unknown
ACP^A,NASDAQ,abrdn Income Credit Strategies Fund 5.250% Series A Perpetual Preferred Stock,Unknown
ACR,NASDAQ,ACRES Commercial Realty Corp. Common Stock,Real Estate
ACR$C,NYSE,,Unknown
ACR$D,NYSE,,Unknown
ACRE,NASDAQ,Ares Commercial Real Estate Corporation Common Stock,Real Estate
ACRS,NASDAQ,Aclaris Therapeutics Inc. Common Stock,Health Care
ACRV,NASDAQ,Acrivon Therapeutics Inc. Common Stock,Health Care
ACR^C,NASDAQ,ACRES Commercial Realty Corp. 8.625% Fixed-to-Floating Series C Cumulative Redeemable Preferred Stock,Unknown
ACR^D,NASDAQ,ACRES Commercial Realty Corp. 7.875% Series D Cumulative Redeemable Preferred Stock,Unknown
ACT,NASDAQ,Enact Holdings Inc. Common Stock,Finance
ACTG,NASDAQ,Acacia Research Corporation (Acacia Tech) Common Stock,Miscellaneous
ACTU,NASDAQ,Actuate Therapeutics Inc. Common stock,Health Care
ACU,NASDAQ,Acme United Corporation. Common Stock,Consumer Discretionary
ACV,NASDAQ,Virtus Diversified Income & Convertible Fund Common Shares of Beneficial Interest,Finance
ACVA,NASDAQ,ACV Auctions Inc. Class A Common Stock,Real Estate
ACXP,NASDAQ,Acurx Pharmaceuticals Inc. Common Stock,Health Care
AD,NASDAQ,Array Digital Infrastructure Inc. Common Shares,Telecommunications
ADAC,NASDAQ,American Drive Acquisition Company Class A Ordinary Shares,Unknown
ADACU,NASDAQ,American Drive Acquisition Company Units,Finance
ADACW,NASDAQ,American Drive Acquisition Company Warrant,Unknown
ADAG,NASDAQ,Adagene Inc. American Depositary Shares,Health Care
ADAM,NASDAQ,Adamas Trust Inc. Common Stock,Technology
ADAMG,NASDAQ,Adamas Trust Inc. 9.125% Senior Notes Due 2030,Real Estate
ADAMH,NASDAQ,Adamas Trust Inc. 9.875% Senior Notes Due 2030,Real Estate
ADAMI,NASDAQ,Adamas Trust Inc. 9.125% Senior Notes Due 2029,Real Estate
ADAML,NASDAQ,Adamas Trust Inc. 6.875% Series F Fixed-to-Floating Rate Cumulative Redeemable Preferred Stock $0.01 par value per share,Real Estate
ADAMM,NASDAQ,Adamas Trust Inc. 7.875% Series E Fixed-to-Floating Rate Cumulative Redeemable Preferred Stock,Real Estate
ADAMN,NASDAQ,Adamas Trust Inc. 8.00% Series D Fixed-to-Floating Rate Cumulative Redeemable Preferred Stock,Real Estate
ADAMO,NASDAQ,Adamas Trust Inc. 9.250% Senior Notes Due 2031,Real Estate
ADAMZ,NASDAQ,Adamas Trust Inc. 7.000% Series G Cumulative Redeemable Preferred Stock $0.01 par value per share,Real Estate
ADBE,NASDAQ,Adobe Inc. Common Stock,Technology
ADC,NASDAQ,Agree Realty Corporation Common Stock,Real Estate
ADC$A,NYSE,,Unknown
ADCT,NASDAQ,ADC Therapeutics SA Common Shares,Health Care
ADC^A,NASDAQ,Agree Realty Corporation Depositary Shares each representing 1/1000th of a 4.250% Series A Cumulative Redeemable Preferred Stock,Unknown
ADEA,NASDAQ,Adeia Inc. Common Stock,Technology
ADGM,NASDAQ,Adagio Medical Holdings Inc Common Stock,Health Care
ADI,NASDAQ,Analog Devices Inc. Common Stock,Technology
ADIL,NASDAQ,Adial Pharmaceuticals Inc Common Stock,Health Care
ADM,NASDAQ,Archer-Daniels-Midland Company Common Stock,Consumer Staples
ADMA,NASDAQ,ADMA Biologics Inc Common Stock,Health Care
ADNT,NASDAQ,Adient plc Ordinary Shares,Consumer Discretionary
ADP,NASDAQ,Automatic Data Processing Inc. Common Stock,Industrials
ADPT,NASDAQ,Adaptive Biotechnologies Corporation Common Stock,Health Care
ADSE,NASDAQ,ADS-TEC ENERGY PLC Ordinary Shares,Consumer Discretionary
ADSEW,NASDAQ,ADS-TEC ENERGY PLC Warrant,Consumer Discretionary
ADSK,NASDAQ,Autodesk Inc. Common Stock,Technology
ADT,NASDAQ,ADT Inc. Common Stock,Consumer Discretionary
ADTN,NASDAQ,ADTRAN Holdings Inc. Common Stock,Utilities
ADTX,NASDAQ,Aditxt Inc. Common Stock,Health Care
ADUR,NASDAQ,Aduro Clean Technologies Inc. Common Stock,Industrials
ADUS,NASDAQ,Addus HomeCare Corporation Common Stock,Health Care
ADV,NASDAQ,Advantage Solutions Inc. Class A Common Stock,Real Estate
ADVB,NASDAQ,Advanced Biomed Inc. Common Stock,Health Care
ADX,NASDAQ,Adams Diversified Equity Fund Inc.,Finance
ADXN,NASDAQ,Addex Therapeutics Ltd American Depositary Shares,Health Care
AEAQ,NASDAQ,Activate Energy Acquisition Corp. Class A Ordinary Share,Unknown
AEAQU,NASDAQ,Activate Energy Acquisition Corp. Unit,Unknown
AEAQW,NASDAQ,Activate Energy Acquisition Corp. Warrant,Unknown
AEBI,NASDAQ,Aebi Schmidt Holding AG Common Stock,Industrials
AEC,NASDAQ,Anfield Energy Inc. Common Shares,Basic Materials
AEE,NASDAQ,Ameren Corporation Common Stock,Utilities
AEF,NASDAQ,abrdn Emerging Markets ex-China Fund Inc. Common Stock,Finance
AEFC,NASDAQ,Aegon Funding Company LLC 5.10% Subordinated Notes due 2049,Unknown
AEG,NASDAQ,Aegon Ltd. New York Registry Shares,Finance
AEHL,NASDAQ,Antelope Enterprise Holdings Limited Class A Ordinary Shares,Industrials
AEHR,NASDAQ,Aehr Test Systems Common Stock,Industrials
AEI,NASDAQ,Alset Inc. Common Stock (TX),Finance
AEIS,NASDAQ,Advanced Energy Industries Inc. Common Stock,Technology
AEM,NASDAQ,Agnico Eagle Mines Limited Common Stock,Basic Materials
AEMD,NASDAQ,Aethlon Medical Inc. Common Stock,Health Care
AENT,NASDAQ,Alliance Entertainment Holding Corporation Class A Common Stock,Consumer Discretionary
AENTW,NASDAQ,Alliance Entertainment Holding Corporation Warrant,Consumer Discretionary
AEO,NASDAQ,American Eagle Outfitters Inc. Common Stock,Consumer Discretionary
AEON,NASDAQ,AEON Biopharma Inc. Class A Common Stock,Health Care
AEP,NASDAQ,American Electric Power Company Inc. Common Stock,Utilities
AER,NASDAQ,AerCap Holdings N.V. Ordinary Shares,Consumer Discretionary
AERO,NASDAQ,Grupo Aeromexico S.A.B. de C.V. American Depositary Shares (each representing ten (10) Common Shares),Consumer Discretionary
AERT,NASDAQ,Aeries Technology Inc. Class A Ordinary Share,Consumer Discretionary
AERTW,NASDAQ,Aeries Technology Inc. Warrant,Consumer Discretionary
AES,NASDAQ,The AES Corporation Common Stock,Utilities
AESI,NASDAQ,Atlas Energy Solutions Inc. Common Stock,Industrials
AEVA,NASDAQ,Aeva Technologies Inc. Common Stock,Consumer Discretionary
AEXA,NASDAQ,American Exceptionalism Acquisition Corp. A Class A Ordinary Shares,Unknown
AEYE,NASDAQ,AudioEye Inc. Common Stock,Technology
AFB,NASDAQ,AllianceBernstein National Municipal Income Fund Inc,Finance
AFBI,NASDAQ,Affinity Bancshares Inc. Common Stock (MD),Finance
AFCG,NASDAQ,Advanced Flower Capital Inc. Common Stock,Finance
AFG,NASDAQ,American Financial Group Inc. Common Stock,Finance
AFGB,NASDAQ,American Financial Group Inc. 5.875% Subordinated Debentures due 2059,Finance
AFGC,NASDAQ,American Financial Group Inc. 5.125% Subordinated Debentures due 2059,Finance
AFGD,NASDAQ,American Financial Group Inc. 5.625% Subordinated Debentures due 2060,Finance
AFGE,NASDAQ,American Financial Group Inc. 4.500% Subordinated Debentures due 2060,Finance
AFJK,NASDAQ,Aimei Health Technology Co. Ltd Ordinary Share,Unknown
AFJKR,NASDAQ,Aimei Health Technology Co. Ltd Right,Unknown
AFJKU,NASDAQ,Aimei Health Technology Co. Ltd Unit,Unknown
AFL,NASDAQ,AFLAC Incorporated Common Stock,Finance
AFRI,NASDAQ,Forafric Global PLC Ordinary Shares,Consumer Staples
AFRIW,NASDAQ,Forafric Global PLC Warrants,Consumer Staples
AFRM,NASDAQ,Affirm Holdings Inc. Class A Common Stock,Finance
AFYA,NASDAQ,Afya Limited Class A Common Shares,Real Estate
AG,NASDAQ,First Majestic Silver Corp. Ordinary Shares (Canada),Basic Materials
AGAE,NASDAQ,Allied Gaming & Entertainment Inc. Common Stock,Consumer Discretionary
AGBK,NASDAQ,AGI Inc Class A Common Shares,Finance
AGCC,NASDAQ,Agencia Comercial Spirits Ltd Class A Ordinary Shares,Consumer Staples
AGCO,NASDAQ,AGCO Corporation Common Stock,Industrials
AGD,NASDAQ,abrdn Global Dynamic Dividend Fund Common Shares of Beneficial Interest,Finance
AGEN,NASDAQ,Agenus Inc. Common Stock,Health Care
AGH,NASDAQ,Aureus Greenway Holdings Inc. Common Stock,Consumer Discretionary
AGI,NASDAQ,Alamos Gold Inc. Class A Common Shares,Basic Materials
AGIG,NASDAQ,Abundia Global Impact Group Inc. Common stock,Energy
AGIO,NASDAQ,Agios Pharmaceuticals Inc. Common Stock,Health Care
AGL,NASDAQ,agilon health inc. Common Stock,Health Care
AGM,NASDAQ,Federal Agricultural Mortgage Corporation Common Stock,Finance
AGM$D,NYSE,,Unknown
AGM$E,NYSE,,Unknown
AGM$F,NYSE,,Unknown
AGM$G,NYSE,,Unknown
AGM$H,NYSE,,Unknown
AGMB,NASDAQ,AgomAb Therapeutics NV American Depositary Shares,Health Care
AGMH,NASDAQ,AGM Group Holdings Inc. Class A Ordinary Shares,Technology
AGM^D,NASDAQ,Federal Agricultural Mortgage Corporation 5.700% Non-Cumulative Preferred Stock Series D,Unknown
AGM^E,NASDAQ,Federal Agricultural Mortgage Corporation 5.750% Non-Cumulative Preferred Stock Series E,Unknown
AGM^F,NASDAQ,Federal Agricultural Mortgage Corporation 5.250% Non-Cumulative Preferred Stock Series F,Unknown
AGM^G,NASDAQ,Federal Agricultural Mortgage Corporation 4.875% Non-Cumulative Preferred Stock Series G,Unknown
AGM^H,NASDAQ,Federal Agricultural Mortgage Corporation 6.500% Non-Cumulative Preferred Stock Series H,Unknown
AGNC,NASDAQ,AGNC Investment Corp. Common Stock,Real Estate
AGNCL,NASDAQ,AGNC Investment Corp. Depositary Shares Each Representing a 1/1000th Interest in a Share of 7.75% Series G Fixed-Rate Reset Cumulative Redeemable Preferred Stock,Real Estate
AGNCM,NASDAQ,AGNC Investment Corp. Depositary Shares rep 6.875% Series D Fixed-to-Floating Cumulative Redeemable Preferred Stock,Real Estate
AGNCN,NASDAQ,AGNC Investment Corp. Depositary Shares Each Representing a 1/1000th Interest in a Share of 7.00% Series C Fixed-To-Floating Rate Cumulative Redeemable Preferred Stock,Real Estate
AGNCO,NASDAQ,AGNC Investment Corp. Depositary Shares each representing a 1/1000th interest in a share of 6.50% Series E Fixed-to-Floating Cumulative Redeemable Preferred Stock,Real Estate
AGNCP,NASDAQ,AGNC Investment Corp. Depositary Shares Each Representing a 1/1000th Interest in a Share of 6.125% Series F Fixed-to-Floating Rate Cumulative Redeemable Preferred Stock,Real Estate
AGNCZ,NASDAQ,AGNC Investment Corp. Depositary Shares Each Representing a 1/1000th Interest in a Share of 8.75% Series H Fixed-Rate Cumulative Redeemable Preferred Stock,Unknown
AGO,NASDAQ,Assured Guaranty Ltd. Common Stock,Finance
AGPU,NASDAQ,Axe Compute Inc. Common Stock,Health Care
AGRO,NASDAQ,Adecoagro S.A. Common Shares,Consumer Staples
AGRZ,NASDAQ,Agroz Inc. Ordinary Shares,Consumer Staples
AGX,NASDAQ,Argan Inc. Common Stock,Consumer Discretionary
AGYS,NASDAQ,Agilysys Inc. Common Stock (DE),Technology
AHCO,NASDAQ,AdaptHealth Corp. Common Stock,Health Care
AHG,NASDAQ,Akso Health Group ADS,Real Estate
AHL$D,NYSE,,Unknown
AHL$E,NYSE,,Unknown
AHL$F,NYSE,,Unknown
AHL^D,NASDAQ,Aspen Insurance Holdings Limited 5.625% Perpetual Non-Cumulative Preference Shares,Unknown
AHL^E,NASDAQ,Aspen Insurance Holdings Limited Depositary Shares each representing a 1/1000th interest in a share of 5.625% Perpetual Non-Cumulative Preference Shares,Unknown
AHL^F,NASDAQ,Aspen Insurance Holdings Limited Depositary Shares each representing a 1/1000th Interest in a 7.00% Perpetual Non-Cumulative Preference Share,Unknown
AHMA,NASDAQ,Ambitions Enterprise Management Co. L.L.C Class A Ordinary Shares,Consumer Discretionary
AHR,NASDAQ,American Healthcare REIT Inc. Common Stock,Real Estate
AHRT,NASDAQ,AH Realty Trust Inc. Common Stock,Finance
AHRT$A,NYSE,,Unknown
AHRT^A,NASDAQ,AH Realty Trust Inc. 6.75% Series A Cumulative Redeemable Perpetual Preferred Stock,Unknown
AHT,NASDAQ,Ashford Hospitality Trust Inc Common Stock,Real Estate
AHT$D,NYSE,,Unknown
AHT$F,NYSE,,Unknown
AHT$G,NYSE,,Unknown
AHT$H,NYSE,,Unknown
AHT$I,NYSE,,Unknown
AHT^D,NASDAQ,Ashford Hospitality Trust Inc 8.45% Series D Cumulative Preferred Stock,Unknown
AHT^F,NASDAQ,Ashford Hospitality Trust Inc 7.375% Series F Cumulative Preferred Stock,Unknown
AHT^G,NASDAQ,Ashford Hospitality Trust Inc 7.375% Series G Cumulative Preferred Stock,Unknown
AHT^H,NASDAQ,Ashford Hospitality Trust Inc 7.50% Series H Cumulative Preferred Stock,Unknown
AHT^I,NASDAQ,Ashford Hospitality Trust Inc 7.50% Series I Cumulative Preferred Stock,Unknown
AI,NASDAQ,C3.ai Inc. Class A Common Stock,Technology
AIDX,NASDAQ,20/20 Biolabs Inc. Common Stock,Health Care
AIFF,NASDAQ,Firefly Neuroscience Inc. Common Stock,Technology
AIFU,NASDAQ,AIFU Inc. Class A Ordinary Share,Finance
AIG,NASDAQ,American International Group Inc. New Common Stock,Finance
AIHS,NASDAQ,Senmiao Technology Limited Common Stock,Finance
AII,NASDAQ,American Integrity Insurance Group Inc. Common Stock,Finance
AIIA,NASDAQ,AI Infrastructure Acquisition Corp. Class A Ordinary Shares,Finance
AIIO,NASDAQ,Robo.ai Inc. Class B Ordinary Shares,Industrials
AIIOW,NASDAQ,Robo.ai Inc. Warrant,Industrials
AIM,NASDAQ,AIM ImmunoTech Inc. Common Stock,Health Care
AIMD,NASDAQ,Ainos Inc. Common Stock,Health Care
AIMDW,NASDAQ,Ainos Inc. Warrants,Health Care
AIN,NASDAQ,Albany International Corporation Common Stock,Consumer Discretionary
AIO,NASDAQ,Virtus Artificial Intelligence & Technology Opportunities Fund Common Shares of Beneficial Interest,Finance
AIOS,NASDAQ,AIOS Tech Inc. Class A Common Shares,Industrials
AIOT,NASDAQ,PowerFleet Inc. Common Stock,Telecommunications
AIP,NASDAQ,Arteris Inc. Common Stock,Technology
AIR,NASDAQ,AAR Corp. Common Stock,Industrials
AIRE,NASDAQ,reAlpha Tech Corp. Common Stock,Finance
AIRG,NASDAQ,Airgain Inc. Common Stock,Technology
AIRI,NASDAQ,Air Industries Group Common Stock,Industrials
AIRJ,NASDAQ,AirJoule Technologies Corporation Class A Common Stock,Industrials
AIRJW,NASDAQ,AirJoule Technologies Corporation Warrant,Industrials
AIRO,NASDAQ,AIRO Group Holdings Inc. Common Stock,Industrials
AIRS,NASDAQ,AirSculpt Technologies Inc. Common Stock,Health Care
AIRT,NASDAQ,Air T Inc. Common Stock,Consumer Discretionary
AIRTP,NASDAQ,Air T Inc. Air T Funding Alpha Income Trust Preferred Securities,Consumer Discretionary
AISP,NASDAQ,Airship AI Holdings Inc. Class A Common Stock,Technology
AISPW,NASDAQ,Airship AI Holdings Inc. Warrants,Technology
AIT,NASDAQ,Applied Industrial Technologies Inc. Common Stock,Consumer Discretionary
AIV,NASDAQ,Apartment Investment and Management Company Common Stock,Real Estate
AIXC,NASDAQ,AIxCrypto Holdings Inc. Common Stock,Health Care
AIXI,NASDAQ,XIAO-I Corporation American Depositary Shares,Technology
AIZ,NASDAQ,Assurant Inc. Common Stock,Finance
AIZN,NASDAQ,Assurant Inc. 5.25% Subordinated Notes due 2061,Finance
AJG,NASDAQ,Arthur J. Gallagher & Co. Common Stock,Finance
AKA,NASDAQ,a.k.a. Brands Holding Corp. Common Stock,Consumer Discretionary
AKAF,NYSE,,Unknown
AKAM,NASDAQ,Akamai Technologies Inc. Common Stock,Real Estate
AKAN,NASDAQ,Akanda Corp. Common Shares,Health Care
AKBA,NASDAQ,Akebia Therapeutics Inc. Common Stock,Health Care
AKO/A,NASDAQ,Embotelladora Andina S.A.,Unknown
AKO/B,NASDAQ,Embotelladora Andina S.A.,Unknown
AKR,NASDAQ,Acadia Realty Trust Common Stock,Real Estate
AKTS,NASDAQ,Aktis Oncology Inc. Common stock,Health Care
AKTX,NASDAQ,Akari Therapeutics plc ADS,Health Care
AL,NASDAQ,Air Lease Corporation Class A Common Stock,Consumer Discretionary
ALAB,NASDAQ,Astera Labs Inc. Common Stock,Technology
ALAR,NASDAQ,Alarum Technologies Ltd. American Depositary Share,Technology
ALB,NASDAQ,Albemarle Corporation Common Stock,Industrials
ALB$A,NYSE,,Unknown
ALBT,NASDAQ,Avalon GloboCare Corp. Common Stock,Health Care
ALB^A,NASDAQ,Albemarle Corporation Depositary Shares each representing a 1/20th of 7.25% Series A Mandatory Convertible Preferred Stock,Unknown
ALC,NASDAQ,Alcon Inc. Ordinary Shares,Health Care
ALCO,NASDAQ,Alico Inc. Common Stock,Unknown
ALCY,NASDAQ,Alchemy Investments Acquisition Corp 1 Class A Ordinary Shares,Finance
ALCYW,NASDAQ,Alchemy Investments Acquisition Corp 1 Warrants,Finance
ALDF,NASDAQ,Aldel Financial II Inc. Class A Ordinary Shares,Unknown
ALDFU,NASDAQ,Aldel Financial II Inc. Units,Finance
ALDFW,NASDAQ,Aldel Financial II Inc. Warrants,Finance
ALDX,NASDAQ,Aldeyra Therapeutics Inc. Common Stock,Health Care
ALEC,NASDAQ,Alector Inc. Common Stock,Health Care
ALEX,NASDAQ,Alexander & Baldwin Inc. Common Stock REIT Holding Company,Real Estate
ALF,NASDAQ,Centurion Acquisition Corp. Class A Ordinary Shares,Unknown
ALG,NASDAQ,Alamo Group Inc. Common Stock,Industrials
ALGM,NASDAQ,Allegro MicroSystems Inc. Common Stock,Technology
ALGN,NASDAQ,Align Technology Inc. Common Stock,Health Care
ALGS,NASDAQ,Aligos Therapeutics Inc. Common Stock,Health Care
ALGT,NASDAQ,Allegiant Travel Company Common Stock,Consumer Discretionary
ALH,NASDAQ,Alliance Laundry Holdings Inc. Common Stock,Industrials
ALHC,NASDAQ,Alignment Healthcare Inc. Common Stock,Health Care
ALIS,NASDAQ,Calisa Acquisition Corp Ordinary shares,Unknown
ALISR,NASDAQ,Calisa Acquisition Corp Right,Finance
ALISU,NASDAQ,Calisa Acquisition Corp Units,Unknown
ALIT,NASDAQ,Alight Inc. Class A Common Stock,Real Estate
ALK,NASDAQ,Alaska Air Group Inc. Common Stock,Consumer Discretionary
ALKS,NASDAQ,Alkermes plc Ordinary Shares,Health Care
ALKT,NASDAQ,Alkami Technology Inc. Common Stock,Technology
ALL,NASDAQ,Allstate Corporation (The) Common Stock,Finance
ALL$B,NYSE,,Unknown
ALL$H,NYSE,,Unknown
ALL$I,NYSE,,Unknown
ALL$J,NYSE,,Unknown
ALLE,NASDAQ,Allegion plc Ordinary Shares,Consumer Discretionary
ALLO,NASDAQ,Allogene Therapeutics Inc. Common Stock,Health Care
ALLR,NASDAQ,Allarity Therapeutics Inc. Common Stock,Health Care
ALLT,NASDAQ,Allot Ltd. Ordinary Shares,Telecommunications
ALLY,NASDAQ,Ally Financial Inc. Common Stock,Finance
ALL^B,NASDAQ,Allstate Corporation (The) 5.100% Fixed-to-Floating Rate Subordinated Debentures due 2053,Unknown
ALL^H,NASDAQ,Allstate Corporation (The) Depositary Shares each representing a 1/1000th interest in a share of Fixed Rate Noncumulative Perpetual Preferred Stock Series H,Unknown
ALL^I,NASDAQ,Allstate Corporation (The) Depositary Shares each representing a 1/1000th interest in a share of Fixed Rate Noncumulative Perpetual Preferred Stock Series I,Unknown
ALL^J,NASDAQ,Allstate Corporation (The) Depositary Shares each representing a 1/1000th interest in a share of Fixed Rate Noncumulative Perpetual Preferred Stock Series J,Unknown
ALM,NASDAQ,Almonty Industries Inc. Common Shares,Basic Materials
ALMS,NASDAQ,Alumis Inc. Common Stock,Health Care
ALMU,NASDAQ,Aeluma Inc. Common Stock,Technology
ALNT,NASDAQ,Allient Inc. Common Stock,Industrials
ALNY,NASDAQ,Alnylam Pharmaceuticals Inc. Common Stock,Health Care
ALOT,NASDAQ,AstroNova Inc. Common Stock,Technology
ALOVU,NASDAQ,Aldabra 4 Liquidity Opportunity Vehicle Inc. Units,Finance
ALOY,NASDAQ,REalloys Inc. Common Stock,Unknown
ALPS,NASDAQ,ALPS Group Inc Ordinary Share,Unknown
ALRM,NASDAQ,Alarm.com Holdings Inc. Common Stock,Technology
ALRS,NASDAQ,Alerus Financial Corporation Common Stock,Finance
ALSN,NASDAQ,Allison Transmission Holdings Inc. Common Stock,Consumer Discretionary
ALT,NASDAQ,Altimmune Inc. Common Stock,Health Care
ALTG,NASDAQ,Alta Equipment Group Inc. Class A Common Stock,Industrials
ALTG$A,NYSE,,Unknown
ALTG^A,NASDAQ,Alta Equipment Group Inc. Depositary Shares (each representing 1/1000th in a share of 10% Series A Cumulative Perpetual Preferred Stock),Unknown
ALTI,NASDAQ,AlTi Global Inc. Class A Common Stock,Finance
ALTO,NASDAQ,Alto Ingredients Inc. Common Stock,Industrials
ALTS,NASDAQ,ALT5 Sigma Corporation Common Stock,Finance
ALUB,NASDAQ,Alussa Energy Acquisition Corp. II Class A Ordinary Shares,Unknown
ALV,NASDAQ,Autoliv Inc. Common Stock,Consumer Discretionary
ALVO,NASDAQ,Alvotech Ordinary Shares,Health Care
ALVOW,NASDAQ,Alvotech Warrant,Health Care
ALX,NASDAQ,Alexander's Inc. Common Stock,Real Estate
ALXO,NASDAQ,ALX Oncology Holdings Inc. Common Stock,Health Care
ALZN,NASDAQ,Alzamend Neuro Inc. Common Stock,Health Care
AM,NASDAQ,Antero Midstream Corporation Common Stock,Utilities
AMAL,NASDAQ,Amalgamated Financial Corp. Common Stock (DE),Finance
AMAT,NASDAQ,Applied Materials Inc. Common Stock,Technology
AMBA,NASDAQ,Ambarella Inc. Ordinary Shares,Technology
AMBO,NASDAQ,Ambow Education Holding Ltd. American Depository Shares (each representing twenty (20) Class A Ordinary Shares),Real Estate
AMBP,NASDAQ,Ardagh Metal Packaging S.A. Ordinary Shares,Industrials
AMBQ,NASDAQ,Ambiq Micro Inc. Common Stock,Technology
AMBR,NASDAQ,Amber International Holding Limited American Depositary Shares,Finance
AMC,NASDAQ,AMC Entertainment Holdings Inc. Class A Common Stock,Consumer Discretionary
AMCI,NASDAQ,AMC Robotics Corporation Common Stock,Consumer Discretionary
AMCR,NASDAQ,Amcor plc Ordinary Shares,Consumer Discretionary
AMCX,NASDAQ,AMC Networks Inc. Class A Common Stock,Telecommunications
AMD,NASDAQ,Advanced Micro Devices Inc. Common Stock,Technology
AME,NASDAQ,AMETEK Inc.,Industrials
AMG,NASDAQ,Affiliated Managers Group Inc. Common Stock,Finance
AMGN,NASDAQ,Amgen Inc. Common Stock,Health Care
AMH,NASDAQ,American Homes 4 Rent Common Shares of Beneficial Interest,Real Estate
AMH$G,NYSE,,Unknown
AMH$H,NYSE,,Unknown
AMH^G,NASDAQ,American Homes 4 Rent Series G cumulative redeemable perpetual preferred shares of beneficial interest,Unknown
AMH^H,NASDAQ,American Homes 4 Rent Series H cumulative redeemable perpetual Preferred Shares of Beneficial Interest,Unknown
AMIX,NASDAQ,Autonomix Medical Inc. Common Stock,Health Care
AMKR,NASDAQ,Amkor Technology Inc. Common Stock,Technology
AMLX,NASDAQ,Amylyx Pharmaceuticals Inc. Common Stock,Health Care
AMN,NASDAQ,AMN Healthcare Services Inc,Consumer Discretionary
AMOD,NASDAQ,Alpha Modus Holdings Inc. Class A Common Stock,Miscellaneous
AMODW,NASDAQ,Alpha Modus Holdings Inc. Warrant,Miscellaneous
AMP,NASDAQ,Ameriprise Financial Inc. Common Stock,Finance
AMPG,NASDAQ,Amplitech Group Inc. Common Stock,Telecommunications
AMPGR,NASDAQ,Amplitech Group Inc. Series A Right,Telecommunications
AMPGZ,NASDAQ,Amplitech Group Inc. Series B Right,Telecommunications
AMPH,NASDAQ,Amphastar Pharmaceuticals Inc. Common Stock,Health Care
AMPL,NASDAQ,Amplitude Inc. Class A Common Stock,Technology
AMPX,NASDAQ,Amprius Technologies Inc. Common Stock,Miscellaneous
AMPY,NASDAQ,Amplify Energy Corp. Common Stock,Energy
AMR,NASDAQ,Alpha Metallurgical Resources Inc. Common Stock,Energy
AMRC,NASDAQ,Ameresco Inc. Class A Common Stock,Consumer Discretionary
AMRN,NASDAQ,Amarin Corporation plc,Health Care
AMRX,NASDAQ,Amneal Pharmaceuticals Inc. Class A Common Stock,Health Care
AMRZ,NASDAQ,Amrize Ltd Ordinary Shares,Industrials
AMS,NASDAQ,American Shared Hospital Services Common Stock,Health Care
AMSC,NASDAQ,American Superconductor Corporation Common Stock,Consumer Discretionary
AMSF,NASDAQ,AMERISAFE Inc. Common Stock,Finance
AMST,NASDAQ,Amesite Inc. Common Stock,Technology
AMT,NASDAQ,American Tower Corporation (REIT) Common Stock,Real Estate
AMTB,NASDAQ,Amerant Bancorp Inc. Class A Common Stock,Finance
AMTD,NASDAQ,AMTD IDEA Group American Depositary Shares each representing six (6) Class A Ordinary Shares,Finance
AMTM,NASDAQ,Amentum Holdings Inc. Common Stock,Real Estate
AMTX,NASDAQ,Aemetis Inc. (DE) Common Stock,Industrials
AMWD,NASDAQ,American Woodmark Corporation Common Stock,Basic Materials
AMWL,NASDAQ,American Well Corporation Class A Common Stock,Real Estate
AMX,NASDAQ,America Movil S.A.B. de C.V. American Depositary Shares (each representing the right to receive twenty (20) Series B Shares,Telecommunications
AMZE,NASDAQ,Amaze Holdings Inc. Common Stock,Consumer Staples
AMZN,NASDAQ,Amazon.com Inc. Common Stock,Consumer Discretionary
AN,NASDAQ,AutoNation Inc. Common Stock,Consumer Discretionary
ANAB,NASDAQ,AnaptysBio Inc. Common Stock,Health Care
ANDE,NASDAQ,Andersons Inc. (The) Common Stock,Industrials
ANDG,NASDAQ,Andersen Group Inc. Class A Common Stock,Real Estate
ANET,NASDAQ,Arista Networks Inc. Common Stock,Telecommunications
ANF,NASDAQ,Abercrombie & Fitch Company Common Stock,Consumer Discretionary
ANG$D,NYSE,,Unknown
ANGH,NASDAQ,Anghami Inc. Ordinary Shares,Consumer Discretionary
ANGHW,NASDAQ,Anghami Inc. Warrants,Consumer Discretionary
ANGI,NASDAQ,Angi Inc. Class A Common Stock,Consumer Discretionary
ANGO,NASDAQ,AngioDynamics Inc. Common Stock,Health Care
ANGX,NASDAQ,Angel Studios Inc. Class A Common Stock,Consumer Discretionary
ANG^D,NASDAQ,American National Group Inc. Depositary Shares each representing a 1/1000th interest in a share of 7.375% Fixed-Rate Non-Cumulative Preferred Stock Series D,Unknown
ANIK,NASDAQ,Anika Therapeutics Inc. Common Stock,Health Care
ANIP,NASDAQ,ANI Pharmaceuticals Inc.,Health Care
ANIX,NASDAQ,Anixa Biosciences Inc. Common Stock,Health Care
ANL,NASDAQ,Adlai Nortye Ltd. American Depositary Shares,Health Care
ANNA,NASDAQ,AleAnna Inc. Class A Common Stock,Energy
ANNAW,NASDAQ,AleAnna Inc. Warrant,Energy
ANNX,NASDAQ,Annexon Inc. Common Stock,Health Care
ANPA,NASDAQ,Rich Sparkle Holdings Limited Ordinary Shares,Consumer Discretionary
ANRO,NASDAQ,Alto Neuroscience Inc. Common Stock,Health Care
ANSC,NASDAQ,Agriculture & Natural Solutions Acquisition Corporation Class A Ordinary Shares,Unknown
ANSCU,NASDAQ,Agriculture & Natural Solutions Acquisition Corporation Unit,Unknown
ANSCW,NASDAQ,Agriculture & Natural Solutions Acquisition Corporation Warrant,Unknown
ANTA,NASDAQ,Antalpha Platform Holding Company Class A Ordinary Shares,Finance
ANTX,NASDAQ,AN2 Therapeutics Inc. Common Stock,Health Care
ANVS,NASDAQ,Annovis Bio Inc. Common Stock,Health Care
ANY,NASDAQ,Sphere 3D Corp. Common Shares,Finance
AOD,NASDAQ,abrdn Total Dynamic Dividend Fund Common Shares of Beneficial Interest,Finance
AOMD,NASDAQ,Angel Oak Mortgage REIT Inc. 9.750% Senior Notes due 2030,Finance
AOMN,NASDAQ,Angel Oak Mortgage REIT Inc. 9.500% Senior Notes due 2029,Finance
AOMR,NASDAQ,Angel Oak Mortgage REIT Inc. Common Stock,Finance
AON,NASDAQ,Aon plc Class A Ordinary Shares (Ireland),Finance
AORT,NASDAQ,Artivion Inc. Common Stock,Health Care
AOS,NASDAQ,A.O. Smith Corporation Common Stock,Consumer Discretionary
AOSL,NASDAQ,Alpha and Omega Semiconductor Limited Common Shares,Technology
AOUT,NASDAQ,American Outdoor Brands Inc. Common Stock,Consumer Discretionary
AP,NASDAQ,Ampco-Pittsburgh Corporation Common Stock,Industrials
APA,NASDAQ,APA Corporation Common Stock,Energy
APAC,NASDAQ,StoneBridge Acquisition II Corporation Class A Ordinary Shares,Unknown
APACR,NASDAQ,StoneBridge Acquisition II Corporation Rights,Unknown
APACU,NASDAQ,StoneBridge Acquisition II Corporation Units,Finance
APAD,NASDAQ,A Paradise Acquisition Corp. Class A Ordinary Shares,Unknown
APADR,NASDAQ,A Paradise Acquisition Corp. Rights,Unknown
APAM,NASDAQ,Artisan Partners Asset Management Inc. Class A Common Stock,Finance
APC,NASDAQ,ARKO Petroleum Corp. Class A Common Stock,Energy
APD,NASDAQ,Air Products and Chemicals Inc. Common Stock,Basic Materials
APEI,NASDAQ,American Public Education Inc. Common Stock,Real Estate
APG,NASDAQ,APi Group Corporation Common Stock,Consumer Discretionary
APGE,NASDAQ,Apogee Therapeutics Inc. Common Stock,Health Care
APH,NASDAQ,Amphenol Corporation Common Stock,Technology
API,NASDAQ,Agora Inc. American Depositary Shares,Technology
APLD,NASDAQ,Applied Digital Corporation Common Stock,Finance
APLE,NASDAQ,Apple Hospitality REIT Inc. Common Shares,Real Estate
APLM,NASDAQ,Apollomics Inc. Class A Ordinary Shares,Health Care
APLMW,NASDAQ,Apollomics Inc. Warrant,Health Care
APLS,NASDAQ,Apellis Pharmaceuticals Inc. Common Stock,Health Care
APM,NASDAQ,Aptorum Group Limited Class A Ordinary Shares,Health Care
APO,NASDAQ,Apollo Global Management Inc. (New) Common Stock,Finance
APO$A,NYSE,,Unknown
APOG,NASDAQ,Apogee Enterprises Inc. Common Stock,Consumer Discretionary
APOS,NASDAQ,Apollo Global Management Inc. 7.625% Fixed-Rate Resettable Junior Subordinated Notes due 2053,Finance
APO^A,NASDAQ,Apollo Global Management Inc. 6.75% Series A Mandatory Convertible Preferred Stock,Unknown
APP,NASDAQ,Applovin Corporation Class A Common Stock,Technology
APPF,NASDAQ,AppFolio Inc. Class A Common Stock,Technology
APPN,NASDAQ,Appian Corporation Class A Common Stock,Technology
APPS,NASDAQ,Digital Turbine Inc. Common Stock,Miscellaneous
APRE,NASDAQ,Aprea Therapeutics Inc. Common stock,Health Care
APT,NASDAQ,Alpha Pro Tech Ltd. Common Stock,Health Care
APTV,NASDAQ,Aptiv PLC Ordinary Shares,Consumer Discretionary
APUS,NASDAQ,Apimeds Pharmaceuticals US Inc. Common Stock,Health Care
APVO,NASDAQ,Aptevo Therapeutics Inc. Common Stock,Health Care
APWC,NASDAQ,Asia Pacific Wire & Cable Corporation Ltd. Ordinary Shares (Bermuda),Industrials
APXT,NASDAQ,Apex Treasury Corporation Class A Ordinary Share,Technology
APXTU,NASDAQ,Apex Treasury Corporation Units,Finance
APXTW,NASDAQ,Apex Treasury Corporation Warrants,Finance
APYX,NASDAQ,Apyx Medical Corporation Common Stock,Health Care
AQB,NASDAQ,AquaBounty Technologies Inc. Common Stock,Consumer Staples
AQMS,NASDAQ,Aqua Metals Inc. Common Stock,Industrials
AQN,NASDAQ,Algonquin Power & Utilities Corp. Common Shares,Utilities
AQNB,NASDAQ,Algonquin Power & Utilities Corp. 6.20% Fixed-to-Floating Subordinated Notes Series 2019-A due July 1 2079,Utilities
AQST,NASDAQ,Aquestive Therapeutics Inc. Common Stock,Health Care
AR,NASDAQ,Antero Resources Corporation Common Stock,Energy
ARAI,NASDAQ,Arrive AI Inc. Common Stock,Consumer Discretionary
ARAY,NASDAQ,Accuray Incorporated Common Stock,Health Care
ARBB,NASDAQ,ARB IOT Group Limited Ordinary Shares,Technology
ARBE,NASDAQ,Arbe Robotics Ltd. Ordinary Shares,Technology
ARBEW,NASDAQ,Arbe Robotics Ltd. Warrant,Technology
ARBK,NASDAQ,Argo Blockchain plc American Depositary Shares,Finance
ARCB,NASDAQ,ArcBest Corporation Common Stock,Industrials
ARCC,NASDAQ,Ares Capital Corporation Common Stock,Finance
ARCIU,NASDAQ,Archimedes Tech SPAC Partners III Co. Units,Finance
ARCO,NASDAQ,Arcos Dorados Holdings Inc. Class A Shares,Consumer Discretionary
ARCT,NASDAQ,Arcturus Therapeutics Holdings Inc. Common Stock,Health Care
ARDC,NASDAQ,Ares Dynamic Credit Allocation Fund Inc. Common Shares,Finance
ARDT,NASDAQ,Ardent Health Inc. Common Stock,Health Care
ARDX,NASDAQ,Ardelyx Inc. Common Stock,Health Care
ARE,NASDAQ,Alexandria Real Estate Equities Inc. Common Stock,Real Estate
AREB,NASDAQ,American Rebel Holdings Inc. Common Stock,Industrials
AREBW,NASDAQ,American Rebel Holdings Inc. Warrants,Industrials
AREC,NASDAQ,American Resources Corporation Class A Common Stock,Energy
AREN,NASDAQ,The Arena Group Holdings Inc. Common Stock,Technology
ARES,NASDAQ,Ares Management Corporation Class A Common Stock,Finance
ARES$B,NYSE,,Unknown
ARES^B,NASDAQ,Ares Management Corporation 6.75% Series B Mandatory Convertible Preferred Stock,Unknown
ARGX,NASDAQ,argenx SE American Depositary Shares,Health Care
ARHS,NASDAQ,Arhaus Inc. Class A Common Stock,Consumer Discretionary
ARI,NASDAQ,Apollo Commercial Real Estate Finance Inc,Real Estate
ARIS,NASDAQ,Aris Mining Corporation Common Shares,Unknown
ARKO,NASDAQ,ARKO Corp. Common Stock,Consumer Staples
ARKR,NASDAQ,Ark Restaurants Corp. Common Stock,Consumer Discretionary
ARL,NASDAQ,American Realty Investors Inc. Common Stock,Real Estate
ARLO,NASDAQ,Arlo Technologies Inc. Common Stock,Consumer Staples
ARLP,NASDAQ,Alliance Resource Partners L.P. Common Units representing Limited Partners Interests,Energy
ARM,NASDAQ,Arm Holdings plc American Depositary Shares,Technology
ARMK,NASDAQ,Aramark Common Stock,Consumer Discretionary
ARMP,NASDAQ,Armata Pharmaceuticals Inc. Common Stock,Health Care
AROC,NASDAQ,Archrock Inc. Common Stock,Utilities
AROW,NASDAQ,Arrow Financial Corporation Common Stock,Finance
ARQ,NASDAQ,Arq Inc. Common Stock,Industrials
ARQQ,NASDAQ,Arqit Quantum Inc. Ordinary Shares,Technology
ARQQW,NASDAQ,Arqit Quantum Inc. Warrants,Technology
ARQT,NASDAQ,Arcutis Biotherapeutics Inc. Common Stock,Health Care
ARR,NASDAQ,ARMOUR Residential REIT Inc.,Real Estate
ARR$C,NYSE,,Unknown
ARRY,NASDAQ,Array Technologies Inc. Common Stock,Consumer Discretionary
ARR^C,NASDAQ,ARMOUR Residential REIT Inc. 7% Series C Cumulative Redeemable Preferred Stock (liquidation preference $25.00 per share),Unknown
ARTC,NASDAQ,Art Technology Acquisition Corp. Class A Ordinary Shares,Finance
ARTCU,NASDAQ,Art Technology Acquisition Corp. Units,Unknown
ARTL,NASDAQ,Artelo Biosciences Inc. Common Stock,Health Care
ARTNA,NASDAQ,Artesian Resources Corporation Class A Common Stock,Utilities
ARTV,NASDAQ,Artiva Biotherapeutics Inc. Common Stock,Health Care
ARTW,NASDAQ,Art's-Way Manufacturing Co. Inc. Common Stock,Industrials
ARVN,NASDAQ,Arvinas Inc. Common Stock,Health Care
ARW,NASDAQ,Arrow Electronics Inc. Common Stock,Technology
ARWR,NASDAQ,Arrowhead Pharmaceuticals Inc. Common Stock,Health Care
ARX,NASDAQ,Accelerant Holdings Class A Common Shares,Finance
AS,NASDAQ,Amer Sports Inc. Ordinary Shares,Consumer Discretionary
ASA,NASDAQ,ASA  Gold and Precious Metals Limited,Industrials
ASAN,NASDAQ,Asana Inc. Class A Common Stock,Technology
ASB,NASDAQ,Associated Banc-Corp Common Stock,Finance
ASB$E,NYSE,,Unknown
ASB$F,NYSE,,Unknown
ASBA,NASDAQ,Associated Banc-Corp 6.625% Fixed-Rate Reset Subordinated Notes due 2033,Finance
ASBP,NASDAQ,Aspire Biopharma Holdings Inc. Common Stock,Health Care
ASBPW,NASDAQ,Aspire Biopharma Holdings Inc. Warrant,Health Care
ASB^E,NASDAQ,Associated Banc-Corp Depositary Shares each representing a 1/40th interest in a share of 5.875% Non-Cumulative Perpetual Preferred Stock Series E,Unknown
ASB^F,NASDAQ,Associated Banc-Corp Depositary Shares each representing a 1/40th interest in a share of Associated Banc-Corp 5.625% Non-Cumulative Perpetual Preferred Stock Series F,Unknown
ASC,NASDAQ,Ardmore Shipping Corporation Common Stock,Consumer Discretionary
ASG,NASDAQ,Liberty All-Star Growth Fund Inc.,Finance
ASGI,NASDAQ,abrdn Global Infrastructure Income Fund Common Shares of Beneficial Interest,Finance
ASGN,NASDAQ,ASGN Incorporated Common Stock,Consumer Discretionary
ASH,NASDAQ,Ashland Inc. Common Stock,Consumer Discretionary
ASIC,NASDAQ,Ategrity Specialty Insurance Company Holdings Common Stock,Finance
ASIX,NASDAQ,AdvanSix Inc. Common Stock,Industrials
ASLE,NASDAQ,AerSale Corporation Common Stock,Consumer Discretionary
ASM,NASDAQ,Avino Silver & Gold Mines Ltd. Common Shares (Canada),Basic Materials
ASMB,NASDAQ,Assembly Biosciences Inc. Common Stock,Health Care
ASML,NASDAQ,ASML Holding N.V. New York Registry Shares,Technology
ASND,NASDAQ,Ascendis Pharma A/S American Depositary Shares,Health Care
ASNS,NASDAQ,Actelis Networks Inc. Common Stock,Telecommunications
ASO,NASDAQ,Academy Sports and Outdoors Inc. Common Stock,Consumer Discretionary
ASPC,NASDAQ,A SPAC III Acquisition Corp. Class A Ordinary Shares,Finance
ASPCR,NASDAQ,A SPAC III Acquisition Corp. Right,Finance
ASPCU,NASDAQ,A SPAC III Acquisition Corp. Unit,Finance
ASPI,NASDAQ,ASP Isotopes Inc. Common Stock,Industrials
ASPN,NASDAQ,Aspen Aerogels Inc. Common Stock,Consumer Discretionary
ASPS,NASDAQ,Altisource Portfolio Solutions S.A. Common Stock,Consumer Discretionary
ASPSW,NASDAQ,Altisource Portfolio Solutions S.A. Net Settle Stakeholder Warrants,Consumer Discretionary
ASPSZ,NASDAQ,Altisource Portfolio Solutions S.A. Cash Exercise Stakeholder Warrants,Consumer Discretionary
ASR,NASDAQ,Grupo Aeroportuario del Sureste S.A. de C.V. Common Stock,Consumer Discretionary
ASRT,NASDAQ,Assertio Holdings Inc. Common Stock,Health Care
ASRV,NASDAQ,AmeriServ Financial Inc. Common Stock,Finance
ASST,NASDAQ,Strive Inc. Class A Common Stock,Technology
ASTC,NASDAQ,Astrotech Corporation (DE) Common Stock,Industrials
ASTE,NASDAQ,Astec Industries Inc. Common Stock,Industrials
ASTH,NASDAQ,Astrana Health Inc. Common Stock,Consumer Discretionary
ASTI,NASDAQ,Ascent Solar Technologies Inc. Common Stock,Technology
ASTL,NASDAQ,Algoma Steel Group Inc. Common Shares,Industrials
ASTLW,NASDAQ,Algoma Steel Group Inc. Warrant,Industrials
ASTS,NASDAQ,AST SpaceMobile Inc. Class A Common Stock,Consumer Discretionary
ASUR,NASDAQ,Asure Software Inc Common Stock,Technology
ASX,NASDAQ,ASE Technology Holding Co. Ltd. American Depositary Shares (each representing Two Common Shares),Technology
ASYS,NASDAQ,Amtech Systems Inc. Common Stock,Technology
ATAI,NASDAQ,AtaiBeckley Inc. Common Stock,Health Care
ATAT,NASDAQ,Atour Lifestyle Holdings Limited American Depositary Shares,Consumer Discretionary
ATCH,NASDAQ,AtlasClear Holdings Inc. Common Stock,Finance
ATCX,NASDAQ,Atlas Critical Minerals Corporation Common Stock,Basic Materials
ATEC,NASDAQ,Alphatec Holdings Inc. Common Stock,Health Care
ATEN,NASDAQ,A10 Networks Inc. Common Stock,Telecommunications
ATER,NASDAQ,Aterian Inc. Common Stock,Consumer Discretionary
ATEX,NASDAQ,Anterix Inc. Common Stock,Telecommunications
ATGL,NASDAQ,Alpha Technology Group Limited Class A Ordinary Shares,Technology
ATH$A,NYSE,,Unknown
ATH$B,NYSE,,Unknown
ATH$D,NYSE,,Unknown
ATH$E,NYSE,,Unknown
ATHE,NASDAQ,Alterity Therapeutics Limited American Depositary Shares,Health Care
ATHM,NASDAQ,Autohome Inc. American Depositary Shares each representing four class A ordinary shares.,Technology
ATHR,NASDAQ,Aether Holdings Inc. Common Stock,Technology
ATHS,NASDAQ,Athene Holding Ltd. 7.250% Fixed-Rate Reset Junior Subordinated Debentures due 2064,Finance
ATH^A,NASDAQ,Athene Holding Ltd. Depositary Shares Each Representing a 1/1000th Interest in a 6.35% Fixed-to-Floating Rate Perpetual Non-Cumulative Preference Share Series A,Unknown
ATH^B,NASDAQ,Athene Holding Ltd. Depositary Shares Each Representing a 1/1000th Interest in a 5.625% Fixed Rate Perpetual Non- Cumulative Preference Share Series B par value $1.00 per share,Unknown
ATH^D,NASDAQ,Athene Holding Ltd. Depositary Shares Each Representing a 1/1000th Interest in a 4.875% Fixed-Rate Perpetual Non-Cumulative Preference Share Series D,Unknown
ATH^E,NASDAQ,Athene Holding Ltd. Depositary Shares Each Representing a 1/1000th Interest in a 7.750% Fixed-Rate Reset Perpetual Non-Cumulative Preference Share Series E,Unknown
ATI,NASDAQ,ATI Inc. Common Stock,Industrials
ATII,NASDAQ,Archimedes Tech SPAC Partners II Co. Ordinary Shares,Unknown
ATIIW,NASDAQ,Archimedes Tech SPAC Partners II Co. Warrant,Finance
ATKR,NASDAQ,Atkore Inc. Common Stock,Miscellaneous
ATLC,NASDAQ,Atlanticus Holdings Corporation Common Stock,Finance
ATLCL,NASDAQ,Atlanticus Holdings Corporation 6.125% Senior Notes due 2026,Finance
ATLCP,NASDAQ,Atlanticus Holdings Corporation 7.625% Series B Cumulative Perpetual Preferred Stock no par value per share,Finance
ATLCZ,NASDAQ,Atlanticus Holdings Corporation 9.25% Senior Notes due 2029,Finance
ATLN,NASDAQ,Atlantic International Corp. Common Stock,Industrials
ATLO,NASDAQ,Ames National Corporation Common Stock,Finance
ATLX,NASDAQ,Atlas Lithium Corporation Common Stock,Industrials
ATMU,NASDAQ,Atmus Filtration Technologies Inc. Common Stock,Consumer Discretionary
ATNI,NASDAQ,ATN International Inc. Common Stock,Telecommunications
ATNM,NASDAQ,Actinium Pharmaceuticals Inc. (Delaware) Common Stock,Health Care
ATO,NASDAQ,Atmos Energy Corporation Common Stock,Utilities
ATOM,NASDAQ,Atomera Incorporated Common Stock,Technology
ATON,NASDAQ,AlphaTON Capital Corp. Common Stock,Energy
ATOS,NASDAQ,Atossa Therapeutics Inc. Common Stock,Health Care
ATPC,NASDAQ,Agape ATP Corporation Common Stock,Health Care
ATR,NASDAQ,AptarGroup Inc. Common Stock,Industrials
ATRA,NASDAQ,Atara Biotherapeutics Inc. Common Stock,Health Care
ATRC,NASDAQ,AtriCure Inc. Common Stock,Health Care
ATRO,NASDAQ,Astronics Corporation Common Stock,Industrials
ATS,NASDAQ,ATS Corporation Common Shares,Industrials
ATXG,NASDAQ,Addentax Group Corp. Common Stock,Consumer Discretionary
ATYR,NASDAQ,aTyr Pharma Inc. Common Stock,Health Care
AU,NASDAQ,AngloGold Ashanti PLC Ordinary Shares,Basic Materials
AUB,NASDAQ,Atlantic Union Bankshares Corporation Common Stock,Finance
AUB$A,NYSE,,Unknown
AUBN,NASDAQ,Auburn National Bancorporation Inc. Common Stock,Finance
AUB^A,NASDAQ,Atlantic Union Bankshares Corporation Depositary Shares each representing a 1/400th ownership interest in a share of 6.875% Perpetual Non-Cumulative Preferred Stock Series A,Unknown
AUDC,NASDAQ,AudioCodes Ltd. Common Stock,Utilities
AUGO,NASDAQ,Aura Minerals Inc. Common Shares,Unknown
AUID,NASDAQ,authID Inc. Common Stock,Technology
AUNA,NASDAQ,Auna SA Class A Ordinary Shares,Health Care
AUPH,NASDAQ,Aurinia Pharmaceuticals Inc Ordinary Shares,Health Care
AUR,NASDAQ,Aurora Innovation Inc. Class A Common Stock,Technology
AURA,NASDAQ,Aura Biosciences Inc. Common Stock,Health Care
AURE,NASDAQ,Aurelion Inc. Class A Ordinary Shares,Finance
AUROW,NASDAQ,Aurora Innovation Inc. Warrant,Technology
AUST,NASDAQ,Austin Gold Corp. Common Shares,Basic Materials
AUTL,NASDAQ,Autolus Therapeutics plc American Depositary Share,Health Care
AUUD,NASDAQ,Auddia Inc. Common Stock,Technology
AVA,NASDAQ,Avista Corporation Common Stock,Utilities
AVAH,NASDAQ,Aveanna Healthcare Holdings Inc. Common Stock,Health Care
AVAL,NASDAQ,Grupo Aval Acciones y Valores S.A. ADR (Each representing 20 preferred shares),Finance
AVAV,NASDAQ,AeroVironment Inc. Common Stock,Industrials
AVB,NASDAQ,AvalonBay Communities Inc. Common Stock,Real Estate
AVBC,NASDAQ,Avidia Bancorp Inc. Common Stock,Finance
AVBH,NASDAQ,Avidbank Holdings Inc. Common stock,Finance
AVBP,NASDAQ,ArriVent BioPharma Inc. Common Stock,Health Care
AVD,NASDAQ,American Vanguard Corporation Common Stock ($0.10 Par Value),Industrials
AVGO,NASDAQ,Broadcom Inc. Common Stock,Technology
AVIR,NASDAQ,Atea Pharmaceuticals Inc. Common Stock,Health Care
AVK,NASDAQ,Advent Convertible and Income Fund,Finance
AVNS,NASDAQ,Avanos Medical Inc. Common Stock,Health Care
AVNT,NASDAQ,Avient Corporation Common Stock,Industrials
AVNW,NASDAQ,Aviat Networks Inc. Common Stock,Technology
AVO,NASDAQ,Mission Produce Inc. Common Stock,Consumer Staples
AVPT,NASDAQ,AvePoint Inc. Class A Common Stock,Technology
AVR,NASDAQ,Anteris Technologies Global Corp. Common Stock,Health Care
AVT,NASDAQ,Avnet Inc. Common Stock,Technology
AVTR,NASDAQ,Avantor Inc. Common Stock,Industrials
AVTX,NASDAQ,Avalo Therapeutics Inc. Common Stock,Health Care
AVX,NASDAQ,Avax One Technology Ltd. Common Shares,Finance
AVXL,NASDAQ,Anavex Life Sciences Corp. Common Stock,Health Care
AVY,NASDAQ,Avery Dennison Corporation Common Stock,Consumer Discretionary
AWF,NASDAQ,Alliancebernstein Global High Income Fund,Finance
AWI,NASDAQ,Armstrong World Industries Inc Common Stock,Industrials
AWK,NASDAQ,American Water Works Company Inc. Common Stock,Utilities
AWP,NASDAQ,abrdn Global Premier Properties Fund Common Shares of Beneficial Interest,Finance
AWR,NASDAQ,American States Water Company Common Stock,Utilities
AWRE,NASDAQ,Aware Inc. Common Stock,Technology
AWX,NASDAQ,Avalon Holdings Corporation Common Stock,Utilities
AX,NASDAQ,Axos Financial Inc. Common Stock,Finance
AXG,NASDAQ,Solowin Holdings Class A Ordinary Share,Finance
AXGN,NASDAQ,Axogen Inc. Common Stock,Health Care
AXIA,NASDAQ,AXIA Energia American Depositary Shares (Each representing one Common Share),Utilities
AXIA$,NYSE,,Unknown
AXIA$C,NYSE,,Unknown
AXIA^,NASDAQ,AXIA Energia AXIA Energia American Depositary Shares (Each representing one Preferred Class B1 Share),Unknown
AXIA^C,NASDAQ,AXIA Energia American Depositary Shares each representing one Preferred Class C Share,Unknown
AXIL,NASDAQ,AXIL Brands Inc. Common Stock,Consumer Discretionary
AXIN,NASDAQ,Axiom Intelligence Acquisition Corp 1 Class A Ordinary Shares,Finance
AXINR,NASDAQ,Axiom Intelligence Acquisition Corp 1 Right,Finance
AXON,NASDAQ,Axon Enterprise Inc. Common Stock,Industrials
AXP,NASDAQ,American Express Company Common Stock,Finance
AXR,NASDAQ,AMREP Corporation Common Stock,Real Estate
AXS,NASDAQ,Axis Capital Holdings Limited Common Stock,Finance
AXS$E,NYSE,,Unknown
AXSM,NASDAQ,Axsome Therapeutics Inc. Common Stock,Health Care
AXS^E,NASDAQ,Axis Capital Holdings Limited Depositary Shares each representing 1/100th interest in a share of a 5.50% Series E Preferred Shares,Unknown
AXTA,NASDAQ,Axalta Coating Systems Ltd. Common Shares,Consumer Discretionary
AXTI,NASDAQ,AXT Inc Common Stock,Technology
AYI,NASDAQ,Acuity Inc. Common Stock,Consumer Discretionary
AYTU,NASDAQ,Aytu BioPharma Inc.  Common Stock,Health Care
AZ,NASDAQ,A2Z Cust2Mate Solutions Corp. Common Shares,Industrials
AZI,NASDAQ,Autozi Internet Technology (Global) Ltd. Class A Ordinary Shares,Consumer Discretionary
AZN,NASDAQ,AstraZeneca PLC Ordinary Shares,Health Care
AZO,NASDAQ,AutoZone Inc. Common Stock,Consumer Discretionary
AZTA,NASDAQ,Azenta Inc.,Technology
AZTR,NASDAQ,Azitra Inc Common Stock,Health Care
AZZ,NASDAQ,AZZ Inc.,Industrials
B,NASDAQ,Barrick Mining Corporation Common Shares,Basic Materials
BA,NASDAQ,Boeing Company (The) Common Stock,Industrials
BA$A,NYSE,,Unknown
BABA,NASDAQ,Alibaba Group Holding Limited American Depositary Shares each representing eight Ordinary share,Real Estate
BAC,NASDAQ,Bank of America Corporation Common Stock,Finance
BAC$B,NYSE,,Unknown
BAC$E,NYSE,,Unknown
BAC$K,NYSE,,Unknown
BAC$L,NYSE,,Unknown
BAC$M,NYSE,,Unknown
BAC$N,NYSE,,Unknown
BAC$O,NYSE,,Unknown
BAC$P,NYSE,,Unknown
BAC$Q,NYSE,,Unknown
BAC$S,NYSE,,Unknown
BACC,NASDAQ,Blue Acquisition Corp. Class A Ordinary Shares,Finance
BACCU,NASDAQ,Blue Acquisition Corp. Unit,Finance
BACQ,NASDAQ,Inflection Point Acquisition Corp. IV Class A Ordinary Shares,Unknown
BACQR,NASDAQ,Inflection Point Acquisition Corp. IV Right,Finance
BACQU,NASDAQ,Inflection Point Acquisition Corp. IV Unit,Finance
BAC^B,NASDAQ,Bank of America Corporation Depositary Shares each representing a 1/1000th interest in a share of 6.000% Non-Cumulative Preferred Stock Series GG,Unknown
BAC^E,NASDAQ,Bank of America Corporation Depositary Sh repstg 1/1000th Perp Pfd Ser E,Unknown
BAC^K,NASDAQ,Bank of America Corporation Depositary Shares each representing a 1/1000th interest in a share of 5.875% Non- Cumulative Preferred Stock Series HH,Unknown
BAC^L,NASDAQ,Bank of America Corporation Non Cumulative Perpetual Conv Pfd Ser L,Unknown
BAC^M,NASDAQ,Bank of America Corporation Depositary Shares each representing a 1/1000th interest in a share of 5.375% Non-Cumulative Preferred Stock Series KK,Unknown
BAC^N,NASDAQ,Bank of America Corporation Depositary shares each representing 1/1000th interest in a share of 5.000% Non-Cumulative Preferred Stock Series LL,Unknown
BAC^O,NASDAQ,Bank of America Corporation Depositary shares each representing 1/1000th interest in a share of 4.375% Non-Cumulative Preferred Stock Series NN,Unknown
BAC^P,NASDAQ,Bank of America Corporation Depositary Shares each representing a 1/1000th interest in a share of 4.125% Non-Cumulative Preferred Stock Series PP,Unknown
BAC^Q,NASDAQ,Bank of America Corporation Depositary shares each representing 1/1000th interest in a share of 4.250% Non-Cumulative Preferred Stock Series QQ,Unknown
BAC^S,NASDAQ,Bank of America Corporation Depositary shares each representing 1/1000th interest in a share of 4.750% Non-Cumulative Preferred Stock Series SS,Unknown
BAER,NASDAQ,Bridger Aerospace Group Holdings Inc. Common Stock,Industrials
BAERW,NASDAQ,Bridger Aerospace Group Holdings Inc. Warrant,Industrials
BAFN,NASDAQ,BayFirst Financial Corp. Common Stock,Finance
BAH,NASDAQ,Booz Allen Hamilton Holding Corporation Common Stock,Consumer Discretionary
BAK,NASDAQ,Braskem SA ADR,Industrials
BALL,NASDAQ,Ball Corporation Common Stock,Industrials
BALY,NASDAQ,Bally's Corporation Common Stock,Consumer Discretionary
BAM,NASDAQ,Brookfield Asset Management Inc Class A Limited Voting Shares,Consumer Discretionary
BANC,NASDAQ,Banc of California Inc. Common Stock,Finance
BANC$F,NYSE,,Unknown
BANC^F,NASDAQ,Banc of California Inc. Depositary Shares each representing a 1/40th interest in a share of 7.75% non-cumulative perpetual preferred stock Series F,Unknown
BAND,NASDAQ,Bandwidth Inc. Class A Common Stock,Technology
BANF,NASDAQ,BancFirst Corporation Common Stock,Finance
BANFP,NASDAQ,BancFirst Corporation - BFC Capital Trust II Cumulative Trust Preferred Securities,Finance
BANL,NASDAQ,CBL International Limited Class B Ordinary Shares,Energy
BANR,NASDAQ,Banner Corporation Common Stock,Finance
BANX,NASDAQ,ArrowMark Financial Corp. Common Stock,Finance
BAOS,NASDAQ,Baosheng Media Group Holdings Limited Ordinary shares,Real Estate
BAP,NASDAQ,Credicorp Ltd. Common Stock,Finance
BARK,NASDAQ,BARK Inc. Class A Common Stock,Consumer Discretionary
BATL,NASDAQ,Battalion Oil Corporation Common Stock,Energy
BATRA,NASDAQ,Atlanta Braves Holdings Inc. Series A Common Stock,Consumer Discretionary
BATRK,NASDAQ,Atlanta Braves Holdings Inc. Series C Common Stock,Consumer Discretionary
BAX,NASDAQ,Baxter International Inc. Common Stock,Health Care
BAYA,NASDAQ,Bayview Acquisition Corp Ordinary Shares,Unknown
BAYAR,NASDAQ,Bayview Acquisition Corp Right,Unknown
BA^A,NASDAQ,Boeing Company (The) Depositary Shares each representing a 1/20th interest in a share of 6.00% Series A Mandatory Convertible Preferred Stock par value $1.00,Unknown
BB,NASDAQ,BlackBerry Limited Common Stock,Technology
BBAI,NASDAQ,BigBear.ai Inc. Common Stock,Technology
BBAR,NASDAQ,Banco BBVA Argentina S.A. ADS,Finance
BBBY,NASDAQ,Bed Bath & Beyond Inc. Common Stock,Consumer Discretionary
BBCP,NASDAQ,Concrete Pumping Holdings Inc. Common Stock,Consumer Discretionary
BBCQ,NASDAQ,Bleichroeder Acquisition Corp. II Class A Ordinary Shares,Unknown
BBCQU,NASDAQ,Bleichroeder Acquisition Corp. II Units,Unknown
BBCQW,NASDAQ,Bleichroeder Acquisition Corp. II Warrants,Unknown
BBD,NASDAQ,Banco Bradesco Sa American Depositary Shares,Finance
BBDC,NASDAQ,Barings BDC Inc. Common Stock,Finance
BBDO,NASDAQ,Banco Bradesco Sa American Depositary Shares (each representing one Common Share),Finance
BBGI,NASDAQ,Beasley Broadcast Group Inc. Class A Common Stock,Consumer Discretionary
BBIO,NASDAQ,BridgeBio Pharma Inc. Common Stock,Health Care
BBLG,NASDAQ,Bone Biologics Corp Common Stock,Health Care
BBLGW,NASDAQ,Bone Biologics Corp Warrants,Health Care
BBN,NASDAQ,BlackRock Taxable Municipal Bond Trust Common Shares of Beneficial Interest,Finance
BBNX,NASDAQ,Beta Bionics Inc. Common Stock,Health Care
BBOT,NASDAQ,BridgeBio Oncology Therapeutics Inc. Common Stock,Health Care
BBSI,NASDAQ,Barrett Business Services Inc. Common Stock,Consumer Discretionary
BBT,NASDAQ,Beacon Financial Corporation Common stock,Finance
BBU,NASDAQ,Brookfield Business Partners L.P. Limited Partnership Units,Consumer Discretionary
BBUC,NASDAQ,Brookfield Business Corporation Class A Exchangeable Subordinate Voting Shares,Consumer Discretionary
BBVA,NASDAQ,Banco Bilbao Vizcaya Argentaria S.A. Common Stock,Finance
BBW,NASDAQ,Build-A-Bear Workshop Inc. Common Stock,Consumer Discretionary
BBWI,NASDAQ,Bath & Body Works Inc.,Consumer Discretionary
BBY,NASDAQ,Best Buy Co. Inc. Common Stock,Consumer Discretionary
BC,NASDAQ,Brunswick Corporation Common Stock,Industrials
BC$C,NYSE,,Unknown
BCAB,NASDAQ,BioAtla Inc. Common Stock,Health Care
BCAL,NASDAQ,California BanCorp Common Stock,Finance
BCAR,NASDAQ,D. Boral ARC Acquisition I Corp. Class A Ordinary Shares,Finance
BCARU,NASDAQ,D. Boral ARC Acquisition I Corp. Units,Finance
BCARW,NASDAQ,D. Boral ARC Acquisition I Corp. Warrant,Finance
BCAT,NASDAQ,BlackRock Capital Allocation Term Trust Common Shares of Beneficial Interest,Finance
BCAX,NASDAQ,Bicara Therapeutics Inc. Common Stock,Health Care
BCBP,NASDAQ,BCB Bancorp Inc. (NJ) Common Stock,Finance
BCC,NASDAQ,Boise Cascade L.L.C. Common Stock,Consumer Discretionary
BCDA,NASDAQ,BioCardia Inc. Common Stock,Health Care
BCE,NASDAQ,BCE Inc. Common Stock,Telecommunications
BCG,NASDAQ,Binah Capital Group Inc. Common Stock,Finance
BCGD,NYSE,,Unknown
BCGWW,NASDAQ,Binah Capital Group Inc. Warrants,Finance
BCH,NASDAQ,Banco De Chile ADS,Finance
BCHT,NASDAQ,Birchtech Corp. Common Stock,Industrials
BCIC,NASDAQ,BCP Investment Corporation Common Stock,Finance
BCML,NASDAQ,BayCom Corp Common Stock,Finance
BCO,NASDAQ,Brinks Company (The) Common Stock,Industrials
BCPC,NASDAQ,Balchem Corporation Common Stock,Industrials
BCRX,NASDAQ,BioCryst Pharmaceuticals Inc. Common Stock,Health Care
BCS,NASDAQ,Barclays PLC Common Stock,Finance
BCSF,NASDAQ,Bain Capital Specialty Finance Inc. Common Stock,Finance
BCSM,NYSE,,Unknown
BCSS,NASDAQ,Bain Capital GSS Investment Corp. Class A Ordinary Shares,Unknown
BCTX,NASDAQ,BriaCell Therapeutics Corp. Common Shares,Health Care
BCTXL,NASDAQ,BriaCell Therapeutics Corp. Warrant expiring 2031,Unknown
BCTXZ,NASDAQ,BriaCell Therapeutics Corp. Warrant expiring 2030,Health Care
BCV,NASDAQ,Bancroft Fund Ltd.,Finance
BCV^A,NASDAQ,Bancroft Fund Limited 5.375% Series A Cumulative Preferred Shares,Unknown
BCX,NASDAQ,BlackRock Resources Common Shares of Beneficial Interest,Finance
BCYC,NASDAQ,Bicycle Therapeutics plc American Depositary Shares,Health Care
BC^C,NASDAQ,Brunswick Corporation 6.375% Notes due 2049,Unknown
BDC,NASDAQ,Belden Inc Common Stock,Industrials
BDCI,NASDAQ,BTC Development Corp. Class A Ordinary Shares,Finance
BDCIU,NASDAQ,BTC Development Corp. Unit,Finance
BDCIW,NASDAQ,BTC Development Corp. Warrant,Finance
BDJ,NASDAQ,Blackrock Enhanced Equity Dividend Trust,Finance
BDL,NASDAQ,Flanigan's Enterprises Inc. Common Stock,Consumer Discretionary
BDMD,NASDAQ,Baird Medical Investment Holdings Ltd Ordinary Share,Health Care
BDMDW,NASDAQ,Baird Medical Investment Holdings Ltd Warrant,Health Care
BDN,NASDAQ,Brandywine Realty Trust Common Stock,Real Estate
BDRX,NASDAQ,Biodexa Pharmaceuticals plc American Depositary Shs,Health Care
BDSX,NASDAQ,Biodesix Inc. Common Stock,Health Care
BDTX,NASDAQ,Black Diamond Therapeutics Inc. Common Stock,Health Care
BDX,NASDAQ,Becton Dickinson and Company Common Stock,Health Care
BE,NASDAQ,Bloom Energy Corporation Class A Common Stock,Energy
BEAG,NASDAQ,Bold Eagle Acquisition Corp. Class A Ordinary Shares,Unknown
BEAGR,NASDAQ,Bold Eagle Acquisition Corp. Right,Unknown
BEAGU,NASDAQ,Bold Eagle Acquisition Corp. Units,Unknown
BEAM,NASDAQ,Beam Therapeutics Inc. Common Stock,Health Care
BEAT,NASDAQ,Heartbeam Inc. Common Stock,Health Care
BEATW,NASDAQ,Heartbeam Inc. Warrant,Health Care
BEBE,NASDAQ,TGE Value Creative Solutions Corp Class A Ordinary Shares,Consumer Discretionary
BEEM,NASDAQ,Beam Global Common Stock,Technology
BEEP,NASDAQ,Mobile Infrastructure Corporation Common Stock,Finance
BEKE,NASDAQ,KE Holdings Inc American Depositary Shares (each representing three Class A Ordinary Shares),Finance
BELFA,NASDAQ,Bel Fuse Inc. Class A Common Stock,Unknown
BELFB,NASDAQ,Bel Fuse Inc. Class B Common Stock,Unknown
BEN,NASDAQ,Franklin Resources Inc. Common Stock,Finance
BENF,NASDAQ,Beneficient Class A Common Stock,Finance
BENFW,NASDAQ,Beneficient Warrant,Finance
BEP,NASDAQ,Brookfield Renewable Partners L.P. Limited Partnership Units,Utilities
BEP$A,NYSE,,Unknown
BEPC,NASDAQ,Brookfield Renewable Corporation Brookfield Renewable Corporation Class A Subordinate Voting Shares,Utilities
BEPH,NASDAQ,Brookfield BRP Holdings (Canada) Inc. 4.625% Perpetual Subordinated Notes,Utilities
BEPI,NASDAQ,Brookfield BRP Holdings (Canada) Inc. 4.875% Perpetual Subordinated Notes,Utilities
BEPJ,NASDAQ,Brookfield BRP Holdings (Canada) Inc. 7.250% Perpetual Subordinated Notes,Utilities
BEP^A,NASDAQ,Brookfield Renewable Partners L.P. 5.25% Class A Preferred Limited Partnership Units Series 17,Unknown
BESS,NASDAQ,Bimergen Energy Corporation Common Stock,Utilities
BETA,NASDAQ,Beta Technologies Inc. Class A Common Stock,Industrials
BETR,NASDAQ,Better Home & Finance Holding Company Class A Common Stock,Finance
BETRW,NASDAQ,Better Home & Finance Holding Company Warrant,Finance
BF/A,NASDAQ,Brown Forman Corporation,Unknown
BF/B,NASDAQ,Brown Forman Corporation,Unknown
BFAM,NASDAQ,Bright Horizons Family Solutions Inc. Common Stock,Consumer Discretionary
BFC,NASDAQ,Bank First Corporation Common Stock,Finance
BFH,NASDAQ,Bread Financial Holdings Inc. Common Stock,Real Estate
BFH$A,NYSE,,Unknown
BFH^A,NASDAQ,Bread Financial Holdings Inc. Depositary Shares each representing a 1/40th interest in a share of 8.625% Non-Cumulative Perpetual Preferred Stock Series A,Unknown
BFLY,NASDAQ,Butterfly Network Inc. Class A Common Stock,Health Care
BFRG,NASDAQ,Bullfrog AI Holdings Inc. Common Stock,Health Care
BFRGW,NASDAQ,Bullfrog AI Holdings Inc. Warrants,Health Care
BFRI,NASDAQ,Biofrontera Inc. Common Stock,Health Care
BFRIW,NASDAQ,Biofrontera Inc. Warrants,Health Care
BFS,NASDAQ,Saul Centers Inc. Common Stock,Real Estate
BFS$D,NYSE,,Unknown
BFS$E,NYSE,,Unknown
BFST,NASDAQ,Business First Bancshares Inc. Common Stock,Finance
BFS^D,NASDAQ,Saul Centers Inc. Depositary Shares each representing 1/100th of a share of 6.125% Series D Cumulative Redeemable Preferred Stock,Unknown
BFS^E,NASDAQ,Saul Centers Inc. Depositary shares each representing a 1/100th fractional interest in a share of 6.000% Series E Cumulative Redeemable Preferred Stock,Unknown
BG,NASDAQ,Bunge Limited Common Shares,Consumer Staples
BGB,NASDAQ,Blackstone Strategic Credit 2027 Term Fund Common Shares of Beneficial Interest,Finance
BGC,NASDAQ,BGC Group Inc. Class A Common Stock,Finance
BGH,NASDAQ,Barings Global Short Duration High Yield Fund Common Shares of Beneficial Interests,Finance
BGI,NASDAQ,Birks Group Inc. Common Stock,Consumer Discretionary
BGIN,NASDAQ,Bgin Blockchain Limited Class A Ordinary Shares,Unknown
BGL,NASDAQ,Blue Gold Limited Class A Ordinary Shares,Basic Materials
BGLC,NASDAQ,BioNexus Gene Lab Corp Common stock,Health Care
BGLWW,NASDAQ,Blue Gold Limited Warrant,Basic Materials
BGM,NASDAQ,BGM Group Ltd. Class A Ordinary Shares,Health Care
BGMS,NASDAQ,Bio Green Med Solution Inc. Common Stock,Unknown
BGMSP,NASDAQ,Bio Green Med Solution Inc. 6% Convertible Preferred Stock,Unknown
BGR,NASDAQ,BlackRock Energy and Resources Trust,Finance
BGS,NASDAQ,B&G Foods Inc. Common Stock,Consumer Staples
BGSF,NASDAQ,BGSF Inc. Common Stock,Consumer Discretionary
BGSI,NASDAQ,Boyd Group Services Inc. Common Shares,Unknown
BGT,NASDAQ,BlackRock Floating Rate Income Trust,Finance
BGX,NASDAQ,Blackstone Long Short Credit Income Fund Common Shares,Finance
BGY,NASDAQ,Blackrock Enhanced International Dividend Trust,Finance
BH,NASDAQ,Biglari Holdings Inc. Class B Common Stock,Consumer Discretionary
BHAT,NASDAQ,Blue Hat Interactive Entertainment Technology Ordinary Shares,Consumer Discretionary
BHB,NASDAQ,Bar Harbor Bankshares Inc. Common Stock,Finance
BHC,NASDAQ,Bausch Health Companies Inc. Common Stock,Health Care
BHE,NASDAQ,Benchmark Electronics Inc. Common Stock,Technology
BHF,NASDAQ,Brighthouse Financial Inc. Common Stock,Finance
BHFAL,NASDAQ,Brighthouse Financial Inc. 6.25% Junior Subordinated Debentures due 2058,Finance
BHFAM,NASDAQ,Brighthouse Financial Inc. Depositary shares each representing a 1/1000th Interest in a Share of 4.625% Non-Cumulative Preferred Stock Series D,Finance
BHFAN,NASDAQ,Brighthouse Financial Inc. Depositary shares each representing a 1/1000th interest in a share of 5.375% Non-Cumulative Preferred Stock Series C,Finance
BHFAO,NASDAQ,Brighthouse Financial Inc. Depositary Shares 6.75% Non-Cumulative Preferred Stock Series B,Finance
BHFAP,NASDAQ,Brighthouse Financial Inc. Depositary Shares 6.6% Non-Cumulative Preferred Stock Series A,Finance
BHK,NASDAQ,Blackrock Core Bond Trust,Finance
BHM,NASDAQ,Bluerock Homes Trust Inc. Class A Common Stock,Real Estate
BHP,NASDAQ,BHP Group Limited American Depositary Shares (Each representing two Ordinary Shares),Energy
BHR,NASDAQ,Braemar Hotels & Resorts Inc. Common Stock,Real Estate
BHR$B,NYSE,,Unknown
BHR$D,NYSE,,Unknown
BHRB,NASDAQ,Burke & Herbert Financial Services Corp. Common Stock,Finance
BHR^B,NASDAQ,Braemar Hotels & Resorts Inc. 5.50% Series B Cumulative Convertible Preferred Stock par value $0.01 per share,Unknown
BHR^D,NASDAQ,Braemar Hotels & Resorts Inc. 8.25% Series D Cumulative Preferred Stock  par value $0.01 per share,Unknown
BHST,NASDAQ,BioHarvest Sciences Inc. Common Stock,Unknown
BHV,NASDAQ,BlackRock Virginia Municipal Bond Trust,Finance
BHVN,NASDAQ,Biohaven Ltd. Common Shares,Health Care
BIAF,NASDAQ,bioAffinity Technologies Inc. Common Stock,Health Care
BIAFW,NASDAQ,bioAffinity Technologies Inc. Warrant,Health Care
BIDU,NASDAQ,Baidu Inc. ADS,Technology
BIIB,NASDAQ,Biogen Inc. Common Stock,Health Care
BIII,NASDAQ,Black Spade Acquisition III Co Class A Ordinary Shares,Finance
BILI,NASDAQ,Bilibili Inc. American Depositary Shares,Technology
BILL,NASDAQ,BILL Holdings Inc. Common Stock,Technology
BIO,NASDAQ,Bio-Rad Laboratories Inc. Class A Common Stock,Industrials
BIO/B,NASDAQ,Bio-Rad Laboratories Inc.,Unknown
BIOA,NASDAQ,BioAge Labs Inc. Common Stock,Health Care
BIOX,NASDAQ,Bioceres Crop Solutions Corp. Ordinary Shares,Industrials
BIP,NASDAQ,Brookfield Infrastructure Partners LP Limited Partnership Units,Consumer Discretionary
BIP$A,NYSE,,Unknown
BIP$B,NYSE,,Unknown
BIPC,NASDAQ,Brookfield Infrastructure Corporation Brookfield Infrastructure Corporation,Utilities
BIPH,NASDAQ,Brookfield Infrastructure Corporation 5.000% Subordinated Notes due 2081,Utilities
BIPI,NASDAQ,BIP Bermuda Holdings I Limited 5.125% Perpetual Subordinated Notes,Consumer Discretionary
BIPJ,NASDAQ,Brookfield Infrastructure Corporation 7.250% Subordinated Notes due 2084,Utilities
BIP^A,NASDAQ,Brookfield Infrastructure Partners LP 5.125% Class A Preferred Limited Partnership Units Series 13,Unknown
BIP^B,NASDAQ,Brookfield Infrastructure Partners LP 5.000% Class A Preferred Limited Partnership Units Series 14,Unknown
BIRD,NASDAQ,Allbirds Inc. Class A Common Stock,Consumer Discretionary
BIRK,NASDAQ,Birkenstock Holding plc Ordinary Shares,Consumer Discretionary
BIT,NASDAQ,BlackRock Multi-Sector Income Trust Common Shares of Beneficial Interest,Finance
BITF,NASDAQ,Bitfarms Ltd. Common Stock,Finance
BIVI,NASDAQ,BioVie Inc. Class A Common Stock,Health Care
BIXI,NASDAQ,Bitcoin Infrastructure Acquisition Corp Ltd. Class A Ordinary Shares,Unknown
BIXIU,NASDAQ,Bitcoin Infrastructure Acquisition Corp Ltd. Unit,Finance
BIXIW,NASDAQ,Bitcoin Infrastructure Acquisition Corp Ltd. Warrant,Unknown
BIYA,NASDAQ,Baiya International Group Inc. Ordinary Shares,Consumer Discretionary
BJ,NASDAQ,BJ's Wholesale Club Holdings Inc. Common Stock,Consumer Discretionary
BJDX,NASDAQ,Bluejay Diagnostics Inc. Common Stock,Health Care
BJRI,NASDAQ,BJ's Restaurants Inc. Common Stock,Consumer Discretionary
BK,NASDAQ,The Bank of New York Mellon Corporation Common Stock,Finance
BK$K,NYSE,,Unknown
BKD,NASDAQ,Brookdale Senior Living Inc. Common Stock,Health Care
BKE,NASDAQ,Buckle Inc. (The) Common Stock,Consumer Discretionary
BKH,NASDAQ,Black Hills Corporation Common Stock,Utilities
BKHA,NASDAQ,Black Hawk Acquisition Corporation Class A Ordinary Shares,Health Care
BKHAR,NASDAQ,Black Hawk Acquisition Corporation Rights,Health Care
BKHAU,NASDAQ,Black Hawk Acquisition Corporation Units,Unknown
BKKT,NASDAQ,Bakkt Inc. Class A Common Stock,Finance
BKNG,NASDAQ,Booking Holdings Inc. Common Stock,Consumer Discretionary
BKR,NASDAQ,Baker Hughes Company Class A Common Stock,Consumer Discretionary
BKSY,NASDAQ,BlackSky Technology Inc. Class A Common Stock,Technology
BKT,NASDAQ,BlackRock Income Trust Inc. (The),Finance
BKTI,NASDAQ,BK Technologies Corporation Common Stock,Technology
BKU,NASDAQ,BankUnited Inc. Common Stock,Finance
BKV,NASDAQ,BKV Corporation Common Stock,Energy
BKYI,NASDAQ,BIO-key International Inc. Common Stock,Technology
BK^K,NASDAQ,The Bank Of New York Mellon Corporation  Depositary Shares each representing a 1/4000th interest in a share of Series K Noncumulative Perpetual Preferred Stock,Unknown
BL,NASDAQ,BlackLine Inc. Common Stock,Technology
BLBD,NASDAQ,Blue Bird Corporation Common Stock,Consumer Discretionary
BLCO,NASDAQ,Bausch + Lomb Corporation Common Shares,Health Care
BLD,NASDAQ,TopBuild Corp. Common Stock,Consumer Discretionary
BLDP,NASDAQ,Ballard Power Systems Inc. Common Shares,Energy
BLDR,NASDAQ,Builders FirstSource Inc. Common Stock,Consumer Discretionary
BLFS,NASDAQ,BioLife Solutions Inc. Common Stock,Health Care
BLFY,NASDAQ,Blue Foundry Bancorp Common Stock,Finance
BLIN,NASDAQ,Bridgeline Digital Inc. Common Stock,Technology
BLIV,NASDAQ,BeLive Holdings Ordinary Share,Technology
BLK,NASDAQ,BlackRock Inc. Common Stock,Finance
BLKB,NASDAQ,Blackbaud Inc. Common Stock,Technology
BLLN,NASDAQ,BillionToOne Inc. Class A Common Stock,Health Care
BLMN,NASDAQ,Bloomin' Brands Inc. Common Stock,Consumer Discretionary
BLND,NASDAQ,Blend Labs Inc. Class A Common Stock,Technology
BLNE,NASDAQ,Beeline Holdings Inc. Common Stock,Finance
BLNK,NASDAQ,Blink Charging Co. Common Stock,Consumer Discretionary
BLRK,NASDAQ,Bluerock Acquisition Corp. Class A Ordinary Shares,Unknown
BLRKU,NASDAQ,Bluerock Acquisition Corp. Unit,Unknown
BLRX,NASDAQ,BioLineRx Ltd. American Depositary Shares,Health Care
BLSH,NASDAQ,Bullish Ordinary Shares,Finance
BLTE,NASDAQ,Belite Bio Inc American Depositary Shares,Health Care
BLUW,NASDAQ,Blue Water Acquisition Corp. III Class A Ordinary Shares,Unknown
BLUWW,NASDAQ,Blue Water Acquisition Corp. III Warrant.,Unknown
BLW,NASDAQ,Blackrock Limited Duration Income Trust,Consumer Discretionary
BLX,NASDAQ,Banco Latinoamericano de Comercio Exterior S.A.,Finance
BLZE,NASDAQ,Backblaze Inc. Class A Common Stock,Technology
BLZR,NASDAQ,Trailblazer Acquisition Corp. Class A Ordinary Shares,Finance
BLZRU,NASDAQ,Trailblazer Acquisition Corp. Unit,Unknown
BLZRW,NASDAQ,Trailblazer Acquisition Corp. Warrant,Finance
BMA,NASDAQ,Banco Macro S.A.  ADR (representing Ten Class B Common Shares),Finance
BMBL,NASDAQ,Bumble Inc. Class A Common Stock,Technology
BME,NASDAQ,Blackrock Health Sciences Trust,Finance
BMEA,NASDAQ,Biomea Fusion Inc. Common Stock,Health Care
BMEZ,NASDAQ,BlackRock Health Sciences Term Trust Common Shares of Beneficial Interest,Finance
BMGL,NASDAQ,Basel Medical Group Ltd Ordinary Shares,Health Care
BMHL,NASDAQ,Bluemount Holdings Limited Class B Ordinary Shares,Finance
BMI,NASDAQ,Badger Meter Inc. Common Stock,Industrials
BML$G,NYSE,,Unknown
BML$H,NYSE,,Unknown
BML$J,NYSE,,Unknown
BML$L,NYSE,,Unknown
BML^G,NASDAQ,Bank of America Corporation Depositary Shares (Each representing a 1/1200th interest in a share of Floating Rate Non-Cumulative Preferred Stock  Series 1),Unknown
BML^H,NASDAQ,Bank of America Corporation Depositary Shares (Each representing a 1/1200th interest in a Share of Floating Rate Non-Cumulative Preferred Stock Series 2),Unknown
BML^J,NASDAQ,Bank of America Corporation Depositary Shares (Each representing a 1/1200th interest in a Share of Floating Rate Non-Cumulative Preferred Stock Series 4),Unknown
BML^L,NASDAQ,Bank of America Corporation Depositary Shares (Each representing a 1/1200th Interest in a Share of Floating Rate Non-Cumulative Preferred Stock Series 5),Unknown
BMM,NASDAQ,Blue Moon Metals Inc. Common Shares,Unknown
BMN,NASDAQ,BlackRock 2037 Municipal Target Term Trust Common Shares of Beneficial Interest,Finance
BMNR,NASDAQ,BitMine Immersion Technologies Inc. Common Stock,Finance
BMO,NASDAQ,Bank Of Montreal Common Stock,Finance
BMR,NASDAQ,Beamr Imaging Ltd. Ordinary Share,Technology
BMRA,NASDAQ,Biomerica Inc. Common Stock,Health Care
BMRC,NASDAQ,Bank of Marin Bancorp Common Stock,Finance
BMRN,NASDAQ,BioMarin Pharmaceutical Inc. Common Stock,Health Care
BMY,NASDAQ,Bristol-Myers Squibb Company Common Stock,Health Care
BN,NASDAQ,Brookfield Corporation Class A Limited Voting Shares,Real Estate
BNAI,NASDAQ,Brand Engagement Network Inc. Common Stock,Technology
BNAIW,NASDAQ,Brand Engagement Network Inc. Warrant,Technology
BNBX,NASDAQ,BNB Plus Corp. Common Stock,Consumer Discretionary
BNC,NASDAQ,CEA Industries Inc. Common Stock,Industrials
BNCWW,NASDAQ,CEA Industries Inc. Warrant,Unknown
BNED,NASDAQ,Barnes & Noble Education Inc Common Stock,Consumer Discretionary
BNGO,NASDAQ,Bionano Genomics Inc. Common Stock,Industrials
BNH,NASDAQ,Brookfield Finance Inc. 4.625% Subordinated Notes due October 16 2080,Real Estate
BNJ,NASDAQ,Brookfield Finance Inc. 4.50% Perpetual Subordinated Notes,Real Estate
BNKK,NASDAQ,Bonk Inc. Common Stock,Consumer Discretionary
BNL,NASDAQ,Broadstone Net Lease Inc. Common Stock,Real Estate
BNR,NASDAQ,Burning Rock Biotech Limited American Depositary Shares,Health Care
BNRG,NASDAQ,Brenmiller Energy Ltd Ordinary Shares,Industrials
BNS,NASDAQ,Bank Nova Scotia Halifax Pfd 3 Ordinary Shares,Finance
BNT,NASDAQ,Brookfield Wealth Solutions Ltd. Class A Exchangeable Limited Voting Shares,Finance
BNTC,NASDAQ,Benitec Biopharma Inc. Common Stock,Health Care
BNTX,NASDAQ,BioNTech SE American Depositary Share,Health Care
BNZI,NASDAQ,Banzai International Inc. Class A Common Stock,Technology
BNZIW,NASDAQ,Banzai International Inc. Warrant,Technology
BOBS,NASDAQ,Bob's Discount Furniture Inc. Common Stock,Consumer Discretionary
BOC,NASDAQ,Boston Omaha Corporation Class A Common Stock,Finance
BODI,NASDAQ,The Beachbody Company Inc. Class A Common Stock,Consumer Discretionary
BOE,NASDAQ,Blackrock Enhanced Global Dividend Trust Common Shares of Beneficial Interest,Finance
BOF,NASDAQ,BranchOut Food Inc. Common Stock,Consumer Staples
BOH,NASDAQ,Bank of Hawaii Corporation Common Stock,Finance
BOH$A,NYSE,,Unknown
BOH$B,NYSE,,Unknown
BOH^A,NASDAQ,Bank of Hawaii Corporation Depositary Shares Each Representing a 1/40th Interest in a Share of 4.375% Fixed Rate Non-Cumulative Perpetual Preferred Stock Series A,Unknown
BOH^B,NASDAQ,Bank of Hawaii Corporation Depositary Shares Each Representing a 1/40th Interest in a Share of 8.000% Fixed Rate Non-Cumulative Perpetual Preferred Stock Series B,Unknown
BOKF,NASDAQ,BOK Financial Corporation Common Stock,Finance
BOLD,NASDAQ,Boundless Bio Inc. Common Stock,Health Care
BOLT,NASDAQ,Bolt Biotherapeutics Inc. Common Stock,Health Care
BON,NASDAQ,Bon Natural Life Limited Class A Ordinary Shares,Health Care
BOND,NYSE,,Unknown
BOOM,NASDAQ,DMC Global Inc. Common Stock,Industrials
BOOT,NASDAQ,Boot Barn Holdings Inc. Common Stock,Consumer Discretionary
BORR,NASDAQ,Borr Drilling Limited Common Shares,Energy
BOSC,NASDAQ,B.O.S. Better Online Solutions Common Stock,Telecommunications
BOTJ,NASDAQ,Bank of the James Financial Group Inc. Common Stock,Finance
BOW,NASDAQ,Bowhead Specialty Holdings Inc. Common Stock,Finance
BOX,NASDAQ,Box Inc. Class A Common Stock,Technology
BOXL,NASDAQ,Boxlight Corporation Class A Common Stock,Real Estate
BP,NASDAQ,BP p.l.c. Common Stock,Energy
BPAC,NASDAQ,Blueport Acquisition Ltd Class A Ordinary Shares,Unknown
BPACR,NASDAQ,Blueport Acquisition Ltd Rights,Unknown
BPACU,NASDAQ,Blueport Acquisition Ltd Units,Finance
BPOP,NASDAQ,Popular Inc. Common Stock,Finance
BPOPM,NASDAQ,Popular Inc. Popular Capital Trust II - 6.125% Cumulative Monthly Income Trust Preferred Securities,Finance
BPRE,NASDAQ,Bluerock Private Real Estate Fund Common Shares of Beneficial Interest,Unknown
BPRN,NASDAQ,Princeton Bancorp Inc. Common Stock (PA),Finance
BPYPM,NASDAQ,Brookfield Property Partners L.P. 6.25% Class A Cumulative Redeemable Preferred Units Series 1,Finance
BPYPN,NASDAQ,Brookfield Property Partners L.P. 5.750% Class A Cumulative Redeemable Perpetual Preferred Units Series 3,Finance
BPYPO,NASDAQ,Brookfield Property Partners L.P. 6.375% Class A Cumulative Redeemable Perpetual Preferred Units Series 2,Finance
BPYPP,NASDAQ,Brookfield Property Partners L.P. 6.50% Class A Cumulative Redeemable Perpetual Preferred Units,Finance
BQ,NASDAQ,Boqii Holding Limited Class A Ordinary Shares,Consumer Discretionary
BR,NASDAQ,Broadridge Financial Solutions Inc. Common Stock,Real Estate
BRAG,NASDAQ,Bragg Gaming Group Inc. Common Shares,Technology
BRAI,NASDAQ,Braiin Limited Common Stock,Technology
BRBI,NASDAQ,BRBI BR Partners S.A. ADSs,Finance
BRBR,NASDAQ,BellRing Brands Inc. Common Stock,Consumer Staples
BRBS,NASDAQ,Blue Ridge Bankshares Inc. Common Stock,Finance
BRC,NASDAQ,Brady Corporation Common Stock,Consumer Discretionary
BRCB,NASDAQ,Black Rock Coffee Bar Inc. Class A Common Stock,Consumer Discretionary
BRCC,NASDAQ,BRC Inc. Class A Common Stock,Consumer Staples
BRCE,NYSE,,Unknown
BREE,NYSE,,Unknown
BRFH,NASDAQ,Barfresh Food Group Inc. Common Stock,Consumer Staples
BRIA,NASDAQ,BrilliA Inc Class A Ordinary Shares,Consumer Discretionary
BRID,NASDAQ,Bridgford Foods Corporation Common Stock,Consumer Staples
BRIE,NYSE,,Unknown
BRK/A,NASDAQ,Berkshire Hathaway Inc.,Unknown
BRK/B,NASDAQ,Berkshire Hathaway Inc.,Unknown
BRKR,NASDAQ,Bruker Corporation Common Stock,Industrials
BRKRP,NASDAQ,Bruker Corporation 6.375% Mandatory Convertible Preferred Stock Series A,Industrials
BRLS,NASDAQ,Borealis Foods Inc. Class A Common Shares,Consumer Staples
BRLSW,NASDAQ,Borealis Foods Inc. Warrant,Consumer Staples
BRLT,NASDAQ,Brilliant Earth Group Inc. Class A Common Stock,Consumer Discretionary
BRN,NASDAQ,Barnwell Industries Inc. Common Stock,Energy
BRNS,NASDAQ,Barinthus Biotherapeutics plc American Depositary Shares,Health Care
BRO,NASDAQ,Brown & Brown Inc. Common Stock,Finance
BROS,NASDAQ,Dutch Bros Inc. Class A Common Stock,Consumer Discretionary
BRR,NASDAQ,ProCap Financial Inc. Common Stock,Finance
BRRWW,NASDAQ,ProCap Financial Inc. Warrant,Finance
BRSL,NASDAQ,Brightstar Lottery PLC Trading under the Legal Name to begin at the market open on July 21 2025. Ordinary Shares,Consumer Discretionary
BRSP,NASDAQ,BrightSpire Capital Inc. Class A Common Stock,Real Estate
BRT,NASDAQ,BRT Apartments Corp. (MD) Common Stock,Real Estate
BRTX,NASDAQ,BioRestorative Therapies Inc. Common Stock (NV),Health Care
BRW,NASDAQ,Saba Capital Income & Opportunities Fund SBI,Finance
BRX,NASDAQ,Brixmor Property Group Inc. Common Stock,Real Estate
BRZE,NASDAQ,Braze Inc. Class A Common Stock,Technology
BSAAR,NASDAQ,BEST SPAC I Acquisition Corp. Rights,Finance
BSAAU,NASDAQ,BEST SPAC I Acquisition Corp. Unit,Finance
BSAC,NASDAQ,Banco Santander - Chile ADS,Finance
BSBK,NASDAQ,Bogota Financial Corp. Common Stock,Finance
BSBR,NASDAQ,Banco Santander Brasil SA American Depositary Shares each representing one unit,Finance
BSET,NASDAQ,Bassett Furniture Industries Incorporated Common Stock,Consumer Discretionary
BSL,NASDAQ,Blackstone Senior Floating Rate 2027 Term Fund Common Shares of Beneficial Interest,Finance
BSM,NASDAQ,Black Stone Minerals L.P. Common units representing limited partner interests,Energy
BSRR,NASDAQ,Sierra Bancorp Common Stock,Finance
BST,NASDAQ,BlackRock Science and Technology Trust Common Shares of Beneficial Interest,Finance
BSTZ,NASDAQ,BlackRock Science and Technology Term Trust Common Shares of Beneficial Interest,Finance
BSVN,NASDAQ,Bank7 Corp. Common stock,Finance
BSX,NASDAQ,Boston Scientific Corporation Common Stock,Health Care
BSY,NASDAQ,Bentley Systems Incorporated Class B Common Stock,Technology
BTAI,NASDAQ,BioXcel Therapeutics Inc. Common Stock,Health Care
BTBD,NASDAQ,BT Brands Inc. Common Stock,Consumer Discretionary
BTBDW,NASDAQ,BT Brands Inc. Warrant,Consumer Discretionary
BTBT,NASDAQ,Bit Digital Inc. Ordinary Shares,Finance
BTCS,NASDAQ,BTCS Inc. Common Stock,Finance
BTCT,NASDAQ,BTC Digital Ltd. Ordinary Shares,Real Estate
BTDR,NASDAQ,Bitdeer Technologies Group Class A Ordinary Shares,Finance
BTE,NASDAQ,Baytex Energy Corp Common Shares,Energy
BTG,NASDAQ,B2Gold Corp Common shares (Canada),Basic Materials
BTGO,NASDAQ,BitGo Holdings Inc. Class A Common Stock,Finance
BTI,NASDAQ,British American Tobacco  Industries p.l.c. Common Stock ADR,Health Care
BTM,NASDAQ,Bitcoin Depot Inc. Class A Common Stock,Finance
BTMD,NASDAQ,Biote Corp. Class A Common Stock,Health Care
BTMWW,NASDAQ,Bitcoin Depot Inc. Warrant,Finance
BTO,NASDAQ,John Hancock Financial Opportunities Fund Common Stock,Finance
BTOC,NASDAQ,Armlogi Holding Corp. Common Stock,Consumer Discretionary
BTOG,NASDAQ,Bit Origin Limited Class A Ordinary Shares,Finance
BTQ,NASDAQ,BTQ Technologies Corp. Common Stock,Unknown
BTSG,NASDAQ,BrightSpring Health Services Inc. Common Stock,Health Care
BTSGU,NASDAQ,BrightSpring Health Services Inc. Tangible Equity Unit,Health Care
BTT,NASDAQ,BlackRock Municipal 2030 Target Term Trust,Finance
BTTC,NASDAQ,Black Titan Corporation Ordinary Shares,Health Care
BTU,NASDAQ,Peabody Energy Corporation Common Stock,Energy
BTX,NASDAQ,BlackRock Technology and Private Equity Term Trust Common Shares of Beneficial Interest,Unknown
BTZ,NASDAQ,BlackRock Credit Allocation Income Trust,Finance
BUD,NASDAQ,Anheuser-Busch Inbev SA Sponsored ADR (Belgium),Consumer Staples
BUDA,NASDAQ,Buda Juice Inc. Common Stock,Consumer Staples
BUI,NASDAQ,BlackRock Utility Infrastructure & Power Opportunities Trust,Finance
BULL,NASDAQ,Webull Corporation Class A Ordinary Shares,Finance
BULLW,NASDAQ,Webull Corporation Warrants,Finance
BUR,NASDAQ,Burford Capital Limited Ordinary Shares,Finance
BURL,NASDAQ,Burlington Stores Inc. Common Stock,Consumer Discretionary
BURU,NASDAQ,Nuburu Inc. Common Stock,Miscellaneous
BUSE,NASDAQ,First Busey Corporation Class A Common Stock,Finance
BUSEP,NASDAQ,First Busey Corporation Depositary Shares Each Representing a 1/40thInterest in a Share of 8.25% Fixed-Rate Series B Non-Cumulative Perpetual Preferred Stock $0.001 par value,Finance
BUUU,NASDAQ,BUUU Group Limited Class A Ordinary Share,Consumer Discretionary
BUXX,NYSE,,Unknown
BV,NASDAQ,BrightView Holdings Inc. Common Stock,Real Estate
BVC,NASDAQ,BitVentures Limited Ordinary Shares,Unknown
BVFL,NASDAQ,BV Financial Inc. Common Stock,Finance
BVN,NASDAQ,Buenaventura Mining Company Inc.,Basic Materials
BVS,NASDAQ,Bioventus Inc. Class A Common Stock,Health Care
BW,NASDAQ,Babcock & Wilcox Enterprises Inc. Common Stock,Industrials
BW$A,NYSE,,Unknown
BWA,NASDAQ,BorgWarner Inc. Common Stock,Consumer Discretionary
BWAY,NASDAQ,BrainsWay Ltd. American Depositary Shares,Health Care
BWB,NASDAQ,Bridgewater Bancshares Inc. Common Stock,Finance
BWBBP,NASDAQ,Bridgewater Bancshares Inc. Depositary Shares Each Representing a 1/100th Interest in a Share of 5.875% Non-Cumulative Perpetual Preferred Stock Series A,Finance
BWEN,NASDAQ,Broadwind Inc. Common Stock,Telecommunications
BWFG,NASDAQ,Bankwell Financial Group Inc. Common Stock,Finance
BWG,NASDAQ,BrandywineGLOBAL Global Income Opportunities Fund Inc.,Finance
BWIN,NASDAQ,The Baldwin Insurance Group Inc. Class A Common Stock,Finance
BWLP,NASDAQ,BW LPG Limited Common Shares,Consumer Discretionary
BWMN,NASDAQ,Bowman Consulting Group Ltd. Common Stock,Consumer Discretionary
BWMX,NASDAQ,Betterware de Mexico S.A.P.I. de C.V. Ordinary Shares,Consumer Discretionary
BWNB,NASDAQ,Babcock & Wilcox Enterprises Inc. 6.50% Senior Notes due 2026,Industrials
BWXT,NASDAQ,BWX Technologies Inc. Common Stock,Industrials
BW^A,NASDAQ,Babcock & Wilcox Enterprises Inc. 7.75% Series A Cumulative Perpetual Preferred Stock,Unknown
BX,NASDAQ,Blackstone Inc. Common Stock,Finance
BXC,NASDAQ,Bluelinx Holdings Inc. Common Stock,Consumer Discretionary
BXMT,NASDAQ,Blackstone Mortgage Trust Inc. Common Stock,Real Estate
BXMX,NASDAQ,Nuveen S&P 500 Buy-Write Income Fund Common Shares of Beneficial Interest,Finance
BXP,NASDAQ,BXP Inc. Common Stock,Real Estate
BXSL,NASDAQ,Blackstone Secured Lending Fund Common Shares of Beneficial Interest,Finance
BY,NASDAQ,Byline Bancorp Inc. Common Stock,Finance
BYAH,NASDAQ,Park Ha Biological Technology Co. Ltd. Class A Ordinary Shares,Consumer Discretionary
BYD,NASDAQ,Boyd Gaming Corporation Common Stock,Consumer Discretionary
BYFC,NASDAQ,Broadway Financial Corporation Class A Common Stock,Finance
BYND,NASDAQ,Beyond Meat Inc. Common Stock,Consumer Staples
BYRN,NASDAQ,Byrna Technologies Inc. Common Stock,Miscellaneous
BYSI,NASDAQ,BeyondSpring Inc. Ordinary Shares,Health Care
BZ,NASDAQ,KANZHUN LIMITED American Depository Shares,Technology
BZAI,NASDAQ,Blaize Holdings Inc. Common Stock,Finance
BZAIW,NASDAQ,Blaize Holdings Inc. Warrants,Finance
BZFD,NASDAQ,BuzzFeed Inc. Class A Common Stock,Consumer Discretionary
BZFDW,NASDAQ,BuzzFeed Inc. Warrant,Consumer Discretionary
BZH,NASDAQ,Beazer Homes USA Inc. Common Stock,Consumer Discretionary
BZUN,NASDAQ,Baozun Inc. American Depositary Shares,Consumer Discretionary
C,NASDAQ,Citigroup Inc. Common Stock,Finance
C$N,NYSE,,Unknown
C$R,NYSE,,Unknown
CAAP,NASDAQ,Corporacion America Airports SA Common Shares,Consumer Discretionary
CAAS,NASDAQ,China Automotive Systems Inc. Ordinary Share,Consumer Discretionary
CABA,NASDAQ,Cabaletta Bio Inc. Common Stock,Health Care
CABO,NASDAQ,Cable One Inc. Common Stock,Telecommunications
CABR,NASDAQ,Caring Brands Inc. Common Stock,Consumer Discretionary
CAC,NASDAQ,Camden National Corporation Common Stock,Finance
CACC,NASDAQ,Credit Acceptance Corporation Common Stock,Finance
CACI,NASDAQ,CACI International Inc. Class A Common Stock,Technology
CADL,NASDAQ,Candel Therapeutics Inc. Common Stock,Health Care
CAE,NASDAQ,CAE Inc. Ordinary Shares,Miscellaneous
CAEP,NASDAQ,Cantor Equity Partners III Inc. Class A Ordinary Shares,Unknown
CAF,NASDAQ,Morgan Stanley China A Share Fund Inc. Common Stock,Finance
CAG,NASDAQ,ConAgra Brands Inc. Common Stock,Consumer Staples
CAH,NASDAQ,Cardinal Health Inc. Common Stock,Health Care
CAI,NASDAQ,Caris Life Sciences Inc. Common Stock,Health Care
CAKE,NASDAQ,Cheesecake Factory Incorporated (The) Common Stock,Consumer Discretionary
CAL,NASDAQ,Caleres Inc. Common Stock,Consumer Discretionary
CALC,NASDAQ,CalciMedica Inc. Common Stock,Health Care
CALM,NASDAQ,Cal-Maine Foods Inc. Common Stock,Consumer Staples
CALX,NASDAQ,Calix Inc Common Stock,Consumer Discretionary
CALY,NASDAQ,Callaway Golf Company Common Stock,Consumer Discretionary
CAMP,NASDAQ,CAMP4 Therapeutics Corporation Common Stock,Unknown
CAMT,NASDAQ,Camtek Ltd. Ordinary Shares,Technology
CAN,NASDAQ,Canaan Inc. American Depositary Shares,Technology
CANF,NASDAQ,Can-Fite Biopharma Ltd American Depositary Shares each representing two (2) Ordinary Shares,Health Care
CANG,NASDAQ,Cango Inc. Class A Ordinary Shares,Technology
CAPL,NASDAQ,CrossAmerica Partners LP Common Units representing limited partner interests,Energy
CAPN,NASDAQ,Cayson Acquisition Corp Ordinary shares,Unknown
CAPNU,NASDAQ,Cayson Acquisition Corp Unit,Unknown
CAPR,NASDAQ,Capricor Therapeutics Inc. Common Stock,Health Care
CAPS,NASDAQ,Capstone Holding Corp. Common Stock,Consumer Discretionary
CAPT,NASDAQ,Captivision Inc. Ordinary Shares,Miscellaneous
CAPTW,NASDAQ,Captivision Inc. Warrant,Miscellaneous
CAQUU,NASDAQ,Cambridge Acquisition Corp. Unit,Unknown
CAR,NASDAQ,Avis Budget Group Inc. Common Stock,Consumer Discretionary
CARE,NASDAQ,Carter Bankshares Inc. Common Stock,Finance
CARG,NASDAQ,CarGurus Inc. Class A Common Stock,Technology
CARL,NASDAQ,Carlsmed Inc. Common Stock,Health Care
CARR,NASDAQ,Carrier Global Corporation Common Stock,Industrials
CARS,NASDAQ,Cars.com Inc. Common Stock,Technology
CART,NASDAQ,Maplebear Inc. Common Stock,Real Estate
CASH,NASDAQ,Pathward Financial Inc. Common Stock,Finance
CASS,NASDAQ,Cass Information Systems Inc Common Stock,Real Estate
CAST,NASDAQ,FreeCast Inc. Class A Common Stock,Technology
CASY,NASDAQ,Casey's General Stores Inc. Common Stock,Consumer Discretionary
CAT,NASDAQ,Caterpillar Inc. Common Stock,Industrials
CATO,NASDAQ,Cato Corporation (The) Class A Common Stock,Consumer Discretionary
CATX,NASDAQ,Perspective Therapeutics Inc. Common Stock,Health Care
CATY,NASDAQ,Cathay General Bancorp Common Stock,Finance
CAVA,NASDAQ,CAVA Group Inc. Common Stock,Consumer Discretionary
CB,NASDAQ,Chubb Limited  Common Stock,Finance
CBAN,NASDAQ,Colony Bankcorp Inc. Common Stock,Finance
CBAT,NASDAQ,CBAK Energy Technology Inc. Common Stock,Miscellaneous
CBC,NASDAQ,Central Bancompany Inc. Class A Common Stock,Unknown
CBFV,NASDAQ,CB Financial Services Inc. Common Stock,Finance
CBIO,NASDAQ,Crescent Biopharma Inc. Common Stock,Health Care
CBK,NASDAQ,Commercial Bancgroup Inc. Common Stock,Finance
CBL,NASDAQ,CBL & Associates Properties Inc. Common Stock,Real Estate
CBLL,NASDAQ,CeriBell Inc. Common Stock,Health Care
CBNA,NASDAQ,Chain Bridge Bancorp Inc. Class A Common Stock,Finance
CBNK,NASDAQ,Capital Bancorp Inc. Common Stock,Finance
CBOE,NASDAQ,Cboe Global Markets Inc. Common Stock,Finance
CBRE,NASDAQ,CBRE Group Inc Common Stock Class A,Finance
CBRL,NASDAQ,Cracker Barrel Old Country Store Inc Common Stock,Consumer Discretionary
CBSH,NASDAQ,Commerce Bancshares Inc. Common Stock,Finance
CBT,NASDAQ,Cabot Corporation Common Stock,Industrials
CBU,NASDAQ,Community Financial System Inc. Common Stock,Finance
CBUS,NASDAQ,Cibus Inc. Class A Common Stock,Industrials
CBZ,NASDAQ,CBIZ Inc. Common Stock,Real Estate
CC,NASDAQ,Chemours Company (The) Common Stock,Industrials
CCAP,NASDAQ,Crescent Capital BDC Inc. Common stock,Finance
CCB,NASDAQ,Coastal Financial Corporation Common Stock,Finance
CCBG,NASDAQ,Capital City Bank Group Common Stock,Finance
CCC,NASDAQ,CCC Intelligent Solutions Holdings Inc. Common Stock,Technology
CCCC,NASDAQ,C4 Therapeutics Inc. Common Stock,Health Care
CCD,NASDAQ,Calamos Dynamic Convertible & Income Fund Common Stock,Finance
CCEC,NASDAQ,Capital Clean Energy Carriers Corp. Common Share,Consumer Discretionary
CCEL,NASDAQ,Cryo-Cell International Inc. Common Stock,Health Care
CCEP,NASDAQ,Coca-Cola Europacific Partners plc Ordinary Shares,Consumer Staples
CCG,NASDAQ,Cheche Group Inc. Class A Ordinary Shares,Finance
CCGWW,NASDAQ,Cheche Group Inc. Warrant,Finance
CCHH,NASDAQ,CCH Holdings Ltd Ordinary Shares,Consumer Discretionary
CCI,NASDAQ,Crown Castle Inc. Common Stock,Real Estate
CCID,NASDAQ,Carlyle Credit Income Fund 7.375% Series D Term Preferred Shares due 2028,Unknown
CCIF,NASDAQ,Carlyle Credit Income Fund Shares of Beneficial Interest,Finance
CCII,NASDAQ,Cohen Circle Acquisition Corp. II Class A Ordinary Shares,Unknown
CCIIW,NASDAQ,Cohen Circle Acquisition Corp. II Warrant,Unknown
CCIX,NASDAQ,Churchill Capital Corp IX Ordinary Shares,Technology
CCIXU,NASDAQ,Churchill Capital Corp IX Unit,Technology
CCIXW,NASDAQ,Churchill Capital Corp IX Warrant,Technology
CCJ,NASDAQ,Cameco Corporation Common Stock,Basic Materials
CCK,NASDAQ,Crown Holdings Inc.,Industrials
CCL,NASDAQ,Carnival Corporation Common Stock,Consumer Discretionary
CCLD,NASDAQ,CareCloud Inc. Common Stock,Technology
CCLDO,NASDAQ,CareCloud Inc. 8.75% Series B Cumulative Redeemable Perpetual Preferred Stock,Technology
CCM,NASDAQ,Concord Medical Services Holdings Limited American Depositary Shares (Each represents thirty (30) Class A ordinary shares),Health Care
CCNE,NASDAQ,CNB Financial Corporation Common Stock,Finance
CCNEP,NASDAQ,CNB Financial Corporation Depositary Shares each representing a 1/40th ownership interest in a share of 7.125% Series A Fixed-Rate Non-Cumulative Perpetual Preferred Stock,Finance
CCO,NASDAQ,Clear Channel Outdoor Holdings Inc. Common Stock,Consumer Discretionary
CCOI,NASDAQ,Cogent Communications Holdings Inc.,Consumer Discretionary
CCRN,NASDAQ,Cross Country Healthcare Inc. Common Stock $0.0001 Par Value,Consumer Discretionary
CCS,NASDAQ,Century Communities Inc. Common Stock,Consumer Discretionary
CCSI,NASDAQ,Consensus Cloud Solutions Inc. Common Stock,Technology
CCTG,NASDAQ,CCSC Technology International Holdings Limited Class A Ordinary Shares,Consumer Discretionary
CCU,NASDAQ,Compania Cervecerias Unidas S.A. Common Stock,Consumer Staples
CCXI,NASDAQ,Churchill Capital Corp XI Class A Ordinary Shares,Unknown
CCXIU,NASDAQ,Churchill Capital Corp XI Units,Finance
CCZ,NASDAQ,Comcast Holdings ZONES,Telecommunications
CD,NASDAQ,Chaince Digital Holdings Inc. Ordinary Shares,Finance
CDE,NASDAQ,Coeur Mining Inc. Common Stock,Basic Materials
CDIO,NASDAQ,Cardio Diagnostics Holdings Inc. Common stock,Health Care
CDIOW,NASDAQ,Cardio Diagnostics Holdings Inc. Warrant,Health Care
CDLR,NASDAQ,Cadeler A/S American Depositary Share (each representing four (4) Ordinary Shares),Consumer Discretionary
CDLX,NASDAQ,Cardlytics Inc. Common Stock,Technology
CDNA,NASDAQ,CareDx Inc. Common Stock,Health Care
CDNL,NASDAQ,Cardinal Infrastructure Group Inc. Class A Common Stock,Industrials
CDNS,NASDAQ,Cadence Design Systems Inc. Common Stock,Technology
CDP,NASDAQ,COPT Defense Properties Common Shares of Beneficial Interest,Real Estate
CDR$B,NYSE,,Unknown
CDR$C,NYSE,,Unknown
CDRE,NASDAQ,Cadre Holdings Inc. Common Stock,Health Care
CDRO,NASDAQ,Codere Online Luxembourg S.A. Ordinary Shares,Consumer Discretionary
CDROW,NASDAQ,Codere Online Luxembourg S.A. Warrants,Consumer Discretionary
CDR^B,NASDAQ,Cedar Realty Trust Inc. 7.25% Series B Cumulative Redeemable Preferred Stock,Unknown
CDR^C,NASDAQ,Cedar Realty Trust Inc. 6.50% Series C Cumulative Redeemable Preferred Stock,Unknown
CDT,NASDAQ,CDT Equity Inc. Common Stock,Health Care
CDTG,NASDAQ,CDT Environmental Technology Investment Holdings Limited ordinary shares,Industrials
CDW,NASDAQ,CDW Corporation Common Stock,Technology
CDXS,NASDAQ,Codexis Inc. Common Stock,Industrials
CDZI,NASDAQ,CADIZ Inc. Common Stock,Utilities
CDZIP,NASDAQ,Cadiz Inc. Depositary Shares,Utilities
CE,NASDAQ,Celanese Corporation Common Stock,Industrials
CECO,NASDAQ,CECO Environmental Corp. Common Stock,Industrials
CEE,NASDAQ,The Central and Eastern Europe Fund Inc. (The) Common Stock,Finance
CEG,NASDAQ,Constellation Energy Corporation Common Stock,Utilities
CELC,NASDAQ,Celcuity Inc. Common Stock,Health Care
CELH,NASDAQ,Celsius Holdings Inc. Common Stock,Consumer Staples
CELU,NASDAQ,Celularity Inc. Class A Common Stock,Health Care
CELUW,NASDAQ,Celularity Inc. Warrant,Health Care
CELZ,NASDAQ,Creative Medical Technology Holdings Inc. Common Stock,Finance
CENN,NASDAQ,Cenntro Inc. Common Stock,Industrials
CENT,NASDAQ,Central Garden & Pet Company Common Stock,Consumer Discretionary
CENTA,NASDAQ,Central Garden & Pet Company Class A Common Stock Nonvoting,Consumer Discretionary
CENX,NASDAQ,Century Aluminum Company Common Stock,Industrials
CEPF,NASDAQ,Cantor Equity Partners IV Inc. Class A Ordinary Shares,Finance
CEPO,NASDAQ,Cantor Equity Partners I Inc. Class A Ordinary Shares,Finance
CEPS,NASDAQ,Cantor Equity Partners VI Inc. Class A Ordinary Shares,Finance
CEPT,NASDAQ,Cantor Equity Partners II Inc. Class A Ordinary Share,Finance
CEPU,NASDAQ,Central Puerto S.A. American Depositary Shares (each represents ten Common Shares),Utilities
CEPV,NASDAQ,Cantor Equity Partners V Inc. Class A Ordinary Shares,Unknown
CERS,NASDAQ,Cerus Corporation Common Stock,Technology
CERT,NASDAQ,Certara Inc. Common Stock,Technology
CET,NASDAQ,Central Securities Corporation Common Stock,Finance
CETX,NASDAQ,Cemtrex Inc. Common Stock,Technology
CETY,NASDAQ,Clean Energy Technologies Inc. Common Stock,Consumer Discretionary
CEV,NASDAQ,Eaton Vance California Municipal Income Trust Shares of Beneficial Interest,Finance
CEVA,NASDAQ,CEVA Inc. Common Stock,Technology
CF,NASDAQ,CF Industries Holdings Inc. Common Stock,Industrials
CFBK,NASDAQ,CF Bankshares Inc. Common Stock,Finance
CFFI,NASDAQ,C&F Financial Corporation Common Stock,Finance
CFFN,NASDAQ,Capitol Federal Financial Inc. Common Stock,Finance
CFG,NASDAQ,Citizens Financial Group Inc. Common Stock,Finance
CFG$E,NYSE,,Unknown
CFG$H,NYSE,,Unknown
CFG$I,NYSE,,Unknown
CFG^E,NASDAQ,Citizens Financial Group Inc. Depositary Shares Each Representing 1/40th Interest in a Share of 5.000% Fixed-Rate Non-Cumulative Perpetual Preferred Stock Series E,Unknown
CFG^H,NASDAQ,Citizens Financial Group Inc. Depositary Shares Each Representing a 1/40th Interest in a Share of 7.375% Fixed-Rate Non-Cumulative Perpetual Preferred Stock Series H,Unknown
CFG^I,NASDAQ,Citizens Financial Group Inc. Depositary Shares Each Representing a 1/40th Interest in a Share of 6.500% Fixed-Rate Reset Non-Cumulative Perpetual Preferred Stock Series I,Unknown
CFLT,NASDAQ,Confluent Inc. Class A Common Stock,Technology
CFND,NASDAQ,C1 Fund Inc. Common Stock,Unknown
CFR,NASDAQ,Cullen/Frost Bankers Inc. Common Stock,Finance
CFR$B,NYSE,,Unknown
CFR^B,NASDAQ,Cullen/Frost Bankers Inc. Depositary Shares each representing a 1/40th ownership interest in a share of 4.450% non-cumulative perpetual preferred stock Series B,Unknown
CG,NASDAQ,The Carlyle Group Inc. Common Stock,Finance
CGABL,NASDAQ,The Carlyle Group Inc. 4.625% Subordinated Notes due 2061,Finance
CGAU,NASDAQ,Centerra Gold Inc. Common Shares,Basic Materials
CGBD,NASDAQ,Carlyle Secured Lending Inc. Common Stock,Finance
CGC,NASDAQ,Canopy Growth Corporation Common Shares,Health Care
CGCT,NASDAQ,Cartesian Growth Corporation III Class A Ordinary Shares,Finance
CGCTU,NASDAQ,Cartesian Growth Corporation III Unit,Finance
CGCTW,NASDAQ,Cartesian Growth Corporation III Warrant,Finance
CGEM,NASDAQ,Cullinan Therapeutics Inc. Common Stock,Health Care
CGEN,NASDAQ,Compugen Ltd. Ordinary Shares,Health Care
CGNT,NASDAQ,Cognyte Software Ltd. Ordinary Shares,Technology
CGNX,NASDAQ,Cognex Corporation Common Stock,Industrials
CGO,NASDAQ,Calamos Global Total Return Fund Common Stock,Finance
CGON,NASDAQ,CG Oncology Inc. Common stock,Health Care
CGTL,NASDAQ,Creative Global Technology Holdings Limited Class A Ordinary Shares,Technology
CGTX,NASDAQ,Cognition Therapeutics Inc. Common Stock,Health Care
CGV,NYSE,,Unknown
CHA,NASDAQ,Chagee Holdings Limited American Depositary Shares,Consumer Discretionary
CHAC,NASDAQ,Crane Harbor Acquisition Corp. Class A Ordinary Shares,Unknown
CHACR,NASDAQ,Crane Harbor Acquistion Corp. Rights,Finance
CHACU,NASDAQ,Crane Harbor Acquisition Corp. Units,Finance
CHAI,NASDAQ,Core AI Holdings Inc. Common Shares,Telecommunications
CHAR,NASDAQ,Charlton Aria Acquisition Corporation Class A Ordinary Shares,Unknown
CHARU,NASDAQ,Charlton Aria Acquisition Corporation Units,Unknown
CHCI,NASDAQ,Comstock Holding Companies Inc. Class A Common Stock,Finance
CHCO,NASDAQ,City Holding Company Common Stock,Finance
CHCT,NASDAQ,Community Healthcare Trust Incorporated Common Stock,Real Estate
CHD,NASDAQ,Church & Dwight Company Inc. Common Stock,Consumer Discretionary
CHDN,NASDAQ,Churchill Downs Incorporated Common Stock,Consumer Discretionary
CHE,NASDAQ,Chemed Corp,Health Care
CHEC,NASDAQ,Chenghe Acquisition III Co. Class A Ordinary Share,Unknown
CHECU,NASDAQ,Chenghe Acquisition III Co. Units,Finance
CHEF,NASDAQ,The Chefs' Warehouse Inc. Common Stock,Consumer Discretionary
CHGG,NASDAQ,Chegg Inc. Common Stock,Real Estate
CHH,NASDAQ,Choice Hotels International Inc. Common Stock,Consumer Discretionary
CHI,NASDAQ,Calamos Convertible Opportunities and Income Fund Common Stock,Finance
CHKP,NASDAQ,Check Point Software Technologies Ltd. Ordinary Shares,Technology
CHMG,NASDAQ,Chemung Financial Corp Common Stock,Finance
CHMI,NASDAQ,Cherry Hill Mortgage Investment Corporation Common Stock,Real Estate
CHMI$A,NYSE,,Unknown
CHMI$B,NYSE,,Unknown
CHMI^A,NASDAQ,Cherry Hill Mortgage Investment Corporation 8.20% Series A Cumulative Redeemable Preferred Stock,Unknown
CHMI^B,NASDAQ,Cherry Hill Mortgage Investment Corporation 8.250% Series B Fixed-to-Floating Rate Cumulative Redeemable Preferred Stock,Unknown
CHNR,NASDAQ,China Natural Resources Inc. Common Stock,Basic Materials
CHOW,NASDAQ,ChowChow Cloud International Holdings Limited Ordinary Shares,Technology
CHPG,NASDAQ,ChampionsGate Acquisition Corporation Class A Ordinary Share,Unknown
CHPGU,NASDAQ,ChampionsGate Acquisition Corporation Unit,Unknown
CHPT,NASDAQ,ChargePoint Holdings Inc. Common Stock,Consumer Discretionary
CHR,NASDAQ,Cheer Holding Inc. Class A Ordinary Share,Technology
CHRD,NASDAQ,Chord Energy Corporation Common Stock,Energy
CHRS,NASDAQ,Coherus Oncology Inc. Common Stock,Health Care
CHRW,NASDAQ,C.H. Robinson Worldwide Inc. Common Stock,Industrials
CHSCL,NASDAQ,CHS Inc Class B Cumulative Redeemable Preferred Stock Series 4,Industrials
CHSCM,NASDAQ,CHS Inc Class B Reset Rate Cumulative Redeemable Preferred Stock Series 3,Industrials
CHSCN,NASDAQ,CHS Inc Preferred Class B Series 2 Reset Rate,Industrials
CHSCO,NASDAQ,CHS Inc. Class B Cumulative Redeemable Preferred Stock,Industrials
CHSCP,NASDAQ,CHS Inc. 8%  Cumulative Redeemable Preferred Stock,Industrials
CHSN,NASDAQ,Chanson International Holding Class A Ordinary Shares,Consumer Staples
CHT,NASDAQ,Chunghwa Telecom Co. Ltd.,Telecommunications
CHTR,NASDAQ,Charter Communications Inc. Class A Common Stock New,Telecommunications
CHW,NASDAQ,Calamos Global Dynamic Income Fund Common Stock,Finance
CHWY,NASDAQ,Chewy Inc. Class A Common Stock,Consumer Discretionary
CHY,NASDAQ,Calamos Convertible and High Income Fund Common Stock,Finance
CHYM,NASDAQ,Chime Financial Inc. Class A Common Stock,Finance
CI,NASDAQ,The Cigna Group Common Stock,Health Care
CIA,NASDAQ,Citizens Inc. Class A Common Stock ($1.00 Par),Finance
CIB,NASDAQ,Grupo Cibest S.A. American Depositary Shares each representing four Preferred Shares,Finance
CICB,NASDAQ,CION Investment Corporation 7.50% Notes due 2029,Finance
CICC,NASDAQ,CION Investment Corporation 7.50% Notes due 2031,Finance
CIEN,NASDAQ,Ciena Corporation Common Stock,Utilities
CIF,NASDAQ,MFS Intermediate High Income Fund Common Stock,Finance
CIFR,NASDAQ,Cipher Digital Inc. Common Stock,Finance
CIG,NASDAQ,Comp En De Mn Cemig ADS American Depositary Shares,Utilities
CIGI,NASDAQ,Colliers International Group Inc. Subordinate Voting Shares,Finance
CIGL,NASDAQ,Concorde International Group Ltd Class A Ordinary Shares,Consumer Discretionary
CII,NASDAQ,BlackRock Enhanced Large Cap Core Fund Inc. Common Stock,Finance
CIIT,NASDAQ,Tianci International Inc. Common Stock,Energy
CIK,NASDAQ,Credit Suisse Asset Management Income Fund Inc. Common Stock,Finance
CIM,NASDAQ,Chimera Investment Corporation Common Stock,Real Estate
CIM$A,NYSE,,Unknown
CIM$B,NYSE,,Unknown
CIM$C,NYSE,,Unknown
CIM$D,NYSE,,Unknown
CIMN,NASDAQ,Chimera Investment Corporation 9.000% Senior Notes due 2029,Real Estate
CIMO,NASDAQ,Chimera Investment Corporation 9.250% Senior Notes due 2029,Real Estate
CIMP,NASDAQ,Chimera Investment Corporation 8.875% Senior Notes due 2030,Real Estate
CIM^A,NASDAQ,Chimera Investment Corporation 8.00% Series A Cumulative Redeemable Preferred Stock,Unknown
CIM^B,NASDAQ,Chimera Investment Corporation 8.00% Series B Fixed-to-Floating Rate Cumulative Redeemable Preferred Stock,Unknown
CIM^C,NASDAQ,Chimera Investment Corporation 7.75% Series C Fixed-to-Floating Rate  Cumulative Redeemable  Preferred Stock,Unknown
CIM^D,NASDAQ,Chimera Investment Corporation 8.00% Series D Fixed-to-Floating Rate Cumulative Redeemable Preferred Stock,Unknown
CINF,NASDAQ,Cincinnati Financial Corporation Common Stock,Finance
CING,NASDAQ,Cingulate Inc. Common Stock,Health Care
CINGW,NASDAQ,Cingulate Inc. Warrants,Health Care
CINT,NASDAQ,CI&T Inc Class A Common Shares,Technology
CION,NASDAQ,CION Investment Corporation Common Stock,Finance
CISO,NASDAQ,CISO Global Inc. Common Stock,Consumer Discretionary
CISS,NASDAQ,C3is Inc. Common Stock,Consumer Discretionary
CITR,NASDAQ,CitroTech Inc. Common Stock,Industrials
CIVB,NASDAQ,Civista Bancshares Inc. Common Stock,Finance
CIX,NASDAQ,CompX International Inc. Common Stock,Consumer Discretionary
CJMB,NASDAQ,Callan JMB Inc. Common Stock,Real Estate
CKX,NASDAQ,CKX Lands Inc. Common Stock,Energy
CL,NASDAQ,Colgate-Palmolive Company Common Stock,Consumer Discretionary
CLAR,NASDAQ,Clarus Corporation Common Stock,Consumer Discretionary
CLB,NASDAQ,Core Laboratories Inc. Common Stock,Energy
CLBK,NASDAQ,Columbia Financial Inc. Common Stock,Finance
CLBT,NASDAQ,Cellebrite DI Ltd. Ordinary Shares,Technology
CLDI,NASDAQ,Calidi Biotherapeutics Inc. Common Stock,Health Care
CLDT,NASDAQ,Chatham Lodging Trust (REIT) Common Shares of Beneficial Interest,Real Estate
CLDT$A,NYSE,,Unknown
CLDT^A,NASDAQ,Chatham Lodging Trust (REIT) 6.625% Series A Cumulative Redeemable Preferred Shares of Beneficial Interest,Unknown
CLDX,NASDAQ,Celldex Therapeutics Inc.,Health Care
CLF,NASDAQ,Cleveland-Cliffs Inc. Common Stock,Basic Materials
CLFD,NASDAQ,Clearfield Inc. Common Stock,Utilities
CLGN,NASDAQ,CollPlant Biotechnologies Ltd Ordinary Shares,Health Care
CLH,NASDAQ,Clean Harbors Inc. Common Stock,Industrials
CLIK,NASDAQ,Click Holdings Limited Class A Ordinary Share,Consumer Discretionary
CLIR,NASDAQ,ClearSign Technologies Corporation Common Stock (DE),Industrials
CLLS,NASDAQ,Cellectis S.A. American Depositary Shares,Health Care
CLM,NASDAQ,Cornerstone Strategic Investment Fund Inc. Common Shares,Finance
CLMB,NASDAQ,Climb Global Solutions Inc. Common Stock,Technology
CLMT,NASDAQ,Calumet Inc. Common Stock,Energy
CLNE,NASDAQ,Clean Energy Fuels Corp. Common Stock,Utilities
CLNN,NASDAQ,Clene Inc. Common Stock,Health Care
CLOV,NASDAQ,Clover Health Investments Corp. Class A Common Stock,Health Care
CLPR,NASDAQ,Clipper Realty Inc. Common Stock,Real Estate
CLPS,NASDAQ,CLPS Incorporation Common Stock,Technology
CLPT,NASDAQ,ClearPoint Neuro Inc. Common Stock,Health Care
CLRB,NASDAQ,Cellectar Biosciences Inc.  Common Stock,Health Care
CLRO,NASDAQ,ClearOne Inc. (DE) Common Stock,Utilities
CLS,NASDAQ,Celestica Inc. Common Stock,Technology
CLSK,NASDAQ,CleanSpark Inc. Common Stock,Finance
CLSKW,NASDAQ,CleanSpark Inc. Warrant,Finance
CLST,NASDAQ,Catalyst Bancorp Inc. Common Stock,Finance
CLVT,NASDAQ,Clarivate Plc Ordinary Shares,Technology
CLW,NASDAQ,Clearwater Paper Corporation Common Stock,Basic Materials
CLWT,NASDAQ,Euro Tech Holdings Company Limited Common Stock,Consumer Discretionary
CLX,NASDAQ,Clorox Company (The) Common Stock,Consumer Discretionary
CLYM,NASDAQ,Climb Bio Inc. Common Stock,Health Care
CM,NASDAQ,Canadian Imperial Bank of Commerce Common Stock,Finance
CMBM,NASDAQ,Cambium Networks Corporation Ordinary Shares,Technology
CMBT,NASDAQ,CMB.TECH NV Ordinary Shares,Consumer Discretionary
CMC,NASDAQ,Commercial Metals Company Common Stock,Industrials
CMCL,NASDAQ,Caledonia Mining Corporation Plc Common Shares,Basic Materials
CMCM,NASDAQ,Cheetah Mobile Inc. American Depositary Shares each representing fifty (50) Class A Ordinary Shares,Technology
CMCO,NASDAQ,Columbus McKinnon Corporation Common Stock,Industrials
CMCSA,NASDAQ,Comcast Corporation Class A Common Stock,Telecommunications
CMCT,NASDAQ,Creative Media & Community Trust Corporation Common stock,Real Estate
CMDB,NASDAQ,Costamare Bulkers Holdings Limited Common Stock,Consumer Discretionary
CME,NASDAQ,CME Group Inc. Class A Common Stock,Finance
CMG,NASDAQ,Chipotle Mexican Grill Inc. Common Stock,Consumer Discretionary
CMI,NASDAQ,Cummins Inc. Common Stock,Industrials
CMII,NASDAQ,Columbus Circle Capital Corp II Class A Ordinary Shares,Finance
CMIIU,NASDAQ,Columbus Circle Capital Corp II Unit,Health Care
CMIIW,NASDAQ,Columbus Circle Capital Corp II Warrant,Finance
CMMB,NASDAQ,Chemomab Therapeutics Ltd. American Depositary Share,Health Care
CMND,NASDAQ,Clearmind Medicine Inc. Common Shares,Health Care
CMP,NASDAQ,Compass Minerals Intl Inc Common Stock,Industrials
CMPR,NASDAQ,Cimpress plc Ordinary Shares (Ireland),Consumer Discretionary
CMPS,NASDAQ,COMPASS Pathways Plc American Depository Shares,Health Care
CMPX,NASDAQ,Compass Therapeutics Inc. Common Stock,Health Care
CMRC,NASDAQ,Commerce.com Inc. Series 1 Common Stock,Technology
CMRE,NASDAQ,Costamare Inc. Common Stock $0.0001 par value,Consumer Discretionary
CMRE$B,NYSE,,Unknown
CMRE$C,NYSE,,Unknown
CMRE$D,NYSE,,Unknown
CMRE^B,NASDAQ,Costamare Inc. Perpetual Preferred Stock Series B (Marshall Islands),Unknown
CMRE^C,NASDAQ,Costamare Inc. Perpetual Preferred Series C (Marshall Islands),Unknown
CMRE^D,NASDAQ,Costamare Inc. 8.75% Series D Cumulative Redeemable Perpetual Preferred Stock,Unknown
CMS,NASDAQ,CMS Energy Corporation Common Stock,Utilities
CMS$B,NYSE,,Unknown
CMS$C,NYSE,,Unknown
CMSA,NASDAQ,CMS Energy Corporation 5.625% Junior Subordinated Notes due 2078,Utilities
CMSC,NASDAQ,CMS Energy Corporation 5.875% Junior Subordinated Notes due 2078,Utilities
CMSD,NASDAQ,CMS Energy Corporation 5.875% Junior Subordinated Notes due 2079,Utilities
CMS^B,NASDAQ,CMS Energy Corporation Preferred Stock,Unknown
CMS^C,NASDAQ,CMS Energy Corporation Depositary Shares each representing a 1/1000th interest in a share of 4.200% Cumulative Redeemable Perpetual Preferred Stock Series C,Unknown
CMT,NASDAQ,Core Molding Technologies Inc Common Stock,Industrials
CMTG,NASDAQ,Claros Mortgage Trust Inc. Common Stock,Finance
CMTL,NASDAQ,Comtech Telecommunications Corp. Common Stock,Technology
CMTV,NASDAQ,Community Bancorp. Common Stock,Finance
CMU,NASDAQ,MFS Municipal Income Trust Common Stock,Finance
CNA,NASDAQ,CNA Financial Corporation Common Stock,Finance
CNC,NASDAQ,Centene Corporation Common Stock,Health Care
CNCK,NASDAQ,Coincheck Group N.V. Ordinary Shares,Finance
CNCKW,NASDAQ,Coincheck Group N.V. Warrants,Finance
CNDT,NASDAQ,Conduent Incorporated Common Stock,Real Estate
CNET,NASDAQ,ZW Data Action Technologies Inc. Common Stock,Technology
CNEY,NASDAQ,CN Energy Group Inc. Class A Ordinary Shares,Industrials
CNF,NASDAQ,CNFinance Holdings Limited American Depositary Shares each representing two hundred (200) Ordinary Shares,Finance
CNH,NASDAQ,CNH Industrial N.V. Common Shares,Industrials
CNI,NASDAQ,Canadian National Railway Company Common Stock,Industrials
CNK,NASDAQ,Cinemark Holdings Inc Cinemark Holdings Inc. Common Stock,Consumer Discretionary
CNL,NASDAQ,Collective Mining Ltd. Common Shares,Unknown
CNM,NASDAQ,Core & Main Inc. Class A Common Stock,Consumer Discretionary
CNMD,NASDAQ,CONMED Corporation Common Stock,Health Care
CNNE,NASDAQ,Cannae Holdings Inc. Common Stock,Consumer Discretionary
CNO,NASDAQ,CNO Financial Group Inc. Common Stock,Finance
CNO$A,NYSE,,Unknown
CNOB,NASDAQ,ConnectOne Bancorp Inc. Common Stock,Finance
CNOBP,NASDAQ,ConnectOne Bancorp Inc. Depositary Shares each representing a 1/40th interest in a share of 5.25% Fixed-Rate Reset Non-Cumulative Perpetual Preferred Stock Series A,Finance
CNO^A,NASDAQ,CNO Financial Group Inc. 5.125% Subordinated Debentures due 2060,Unknown
CNP,NASDAQ,CenterPoint Energy Inc (Holding Co) Common Stock,Utilities
CNQ,NASDAQ,Canadian Natural Resources Limited Common Stock,Energy
CNR,NASDAQ,Core Natural Resources Inc. Common Stock,Energy
CNS,NASDAQ,Cohen & Steers Inc Common Stock,Finance
CNSP,NASDAQ,CNS Pharmaceuticals Inc. Common Stock,Health Care
CNTA,NASDAQ,Centessa Pharmaceuticals plc American Depositary Shares,Health Care
CNTB,NASDAQ,Connect Biopharma Holdings Limited Ordinary Shares,Health Care
CNTN,NASDAQ,Canton Strategic Holdings Inc. Common Stock,Health Care
CNTX,NASDAQ,Context Therapeutics Inc. Common Stock,Health Care
CNTY,NASDAQ,Century Casinos Inc. Common Stock,Consumer Discretionary
CNVS,NASDAQ,Cineverse Corp. Class A Common Stock,Consumer Discretionary
CNX,NASDAQ,CNX Resources Corporation Common Stock,Energy
CNXC,NASDAQ,Concentrix Corporation Common Stock,Technology
CNXN,NASDAQ,PC Connection Inc. Common Stock,Consumer Discretionary
COCH,NASDAQ,Envoy Medical Inc. Class A Common Stock,Health Care
COCHW,NASDAQ,Envoy Medical Inc Warrant,Health Care
COCO,NASDAQ,The Vita Coco Company Inc. Common Stock,Consumer Staples
COCP,NASDAQ,Cocrystal Pharma Inc. Common Stock,Health Care
CODA,NASDAQ,Coda Octopus Group Inc. Common stock,Industrials
CODI,NASDAQ,D/B/A Compass Diversified Holdings Shares of Beneficial Interest,Consumer Discretionary
CODI$A,NYSE,,Unknown
CODI$B,NYSE,,Unknown
CODI$C,NYSE,,Unknown
CODI^A,NASDAQ,Compass Diversified Holdings 7.250% Series A Preferred Shares representing beneficial interest in Compass Diversified Holdings,Unknown
CODI^B,NASDAQ,Compass Diversified Holdings 7.875% Series B Fixed-to-Floating Rate Cumulative Preferred Shares representing beneficial interests in Compass Diversified Holdings,Unknown
CODI^C,NASDAQ,Compass Diversified Holdings 7.875% Series C Cumulative Preferred Shares,Unknown
CODX,NASDAQ,Co-Diagnostics Inc. Common Stock,Health Care
COE,NASDAQ,51Talk Online Education Group American depositary shares each representing 60 Class A ordinary shares,Real Estate
COEP,NASDAQ,Coeptis Therapeutics Holdings Inc. Common Stock,Health Care
COF,NASDAQ,Capital One Financial Corporation Common Stock,Finance
COF$I,NYSE,,Unknown
COF$J,NYSE,,Unknown
COF$K,NYSE,,Unknown
COF$L,NYSE,,Unknown
COF$N,NYSE,,Unknown
COFS,NASDAQ,ChoiceOne Financial Services Inc. Common Stock,Finance
COF^I,NASDAQ,Capital One Financial Corporation Depositary shares each representing a 1/40th interest in a share of Fixed Rate Non-Cumulative Perpetual Preferred Stock Series I of the Issuer,Unknown
COF^J,NASDAQ,Capital One Financial Corporation Depositary Shares Each Representing a 1/40th Interest in a Share of Fixed Rate Non- Cumulative Perpetual Preferred Stock Series J,Unknown
COF^K,NASDAQ,Capital One Financial Corporation Depositary Shares Each Representing a 1/40th Ownership Interest in a Share of Fixed Rate Non-Cumulative Perpetual Preferred Stock Series K,Unknown
COF^L,NASDAQ,Capital One Financial Corporation Depositary Shares Each Representing a 1/40th Interest in a Share of Fixed Rate Non-Cumulative Perpetual Preferred Stock Series L,Unknown
COF^N,NASDAQ,Capital One Financial Corporation Depositary Shares Each Representing a 1/40th Ownership Interest in a Share of Fixed Rate Non-Cumulative Perpetual Preferred Stock Series N,Unknown
COGT,NASDAQ,Cogent Biosciences Inc. Common Stock,Health Care
COHN,NASDAQ,Cohen & Company Inc.,Finance
COHR,NASDAQ,Coherent Corp. Common Stock,Technology
COHU,NASDAQ,Cohu Inc. Common Stock,Industrials
COIN,NASDAQ,Coinbase Global Inc. Class A Common Stock,Finance
COKE,NASDAQ,Coca-Cola Consolidated Inc. Common Stock,Consumer Staples
COLA,NASDAQ,Columbus Acquisition Corp Ordinary Shares,Unknown
COLAR,NASDAQ,Columbus Acquisition Corp Rights,Finance
COLB,NASDAQ,Columbia Banking System Inc. Common Stock,Finance
COLD,NASDAQ,Americold Realty Trust Inc. Common Stock,Real Estate
COLL,NASDAQ,Collegium Pharmaceutical Inc. Common Stock,Health Care
COLM,NASDAQ,Columbia Sportswear Company Common Stock,Consumer Discretionary
COMP,NASDAQ,Compass Inc. Class A Common Stock,Technology
CON,NASDAQ,Concentra Group Holdings Parent Inc. Common Stock,Health Care
COO,NASDAQ,The Cooper Companies Inc. Common Stock,Health Care
COOK,NASDAQ,Traeger Inc. Common Stock,Consumer Discretionary
COOT,NASDAQ,Australian Oilseeds Holdings Limited Ordinary Shares,Consumer Staples
COOTW,NASDAQ,Australian Oilseeds Holdings Limited Warrant,Consumer Staples
COP,NASDAQ,ConocoPhillips Common Stock,Energy
COPL,NASDAQ,Copley Acquisition Corp Ordinary Shares,Unknown
COR,NASDAQ,Cencora Inc. Common Stock,Health Care
CORT,NASDAQ,Corcept Therapeutics Incorporated Common Stock,Health Care
CORZ,NASDAQ,Core Scientific Inc. Common Stock,Finance
CORZW,NASDAQ,Core Scientific Inc. Tranche 1 Warrants,Finance
CORZZ,NASDAQ,Core Scientific Inc. Tranche 2 Warrants,Finance
COSM,NASDAQ,Cosmos Health Inc. Common Stock,Health Care
COSO,NASDAQ,CoastalSouth Bancshares Inc. Common Stock,Finance
COST,NASDAQ,Costco Wholesale Corporation Common Stock,Consumer Discretionary
COTY,NASDAQ,Coty Inc. Class A Common Stock,Consumer Discretionary
COUR,NASDAQ,Coursera Inc. Common Stock,Technology
COYA,NASDAQ,Coya Therapeutics Inc. Common Stock,Health Care
CP,NASDAQ,Canadian Pacific Kansas City Limited Common Shares,Industrials
CPA,NASDAQ,Copa Holdings S.A. Class A Common Stock,Consumer Discretionary
CPAC,NASDAQ,Cementos Pacasmayo S.A.A. American Depositary Shares (Each representing five Common Shares),Industrials
CPAI,NYSE,,Unknown
CPAY,NASDAQ,Corpay Inc. Common Stock,Real Estate
CPB,NASDAQ,The Campbell's Company Common Stock,Consumer Staples
CPBI,NASDAQ,Central Plains Bancshares Inc. Common Stock,Finance
CPF,NASDAQ,Central Pacific Financial Corp New,Finance
CPHC,NASDAQ,Canterbury Park Holding Corporation 'New' Common Stock,Consumer Discretionary
CPHI,NASDAQ,China Pharma Holdings Inc. Common Stock,Health Care
CPIX,NASDAQ,Cumberland Pharmaceuticals Inc. Common Stock,Health Care
CPK,NASDAQ,Chesapeake Utilities Corporation Common Stock,Utilities
CPNG,NASDAQ,Coupang Inc. Class A Common Stock,Consumer Discretionary
CPOP,NASDAQ,Pop Culture Group Co. Ltd Class A Ordinary Shares,Consumer Discretionary
CPRI,NASDAQ,Capri Holdings Limited Ordinary Shares,Consumer Discretionary
CPRT,NASDAQ,Copart Inc. (DE) Common Stock,Consumer Discretionary
CPRX,NASDAQ,Catalyst Pharmaceuticals Inc. Common Stock,Health Care
CPS,NASDAQ,Cooper-Standard Holdings Inc. Common Stock,Consumer Discretionary
CPSH,NASDAQ,CPS Technologies Corp. Common Stock,Consumer Discretionary
CPSS,NASDAQ,Consumer Portfolio Services Inc. Common Stock,Finance
CPT,NASDAQ,Camden Property Trust Common Stock,Real Estate
CPZ,NASDAQ,Calamos Long/Short Equity & Dynamic Income Trust Common Stock,Finance
CQP,NASDAQ,Cheniere Energy Partners LP Common Units,Utilities
CR,NASDAQ,Crane Company Common Stock,Industrials
CRAC,NASDAQ,Crown Reserve Acquisition Corp. I Class A Ordinary Shares,Unknown
CRACU,NASDAQ,Crown Reserve Acquisition Corp. I Unit,Finance
CRACW,NASDAQ,Crown Reserve Acquisition Corp. I Warrant,Unknown
CRAI,NASDAQ,CRA International Inc. Common Stock,Consumer Discretionary
CRAN,NASDAQ,Crane Harbor Acquisition Corp. II Class A Ordinary Shares,Finance
CRANR,NASDAQ,Crane Harbor Acquisition Corp. II Rights,Finance
CRANU,NASDAQ,Crane Harbor Acquisition Corp. II Units,Unknown
CRBD,NASDAQ,Corebridge Financial Inc. 6.375% Junior Subordinated Notes due 2064,Finance
CRBG,NASDAQ,Corebridge Financial Inc. Common Stock,Finance
CRBP,NASDAQ,Corbus Pharmaceuticals Holdings Inc. Common Stock,Health Care
CRBU,NASDAQ,Caribou Biosciences Inc. Common Stock,Health Care
CRC,NASDAQ,California Resources Corporation Common Stock,Energy
CRCL,NASDAQ,Circle Internet Group Inc. Class A Common Stock,Finance
CRCT,NASDAQ,Cricut Inc. Class A Common Stock,Technology
CRD/A,NASDAQ,Crawford & Company,Unknown
CRD/B,NASDAQ,Crawford & Company,Unknown
CRDF,NASDAQ,Cardiff Oncology Inc. Common Stock,Health Care
CRDL,NASDAQ,Cardiol Therapeutics Inc. Class A Common Shares,Health Care
CRDO,NASDAQ,Credo Technology Group Holding Ltd Ordinary Shares,Technology
CRE,NASDAQ,Cre8 Enterprise Limited Class A Ordinary Shares,Consumer Discretionary
CREG,NASDAQ,Smart Powerr Corp. Common Stock,Real Estate
CRESY,NASDAQ,Cresud S.A.C.I.F. y A. American Depositary Shares,Finance
CREX,NASDAQ,Creative Realities Inc. Common Stock,Technology
CRF,NASDAQ,Cornerstone Total Return Fund Inc. (The) Common Stock,Finance
CRGO,NASDAQ,Freightos Limited Ordinary shares,Industrials
CRGOW,NASDAQ,Freightos Limited Warrants,Industrials
CRGY,NASDAQ,Crescent Energy Company Class A Common Stock,Energy
CRH,NASDAQ,CRH PLC Ordinary Shares,Industrials
CRI,NASDAQ,Carter's Inc. Common Stock,Consumer Discretionary
CRIS,NASDAQ,Curis Inc. Common Stock,Health Care
CRK,NASDAQ,Comstock Resources Inc. Common Stock,Energy
CRL,NASDAQ,Charles River Laboratories International Inc. Common Stock,Health Care
CRM,NASDAQ,Salesforce Inc. Common Stock,Technology
CRMD,NASDAQ,CorMedix Inc. Common Stock,Health Care
CRML,NASDAQ,Critical Metals Corp. Ordinary Shares,Basic Materials
CRMLW,NASDAQ,Critical Metals Corp. Warrants,Basic Materials
CRMT,NASDAQ,America's Car-Mart Inc Common Stock,Consumer Discretionary
CRNC,NASDAQ,Cerence Inc. Common Stock,Technology
CRNT,NASDAQ,Ceragon Networks Ltd. Ordinary Shares,Technology
CRNX,NASDAQ,Crinetics Pharmaceuticals Inc. Common Stock,Health Care
CRON,NASDAQ,Cronos Group Inc. Common Share,Health Care
CROX,NASDAQ,Crocs Inc. Common Stock,Consumer Discretionary
CRS,NASDAQ,Carpenter Technology Corporation Common Stock,Industrials
CRSP,NASDAQ,CRISPR Therapeutics AG Common Shares,Health Care
CRSR,NASDAQ,Corsair Gaming Inc. Common Stock,Technology
CRT,NASDAQ,Cross Timbers Royalty Trust Common Stock,Energy
CRTO,NASDAQ,Criteo S.A. American Depositary Shares,Consumer Discretionary
CRUS,NASDAQ,Cirrus Logic Inc. Common Stock,Technology
CRVL,NASDAQ,CorVel Corp. Common Stock,Finance
CRVO,NASDAQ,CervoMed Inc. Common Stock,Health Care
CRVS,NASDAQ,Corvus Pharmaceuticals Inc. Common Stock,Health Care
CRWD,NASDAQ,CrowdStrike Holdings Inc. Class A Common Stock,Technology
CRWS,NASDAQ,Crown Crafts Inc Common Stock,Consumer Discretionary
CRWV,NASDAQ,CoreWeave Inc. Class A Common Stock,Technology
CSAI,NASDAQ,Cloudastructure Inc. Class A Common Stock,Technology
CSAN,NASDAQ,Cosan S.A. ADS,Consumer Discretionary
CSBR,NASDAQ,Champions Oncology Inc. Common Stock,Health Care
CSCO,NASDAQ,Cisco Systems Inc. Common Stock (DE),Telecommunications
CSGP,NASDAQ,CoStar Group Inc. Common Stock,Real Estate
CSGS,NASDAQ,CSG Systems International Inc. Common Stock,Technology
CSIQ,NASDAQ,Canadian Solar Inc. Common Shares (ON),Technology
CSL,NASDAQ,Carlisle Companies Incorporated Common Stock,Industrials
CSPI,NASDAQ,CSP Inc. Common Stock,Technology
CSQ,NASDAQ,Calamos Strategic Total Return Common Stock,Finance
CSR,NASDAQ,D/B/A Centerspace Common Stock,Real Estate
CSTE,NASDAQ,Caesarstone Ltd. Ordinary Shares,Industrials
CSTL,NASDAQ,Castle Biosciences Inc. Common Stock,Health Care
CSTM,NASDAQ,Constellium SE Ordinary Shares (France),Industrials
CSV,NASDAQ,Carriage Services Inc. Common Stock,Consumer Discretionary
CSW,NASDAQ,CSW Industrials Inc. Common Stock,Industrials
CSWC,NASDAQ,Capital Southwest Corporation Common Stock,Consumer Discretionary
CSX,NASDAQ,CSX Corporation Common Stock,Industrials
CTA$A,NYSE,,Unknown
CTA$B,NYSE,,Unknown
CTAAU,NASDAQ,ClearThink 1 Acquisition Corp. Units,Finance
CTAS,NASDAQ,Cintas Corporation Common Stock,Industrials
CTA^A,NASDAQ,EIDP Inc. Preferred Stock $3.50 Series,Unknown
CTA^B,NASDAQ,EIDP Inc. Preferred Stock $4.50 Series,Unknown
CTBB,NASDAQ,Qwest Corporation 6.5% Notes due 2056,Telecommunications
CTBI,NASDAQ,Community Trust Bancorp Inc. Common Stock,Finance
CTDD,NASDAQ,Qwest Corporation 6.75% Notes due 2057,Telecommunications
CTEV,NASDAQ,Claritev Corporation Class A Common Stock,Real Estate
CTGO,NASDAQ,Contango ORE Inc. Common Stock,Basic Materials
CTKB,NASDAQ,Cytek Biosciences Inc. Common Stock,Industrials
CTLP,NASDAQ,Cantaloupe Inc. Common Stock,Miscellaneous
CTM,NASDAQ,Castellum Inc. Common Stock,Consumer Discretionary
CTMX,NASDAQ,CytomX Therapeutics Inc. Common Stock,Health Care
CTNM,NASDAQ,Contineum Therapeutics Inc. Class A Common Stock,Health Care
CTNT,NASDAQ,Cheetah Net Supply Chain Service Inc Class A Common Stock,Consumer Discretionary
CTO,NASDAQ,CTO Realty Growth Inc. Common Stock,Real Estate
CTO$A,NYSE,,Unknown
CTOR,NASDAQ,Citius Oncology Inc. Common Stock,Health Care
CTOS,NASDAQ,Custom Truck One Source Inc. Common Stock,Consumer Discretionary
CTO^A,NASDAQ,CTO Realty Growth Inc. 6.375% Series A Cumulative Redeemable Preferred Stock,Unknown
CTRA,NASDAQ,Coterra Energy Inc. Common Stock,Energy
CTRE,NASDAQ,CareTrust REIT Inc. Common Stock,Real Estate
CTRI,NASDAQ,Centuri Holdings Inc. Common Stock,Utilities
CTRM,NASDAQ,Castor Maritime Inc. Common Shares,Consumer Discretionary
CTRN,NASDAQ,Citi Trends Inc. Common Stock,Consumer Discretionary
CTS,NASDAQ,CTS Corporation Common Stock,Technology
CTSH,NASDAQ,Cognizant Technology Solutions Corporation Class A Common Stock,Technology
CTSO,NASDAQ,Cytosorbents Corporation Common Stock,Health Care
CTVA,NASDAQ,Corteva Inc. Common Stock,Consumer Staples
CTW,NASDAQ,CTW Cayman Class A Ordinary Shares,Technology
CTXR,NASDAQ,Citius Pharmaceuticals Inc. Common Stock,Health Care
CUB,NASDAQ,Lionheart Holdings Class A Ordinary Shares,Industrials
CUBB,NASDAQ,Customers Bancorp Inc 5.375% Subordinated Notes Due 2034,Finance
CUBE,NASDAQ,CubeSmart Common Shares,Real Estate
CUBI,NASDAQ,Customers Bancorp Inc Common Stock,Finance
CUE,NASDAQ,Cue Biopharma Inc. Common Stock,Health Care
CUK,NASDAQ,Carnival Plc ADS ADS,Consumer Discretionary
CULP,NASDAQ,Culp Inc. Common Stock,Consumer Discretionary
CUPR,NASDAQ,Cuprina Holdings (Cayman) Limited Class A Ordinary Shares,Health Care
CURB,NASDAQ,Curbline Properties Corp. Common Stock,Finance
CURI,NASDAQ,CuriosityStream Inc. Class A Common Stock,Consumer Discretionary
CURR,NASDAQ,Currenc Group Inc. Ordinary Shares,Real Estate
CURV,NASDAQ,Torrid Holdings Inc. Common Stock,Consumer Discretionary
CURX,NASDAQ,Curanex Pharmaceuticals Inc Common Stock,Health Care
CUZ,NASDAQ,Cousins Properties Incorporated Common Stock,Real Estate
CV,NASDAQ,CapsoVision Inc. Common Stock,Health Care
CVBF,NASDAQ,CVB Financial Corporation Common Stock,Finance
CVCO,NASDAQ,Cavco Industries Inc. Common Stock When Issued,Consumer Discretionary
CVE,NASDAQ,Cenovus Energy Inc Common Stock,Energy
CVEO,NASDAQ,Civeo Corporation (Canada) Common Shares,Consumer Discretionary
CVGI,NASDAQ,Commercial Vehicle Group Inc. Common Stock,Consumer Discretionary
CVGW,NASDAQ,Calavo Growers Inc. Common Stock,Consumer Discretionary
CVI,NASDAQ,CVR Energy Inc. Common Stock,Energy
CVKD,NASDAQ,Cadrenal Therapeutics Inc. Common Stock,Health Care
CVLG,NASDAQ,Covenant Logistics Group Inc. Class A Common Stock,Industrials
CVLT,NASDAQ,Commvault Systems Inc. Common Stock,Technology
CVM,NASDAQ,Cel-Sci Corporation Common Stock,Health Care
CVNA,NASDAQ,Carvana Co. Class A Common Stock,Consumer Discretionary
CVR,NASDAQ,Chicago Rivet & Machine Co. Common Stock,Industrials
CVRX,NASDAQ,CVRx Inc. Common Stock,Health Care
CVS,NASDAQ,CVS Health Corporation Common Stock,Consumer Staples
CVSA,NASDAQ,Covista Inc. Common Shares,Real Estate
CVU,NASDAQ,CPI Aerostructures Inc. Common Stock,Industrials
CVV,NASDAQ,CVD Equipment Corporation Common Stock,Technology
CVX,NASDAQ,Chevron Corporation Common Stock,Energy
CW,NASDAQ,Curtiss-Wright Corporation Common Stock,Technology
CWAN,NASDAQ,Clearwater Analytics Holdings Inc. Class A Common Stock,Technology
CWBC,NASDAQ,Community West Bancshares Common Stock,Finance
CWCO,NASDAQ,Consolidated Water Co. Ltd. Ordinary Shares,Utilities
CWD,NASDAQ,CaliberCos Inc. Class A Common Stock,Finance
CWEN,NASDAQ,Clearway Energy Inc. Class C Common Stock,Utilities
CWH,NASDAQ,Camping World Holdings Inc. Class A Common Stock,Consumer Discretionary
CWK,NASDAQ,Cushman & Wakefield Ltd. Common Shares,Finance
CWST,NASDAQ,Casella Waste Systems Inc. Class A Common Stock,Utilities
CWT,NASDAQ,California Water Service Group Common Stock,Utilities
CX,NASDAQ,Cemex S.A.B. de C.V. Sponsored ADR,Industrials
CXAI,NASDAQ,CXApp Inc. Class A Common Stock,Technology
CXAIW,NASDAQ,CXApp Inc. Warrant,Technology
CXDO,NASDAQ,Crexendo Inc. Common Stock,Telecommunications
CXE,NASDAQ,MFS High Income Municipal Trust Common Stock,Finance
CXH,NASDAQ,MFS Investment Grade Municipal Trust Common Stock,Finance
CXM,NASDAQ,Sprinklr Inc. Class A Common Stock,Technology
CXT,NASDAQ,Crane NXT Co. Common Stock,Industrials
CXW,NASDAQ,CoreCivic Inc. Common Stock,Real Estate
CYCN,NASDAQ,Cyclerion Therapeutics Inc. Common Stock,Health Care
CYCU,NASDAQ,Cycurion Inc. Common Stock,Technology
CYCUW,NASDAQ,Cycurion Inc. Warrant,Technology
CYD,NASDAQ,China Yuchai International Limited Common Stock,Industrials
CYH,NASDAQ,Community Health Systems Inc. Common Stock,Health Care
CYN,NASDAQ,Cyngn Inc. Common Stock,Technology
CYPH,NASDAQ,Cypherpunk Technologies Inc. Common Stock,Health Care
CYRX,NASDAQ,CryoPort Inc. Common Stock,Health Care
CYTK,NASDAQ,Cytokinetics Incorporated Common Stock,Health Care
CZFS,NASDAQ,Citizens Financial Services Inc. Common Stock,Finance
CZNC,NASDAQ,Citizens & Northern Corp Common Stock,Finance
CZR,NASDAQ,Caesars Entertainment Inc. Common Stock,Consumer Discretionary
CZWI,NASDAQ,Citizens Community Bancorp Inc. Common Stock,Finance
C^N,NASDAQ,Citigroup Capital XIII 7.875% Fixed rate Floating Rate trust Preferred Securities (TruPS),Unknown
C^R,NASDAQ,Citigroup Inc. Depositary Shares Each Representing a 1/1000th Interest in a Share of 6.250% Noncumulative Preferred Stock Series II,Unknown
D,NASDAQ,Dominion Energy Inc. Common Stock,Utilities
DAAQ,NASDAQ,Digital Asset Acquisition Corp. Class A Ordinary shares,Finance
DAAQU,NASDAQ,Digital Asset Acquisition Corp. Units,Finance
DAAQW,NASDAQ,Digital Asset Acquisition Corp. Warrant,Finance
DAC,NASDAQ,Danaos Corporation Common Stock,Consumer Discretionary
DAIC,NASDAQ,CID HoldCo Inc. Common Stock,Technology
DAICW,NASDAQ,CID HoldCo Inc. Warrants,Technology
DAIO,NASDAQ,Data I/O Corporation Common Stock,Industrials
DAKT,NASDAQ,Daktronics Inc. Common Stock,Consumer Discretionary
DAL,NASDAQ,Delta Air Lines Inc. Common Stock,Consumer Discretionary
DAN,NASDAQ,Dana Incorporated Common Stock,Consumer Discretionary
DAO,NASDAQ,Youdao Inc. American Depositary Shares each representing one Class A Ordinary Share,Real Estate
DAR,NASDAQ,Darling Ingredients Inc. Common Stock,Consumer Staples
DARE,NASDAQ,Dare Bioscience Inc. Common Stock,Health Care
DASH,NASDAQ,DoorDash Inc. Class A Common Stock,Technology
DAVA,NASDAQ,Endava plc American Depositary Shares (each representing one Class A Ordinary Share),Technology
DAVE,NASDAQ,Dave Inc. Class A Common Stock,Finance
DAVEW,NASDAQ,Dave Inc. Warrants,Finance
DAWN,NASDAQ,Day One Biopharmaceuticals Inc. Common Stock,Health Care
DB,NASDAQ,Deutsche Bank AG Common Stock,Finance
DBCA,NASDAQ,D. Boral Acquisition I Corp. Class A Ordinary Shares,Finance
DBCAU,NASDAQ,D. Boral Acquisition I Corp. Unit,Finance
DBCAW,NASDAQ,D. Boral Acquisition I Corp. Warrants,Finance
DBD,NASDAQ,Diebold Nixdorf Incorporated Common stock,Miscellaneous
DBGI,NASDAQ,Digital Brands Group Inc. Common Stock,Consumer Discretionary
DBI,NASDAQ,Designer Brands Inc. Class A Common Stock,Consumer Discretionary
DBL,NASDAQ,DoubleLine Opportunistic Credit Fund Common Shares of Beneficial Interest,Unknown
DBRG,NASDAQ,DigitalBridge Group Inc.,Real Estate
DBRG$H,NYSE,,Unknown
DBRG$I,NYSE,,Unknown
DBRG$J,NYSE,,Unknown
DBRG^H,NASDAQ,DigitalBridge Group Inc. 7.125% Series H,Unknown
DBRG^I,NASDAQ,DigitalBridge Group Inc. 7.15% Series I,Unknown
DBRG^J,NASDAQ,DigitalBridge Group Inc. 7.125% Series J,Unknown
DBVT,NASDAQ,DBV Technologies S.A. American Depositary Shares,Health Care
DBX,NASDAQ,Dropbox Inc. Class A Common Stock,Technology
DC,NASDAQ,Dakota Gold Corp. Common Stock,Basic Materials
DCBO,NASDAQ,Docebo Inc. Common Shares,Technology
DCGO,NASDAQ,DocGo Inc. Common Stock,Health Care
DCH,NASDAQ,Dauch Corporation Common Stock,Consumer Discretionary
DCI,NASDAQ,Donaldson Company Inc. Common Stock,Industrials
DCO,NASDAQ,Ducommun Incorporated Common Stock,Industrials
DCOM,NASDAQ,Dime Community Bancshares Inc. Common Stock,Finance
DCOMG,NASDAQ,Dime Community Bancshares Inc. 9.000% Fixed-to-Floating Rate Subordinated Notes due 2034,Finance
DCOMP,NASDAQ,Dime Community Bancshares Inc. Fixed-Rate Non-Cumulative Perpetual Preferred Stock Series A,Finance
DCOY,NASDAQ,Decoy Therapeutics Inc. Common Stock,Health Care
DCTH,NASDAQ,Delcath Systems Inc. Common Stock,Health Care
DCX,NASDAQ,Digital Currency X Technology Inc. Class A Ordinary Shares,Industrials
DD,NASDAQ,DuPont de Nemours Inc. Common Stock,Industrials
DDC,NASDAQ,DDC Enterprise Limited Class A Ordinary Shares,Consumer Staples
DDD,NASDAQ,3D Systems Corporation Common Stock,Technology
DDI,NASDAQ,DoubleDown Interactive Co. Ltd. American Depository Shares,Technology
DDL,NASDAQ,Dingdong (Cayman) Limited American Depositary Shares (each two representing three Ordinary Shares),Consumer Discretionary
DDOG,NASDAQ,Datadog Inc. Class A Common Stock,Technology
DDS,NASDAQ,Dillard's Inc. Common Stock,Consumer Discretionary
DDT,NASDAQ,Dillard's Capital Trust I,Consumer Discretionary
DE,NASDAQ,Deere & Company Common Stock,Industrials
DEA,NASDAQ,Easterly Government Properties Inc. Common Stock,Real Estate
DEC,NASDAQ,Diversified Energy Company Common Stock,Unknown
DECK,NASDAQ,Deckers Outdoor Corporation Common Stock,Consumer Discretionary
DEFT,NASDAQ,Defi Technologies Inc. Common Stock,Finance
DEI,NASDAQ,Douglas Emmett Inc. Common Stock,Real Estate
DELL,NASDAQ,Dell Technologies Inc. Class C Common Stock,Technology
DEO,NASDAQ,Diageo plc Common Stock,Consumer Staples
DERM,NASDAQ,Journey Medical Corporation Common Stock,Health Care
DEVS,NASDAQ,DevvStream Corp. Common Stock,Finance
DFDV,NASDAQ,DeFi Development Corp. Common Stock,Finance
DFDVW,NASDAQ,DeFi Development Corp. Warrant,Unknown
DFH,NASDAQ,Dream Finders Homes Inc. Class A Common Stock,Consumer Discretionary
DFIN,NASDAQ,Donnelley Financial Solutions Inc. Common Stock,Consumer Discretionary
DFLI,NASDAQ,Dragonfly Energy Holdings Corp. Common Stock (NV),Miscellaneous
DFLIW,NASDAQ,Dragonfly Energy Holdings Corp. Warrant,Miscellaneous
DFNS,NASDAQ,T3 Defense Inc. Common Stock,Consumer Discretionary
DFNSW,NASDAQ,T3 Defense Inc. Warrants,Consumer Discretionary
DFP,NASDAQ,Flaherty & Crumrine Dynamic Preferred and Income Fund Inc. Common Stock,Finance
DFSC,NASDAQ,DEFSEC Technologies Inc. Common Stock,Technology
DFTX,NASDAQ,Definium Therapeutics Inc. Common Shares,Health Care
DG,NASDAQ,Dollar General Corporation Common Stock,Consumer Discretionary
DGICA,NASDAQ,Donegal Group Inc. Class A Common Stock,Finance
DGICB,NASDAQ,Donegal Group Inc. Class B Common Stock,Finance
DGII,NASDAQ,Digi International Inc. Common Stock,Telecommunications
DGNX,NASDAQ,Diginex Limited Ordinary Shares,Technology
DGX,NASDAQ,Quest Diagnostics Incorporated Common Stock,Health Care
DGXX,NASDAQ,Digi Power X Inc. Subordinate Voting Shares,Finance
DH,NASDAQ,Definitive Healthcare Corp. Class A Common Stock,Technology
DHC,NASDAQ,Diversified Healthcare Trust Common Shares of Beneficial Interest,Real Estate
DHCNI,NASDAQ,Diversified Healthcare Trust 5.625% Senior Notes due 2042,Real Estate
DHCNL,NASDAQ,Diversified Healthcare Trust 6.25% Senior Notes Due 2046,Real Estate
DHF,NASDAQ,BNY Mellon High Yield Strategies Fund Common Stock,Finance
DHI,NASDAQ,D.R. Horton Inc. Common Stock,Consumer Discretionary
DHIL,NASDAQ,Diamond Hill Investment Group Inc. Class A Common Stock,Finance
DHR,NASDAQ,Danaher Corporation Common Stock,Industrials
DHT,NASDAQ,DHT Holdings Inc.,Consumer Discretionary
DHX,NASDAQ,DHI Group Inc. Common Stock,Real Estate
DHY,NASDAQ,Credit Suisse High Yield Credit Fund Common Stock,Finance
DIAX,NASDAQ,Nuveen Dow 30SM Dynamic Overwrite Fund Common Shares of Beneficial Interest,Finance
DIBS,NASDAQ,1stdibs.com Inc. Common Stock,Consumer Discretionary
DIN,NASDAQ,Dine Brands Global Inc. Common Stock,Consumer Discretionary
DINO,NASDAQ,HF Sinclair Corporation Common Stock,Energy
DIOD,NASDAQ,Diodes Incorporated Common Stock,Technology
DIS,NASDAQ,Walt Disney Company (The) Common Stock,Consumer Discretionary
DIT,NASDAQ,AMCON Distributing Company Common Stock,Consumer Discretionary
DIVY,NYSE,,Unknown
DJCO,NASDAQ,Daily Journal Corp. (S.C.) Common Stock,Consumer Discretionary
DJT,NASDAQ,Trump Media & Technology Group Corp. Common Stock,Technology
DJTWW,NASDAQ,Trump Media & Technology Group Corp. Warrants,Technology
DK,NASDAQ,Delek US Holdings Inc. Common Stock,Energy
DKI,NASDAQ,DarkIris Inc. Class A Ordinary Shares,Technology
DKL,NASDAQ,Delek Logistics Partners L.P. Common Units representing Limited Partner Interests,Energy
DKNG,NASDAQ,DraftKings Inc. Class A Common Stock,Consumer Discretionary
DKS,NASDAQ,Dick's Sporting Goods Inc Common Stock,Consumer Discretionary
DLB,NASDAQ,Dolby Laboratories Common Stock,Miscellaneous
DLHC,NASDAQ,DLH Holdings Corp.,Consumer Discretionary
DLNG,NASDAQ,Dynagas LNG Partners LP Common Units,Consumer Discretionary
DLNG$A,NYSE,,Unknown
DLNG^A,NASDAQ,Dynagas LNG Partners LP 9.00% Series A Cumulative Redeemable Preferred Units,Unknown
DLO,NASDAQ,DLocal Limited Class A Common Shares,Real Estate
DLPN,NASDAQ,Dolphin Entertainment Inc. Common Stock,Consumer Discretionary
DLR,NASDAQ,Digital Realty Trust Inc. Common Stock,Real Estate
DLR$J,NYSE,,Unknown
DLR$K,NYSE,,Unknown
DLR$L,NYSE,,Unknown
DLR^J,NASDAQ,Digital Realty Trust Inc. 5.250% Series J Cumulative Redeemable Preferred Stock,Unknown
DLR^K,NASDAQ,Digital Realty Trust Inc. 5.850% Series K Cumulative Redeemable Preferred Stock par value $0.01 per share,Unknown
DLR^L,NASDAQ,Digital Realty Trust Inc. 5.200% Series L Cumulative Redeemable Preferred Stock,Unknown
DLTH,NASDAQ,Duluth Holdings Inc. Class B Common Stock,Consumer Discretionary
DLTR,NASDAQ,Dollar Tree Inc. Common Stock,Consumer Discretionary
DLX,NASDAQ,Deluxe Corporation Common Stock,Consumer Discretionary
DLXY,NASDAQ,Delixy Holdings Limited Ordinary Shares,Energy
DLY,NASDAQ,DoubleLine Yield Opportunities Fund Common Shares of Beneficial Interest,Finance
DMA,NASDAQ,Destra Multi-Alternative Fund Common Stock,Finance
DMAA,NASDAQ,Drugs Made In America Acquisition Corp. Ordinary Shares,Unknown
DMAAR,NASDAQ,Drugs Made In America Acquisition Corp. Rights,Finance
DMAAU,NASDAQ,Drugs Made In America Acquisition Corp. Units,Finance
DMAC,NASDAQ,DiaMedica Therapeutics Inc. Common Stock,Health Care
DMB,NASDAQ,BNY Mellon Municipal Bond Infrastructure Fund Inc. Common Stock,Finance
DMII,NASDAQ,Drugs Made In America Acquisition II Corp. Ordinary Shares,Finance
DMIIR,NASDAQ,Drugs Made In America Acquisition II Corp. Right,Finance
DMIIU,NASDAQ,Drugs Made In America Acquisition II Corp. Unit,Unknown
DMLP,NASDAQ,Dorchester Minerals L.P. Common Units Representing Limited Partnership Interests,Energy
DMO,NASDAQ,Western Asset Mortgage Opportunity Fund Inc. Common Stock,Finance
DMRA,NASDAQ,Damora Therapeutics Inc. Common Stock,Health Care
DMRC,NASDAQ,Digimarc Corporation Common Stock,Technology
DNA,NASDAQ,Ginkgo Bioworks Holdings Inc. Class A Common Stock,Health Care
DNLI,NASDAQ,Denali Therapeutics Inc. Common Stock,Health Care
DNMX,NASDAQ,Dynamix Corporation III Class A Ordinary Shares,Finance
DNMXU,NASDAQ,Dynamix Corporation III Unit,Finance
DNMXW,NASDAQ,Dynamix Corporation III Warrants,Finance
DNN,NASDAQ,Denison Mines Corp Ordinary Shares (Canada),Basic Materials
DNOW,NASDAQ,DNOW Inc. Common Stock,Consumer Discretionary
DNP,NASDAQ,DNP Select Income Fund Inc. Common Stock,Finance
DNTH,NASDAQ,Dianthus Therapeutics Inc. Common Stock,Health Care
DNUT,NASDAQ,Krispy Kreme Inc. Common Stock,Consumer Staples
DOC,NASDAQ,Healthpeak Properties Inc. Common Stock,Real Estate
DOCN,NASDAQ,DigitalOcean Holdings Inc. Common Stock,Technology
DOCS,NASDAQ,Doximity Inc. Class A Common Stock,Technology
DOCU,NASDAQ,DocuSign Inc. Common Stock,Technology
DOGZ,NASDAQ,Dogness (International) Corporation Class A Common Stock,Consumer Discretionary
DOLE,NASDAQ,Dole plc Ordinary Shares,Consumer Staples
DOMH,NASDAQ,Dominari Holdings Inc. Common Stock,Health Care
DOMO,NASDAQ,Domo Inc. Class B Common Stock,Technology
DOO,NASDAQ,BRP Inc. Common Subordinate Voting Shares,Consumer Discretionary
DORM,NASDAQ,Dorman Products Inc. Common Stock,Consumer Discretionary
DOUG,NASDAQ,Douglas Elliman Inc. Common Stock,Finance
DOV,NASDAQ,Dover Corporation Common Stock,Industrials
DOW,NASDAQ,Dow Inc. Common Stock,Industrials
DOX,NASDAQ,Amdocs Limited Ordinary Shares,Technology
DOYU,NASDAQ,DouYu International Holdings Limited ADS,Technology
DPG,NASDAQ,Duff & Phelps Utility and Infrastructure Fund Inc.,Finance
DPRO,NASDAQ,Draganfly Inc. Common Shares,Industrials
DPZ,NASDAQ,Domino's Pizza Inc Common Stock,Consumer Discretionary
DQ,NASDAQ,DAQO New Energy Corp. American Depositary Shares each representing five ordinary shares,Technology
DRCT,NASDAQ,Direct Digital Holdings Inc. Class A Common Stock,Consumer Discretionary
DRD,NASDAQ,DRDGOLD Limited American Depositary Shares,Basic Materials
DRDB,NASDAQ,Roman DBDR Acquisition Corp. II Ordinary shares,Unknown
DRDBU,NASDAQ,Roman DBDR Acquisition Corp. II Unit,Unknown
DRH,NASDAQ,Diamondrock Hospitality Company Common Stock,Real Estate
DRI,NASDAQ,Darden Restaurants Inc. Common Stock,Consumer Discretionary
DRIO,NASDAQ,DarioHealth Corp. Common Stock,Health Care
DRLL,NYSE,,Unknown
DRMA,NASDAQ,Dermata Therapeutics Inc. Common Stock,Health Care
DRMAW,NASDAQ,Dermata Therapeutics Inc. Warrant,Health Care
DRS,NASDAQ,Leonardo DRS Inc. Common Stock,Industrials
DRTS,NASDAQ,Alpha Tau Medical Ltd. Ordinary Shares,Health Care
DRTSW,NASDAQ,Alpha Tau Medical Ltd. Warrant,Health Care
DRUG,NASDAQ,Bright Minds Biosciences Inc. Common Stock,Health Care
DRVN,NASDAQ,Driven Brands Holdings Inc. Common Stock,Consumer Discretionary
DSAC,NASDAQ,Daedalus Special Acquisition Corp. Class A Ordinary Shares,Finance
DSACU,NASDAQ,Daedalus Special Acquisition Corp. Unit,Finance
DSACW,NASDAQ,Daedalus Special Acquisition Corp. Warrant,Finance
DSGN,NASDAQ,Design Therapeutics Inc. Common Stock,Health Care
DSGR,NASDAQ,Distribution Solutions Group Inc. Common Stock,Consumer Discretionary
DSGX,NASDAQ,Descartes Systems Group Inc. (The) Common Stock,Technology
DSL,NASDAQ,DoubleLine Income Solutions Fund Common Shares of Beneficial Interests,Finance
DSM,NASDAQ,BNY Mellon Strategic Municipal Bond Fund Inc. Common Stock,Finance
DSMC,NYSE,,Unknown
DSP,NASDAQ,Viant Technology Inc. Class A Common Stock,Technology
DSS,NASDAQ,DSS Inc. Common Stock,Consumer Discretionary
DSTX,NYSE,,Unknown
DSU,NASDAQ,Blackrock Debt Strategies Fund Inc. Common Stock,Finance
DSWL,NASDAQ,Deswell Industries Inc. Common Shares,Industrials
DSX,NASDAQ,Diana Shipping inc. common stock,Consumer Discretionary
DSX$B,NYSE,,Unknown
DSX^B,NASDAQ,Diana Shipping Inc. Perpetual Preferred Shares Series B (Marshall Islands),Unknown
DSY,NASDAQ,Big Tree Cloud Holdings Limited Class A Ordinary Shares,Consumer Discretionary
DSYWW,NASDAQ,Big Tree Cloud Holdings Limited Warrants,Consumer Discretionary
DT,NASDAQ,Dynatrace Inc. Common Stock,Technology
DTB,NASDAQ,DTE Energy Company 2020 Series G 4.375% Junior Subordinated Debentures due 2080,Utilities
DTCK,NASDAQ,Davis Commodities Limited Class A Ordinary Shares,Industrials
DTCX,NASDAQ,Datacentrex Inc. Common Stock,Technology
DTE,NASDAQ,DTE Energy Company Common Stock,Utilities
DTF,NASDAQ,DTF Tax-Free Income 2028 Term Fund Inc. Common Stock,Finance
DTG,NASDAQ,DTE Energy Company 2021 Series E 4.375% Junior Subordinated Debentures,Utilities
DTI,NASDAQ,Drilling Tools International Corporation Common Stock,Consumer Discretionary
DTIL,NASDAQ,Precision BioSciences Inc. Common Stock,Health Care
DTK,NASDAQ,DTE Energy Company 2025 Series H 6.25% Junior Subordinated Debentures due 2085,Utilities
DTM,NASDAQ,DT Midstream Inc. Common Stock,Utilities
DTSQ,NASDAQ,DT Cloud Star Acquisition Corporation Ordinary Shares,Unknown
DTSQR,NASDAQ,DT Cloud Star Acquisition Corporation Right,Unknown
DTSS,NASDAQ,Datasea Inc. Common Stock,Technology
DTST,NASDAQ,Data Storage Corporation Common Stock,Technology
DTSTW,NASDAQ,Data Storage Corporation Warrant,Technology
DTW,NASDAQ,DTE Energy Company 2017 Series E 5.25% Junior Subordinated Debentures due 2077,Utilities
DUK,NASDAQ,Duke Energy Corporation (Holding Company) Common Stock,Utilities
DUK$A,NYSE,,Unknown
DUKB,NASDAQ,Duke Energy Corporation 5.625% Junior Subordinated Debentures due 2078,Utilities
DUK^A,NASDAQ,Duke Energy Corporation Depositary Shares each representing a 1/1000th interest in a share of 5.75% Series A Cumulative Redeemable Perpetual Preferred Stock,Unknown
DUO,NASDAQ,Fangdd Network Group Ltd. Class A Ordinary Shares,Finance
DUOL,NASDAQ,Duolingo Inc. Class A Common Stock,Technology
DUOT,NASDAQ,Duos Technologies Group Inc. Common Stock,Technology
DV,NASDAQ,DoubleVerify Holdings Inc. Common Stock,Technology
DVA,NASDAQ,DaVita Inc. Common Stock,Health Care
DVLT,NASDAQ,Datavault AI Inc. Common Stock,Technology
DVN,NASDAQ,Devon Energy Corporation Common Stock,Energy
DVS,NASDAQ,Dolly Varden Silver Corporation Common Shares,Unknown
DWSN,NASDAQ,Dawson Geophysical Company Common Stock,Energy
DWTX,NASDAQ,Dogwood Therapeutics Inc. Common Stock,Health Care
DX,NASDAQ,Dynex Capital Inc. Common Stock,Real Estate
DX$C,NYSE,,Unknown
DXC,NASDAQ,DXC Technology Company Common Stock,Technology
DXCM,NASDAQ,DexCom Inc. Common Stock,Health Care
DXF,NASDAQ,Eason Technology Limited American Depositary Shares (each representing sixty-thousand (60000) Ordinary Shares),Finance
DXLG,NASDAQ,Destination XL Group Inc. Common Stock,Consumer Discretionary
DXPE,NASDAQ,DXP Enterprises Inc. Common Stock,Industrials
DXR,NASDAQ,Daxor Corporation Common Stock,Health Care
DXST,NASDAQ,Decent Holding Inc Class A Ordinary Shares,Industrials
DXYZ,NASDAQ,Destiny Tech100 Inc. Common Stock,Unknown
DX^C,NASDAQ,Dynex Capital Inc. 6.900% Series C Fixed-to-Floating Rate Cumulative Redeemable Preferred Stock,Unknown
DY,NASDAQ,Dycom Industries Inc. Common Stock,Industrials
DYAI,NASDAQ,Dyadic International Inc. Common Stock,Health Care
DYN,NASDAQ,Dyne Therapeutics Inc. Common Stock,Health Care
DYOR,NASDAQ,Insight Digital Partners II Class A Ordinary Shares,Finance
DYORU,NASDAQ,Insight Digital Partners II Units,Finance
DYORW,NASDAQ,Insight Digital Partners II Warrants,Finance
E,NASDAQ,ENI S.p.A. Common Stock,Energy
EA,NASDAQ,Electronic Arts Inc. Common Stock,Consumer Discretionary
EAD,NASDAQ,Allspring Income Opportunities Fund Common Shares,Finance
EAF,NASDAQ,GrafTech International Ltd. Common Stock,Energy
EAI,NASDAQ,Entergy Arkansas LLC First Mortgage Bonds 4.875% Series Due September 1 2066,Utilities
EARN,NASDAQ,Ellington Credit Company Common Shares of Beneficial Interest,Real Estate
EAT,NASDAQ,Brinker International Inc. Common Stock,Consumer Discretionary
EBAY,NASDAQ,eBay Inc. Common Stock,Real Estate
EBC,NASDAQ,Eastern Bankshares Inc. Common Stock,Finance
EBF,NASDAQ,Ennis Inc. Common Stock,Consumer Discretionary
EBMT,NASDAQ,Eagle Bancorp Montana Inc. Common Stock,Finance
EBON,NASDAQ,Ebang International Holdings Inc. Class A Ordinary Shares,Technology
EBS,NASDAQ,Emergent BioSolutions Inc. Common Stock,Health Care
EC,NASDAQ,Ecopetrol S.A. American Depositary Shares,Energy
ECAT,NASDAQ,BlackRock ESG Capital Allocation Term Trust Common Shares of Beneficial Interest,Finance
ECBK,NASDAQ,ECB Bancorp Inc. Common Stock,Finance
ECC,NASDAQ,Eagle Point Credit Company Inc. Common Stock,Finance
ECC$D,NYSE,,Unknown
ECCC,NASDAQ,Eagle Point Credit Company Inc. 6.50% Series C Term Preferred Stock due 2031,Finance
ECCU,NASDAQ,Eagle Point Credit Company Inc. 7.75% Notes due 2030,Unknown
ECCV,NASDAQ,Eagle Point Credit Company Inc. 5.375% Notes due 2029,Finance
ECCW,NASDAQ,Eagle Point Credit Company Inc. 6.75% Notes due 2031,Finance
ECCX,NASDAQ,Eagle Point Credit Company Inc. 6.6875% Notes due 2028,Finance
ECC^D,NASDAQ,Eagle Point Credit Company Inc. 6.75% Series D Preferred Stock,Unknown
ECF,NASDAQ,Ellsworth Growth and Income Fund Ltd.,Finance
ECF^A,NASDAQ,Ellsworth Growth and Income Fund Ltd. 5.25% Series A Cumulative Preferred Shares (Liquidation Preference $25.00 per share),Unknown
ECG,NASDAQ,Everus Construction Group Inc. Common Stock,Consumer Discretionary
ECL,NASDAQ,Ecolab Inc. Common Stock,Consumer Discretionary
ECO,NASDAQ,Okeanis Eco Tankers Corp. Common Stock,Consumer Discretionary
ECOR,NASDAQ,electroCore Inc. Common Stock,Health Care
ECPG,NASDAQ,Encore Capital Group Inc Common Stock,Finance
ECVT,NASDAQ,Ecovyst Inc. Common Stock,Industrials
ECX,NASDAQ,ECARX Holdings Inc. Class A Ordinary shares,Technology
ECXWW,NASDAQ,ECARX Holdings Inc. Warrants,Technology
ED,NASDAQ,Consolidated Edison Inc. Common Stock,Utilities
EDAP,NASDAQ,EDAP TMS S.A. American Depositary Shares,Health Care
EDBL,NASDAQ,Edible Garden AG Incorporated Common Stock,Consumer Staples
EDBLW,NASDAQ,Edible Garden AG Incorporated Warrant,Consumer Staples
EDD,NASDAQ,Morgan Stanley Emerging Markets Domestic Debt Fund Inc. Common Stock,Finance
EDF,NASDAQ,Virtus Stone Harbor Emerging Markets Income Fund Common Shares of Beneficial Interest,Finance
EDHL,NASDAQ,Everbright Digital Holding Limited Ordinary Shares,Consumer Discretionary
EDIT,NASDAQ,Editas Medicine Inc. Common Stock,Health Care
EDN,NASDAQ,Empresa Distribuidora Y Comercializadora Norte S.A. (Edenor) American Depositary Shares,Utilities
EDRY,NASDAQ,EuroDry Ltd. Common Shares,Consumer Discretionary
EDSA,NASDAQ,Edesa Biotech Inc. Common Shares,Health Care
EDTK,NASDAQ,Skillful Craftsman Education Technology Limited Ordinary Share,Real Estate
EDU,NASDAQ,New Oriental Education & Technology Group Inc. Sponsored ADR representing 10 Ordinary Share (Cayman Islands),Real Estate
EDUC,NASDAQ,Educational Development Corporation Common Stock,Consumer Discretionary
EE,NASDAQ,Excelerate Energy Inc. Class A Common Stock,Utilities
EEA,NASDAQ,The European Equity Fund Inc. Common Stock,Finance
EEFT,NASDAQ,Euronet Worldwide Inc. Common Stock,Finance
EEIQ,NASDAQ,EpicQuest Education Group International Limited Common Stock,Real Estate
EEX,NASDAQ,Emerald Holding Inc. Common Stock,Real Estate
EFC,NASDAQ,Ellington Financial Inc. Common Stock,Finance
EFC$B,NYSE,,Unknown
EFC$C,NYSE,,Unknown
EFC$D,NYSE,,Unknown
EFC^B,NASDAQ,Ellington Financial Inc. 6.250% Series B Fixed-Rate Reset Cumulative Redeemable Preferred Stock,Unknown
EFC^C,NASDAQ,Ellington Financial Inc. 8.625% Series C Fixed-Rate Reset Cumulative Redeemable Preferred Stock,Unknown
EFC^D,NASDAQ,Ellington Financial Inc. 7.00% Series D Cumulative Perpetual Redeemable Preferred Stock,Unknown
EFOI,NASDAQ,Energy Focus Inc. Common Stock,Consumer Discretionary
EFR,NASDAQ,Eaton Vance Senior Floating-Rate Fund Common Shares of Beneficial Interest,Finance
EFSC,NASDAQ,Enterprise Financial Services Corporation Common Stock,Finance
EFSCP,NASDAQ,Enterprise Financial Services Corporation Depositary Shares Each Representing a 1/40th Interest in a Share of 5% Fixed Rate Non-Cumulative Perpetual Preferred Stock Series A,Finance
EFSI,NASDAQ,Eagle Financial Services Inc Common Stock,Finance
EFT,NASDAQ,Eaton Vance Floating Rate Income Trust Common Shares of Beneficial Interest,Finance
EFX,NASDAQ,Equifax Inc. Common Stock,Finance
EFXT,NASDAQ,Enerflex Ltd Common Shares,Industrials
EG,NASDAQ,Everest Group Ltd. Common Stock,Finance
EGAN,NASDAQ,eGain Corporation Common Stock,Technology
EGBN,NASDAQ,Eagle Bancorp Inc. Common Stock,Finance
EGO,NASDAQ,Eldorado Gold Corporation Ordinary Shares,Basic Materials
EGP,NASDAQ,EastGroup Properties Inc. Common Stock,Real Estate
EGY,NASDAQ,VAALCO Energy Inc.  Common Stock,Energy
EH,NASDAQ,EHang Holdings Limited ADS,Industrials
EHAB,NASDAQ,Enhabit Inc. Common Stock,Health Care
EHC,NASDAQ,Encompass Health Corporation Common Stock,Health Care
EHGO,NASDAQ,Eshallgo Inc. Class A Ordinary Shares,Consumer Discretionary
EHI,NASDAQ,Western Asset Global High Income Fund Inc Common Stock,Finance
EHLD,NASDAQ,Euroholdings Ltd. Common Stock,Consumer Discretionary
EHTH,NASDAQ,eHealth Inc. Common Stock,Finance
EIC,NASDAQ,Eagle Point Income Company Inc. Common Stock,Finance
EICA,NASDAQ,Eagle Point Income Company Inc. 5.00% Series A Term Preferred Stock due 2026,Finance
EICC,NASDAQ,Eagle Point Income Company Inc. 8.00% Series C Term Preferred Stock due 2029,Unknown
EIG,NASDAQ,Employers Holdings Inc Common Stock,Finance
EIIA,NASDAQ,Eagle Point Institutional Income Fund 8.125% Series A Term Preferred Shares Due 2029,Unknown
EIKN,NASDAQ,Eikon Therapeutics Inc. Common Stock,Health Care
EIM,NASDAQ,Eaton Vance Municipal Bond Fund Common Shares of Beneficial Interest $.01 par value,Finance
EIX,NASDAQ,Edison International Common Stock,Utilities
EJH,NASDAQ,E-Home Household Service Holdings Limited Ordinary Shares,Consumer Discretionary
EKSO,NASDAQ,Ekso Bionics Holdings Inc. Common Stock,Industrials
EL,NASDAQ,Estee Lauder Companies Inc. (The) Common Stock,Consumer Discretionary
ELA,NASDAQ,Envela Corporation Common Stock,Consumer Discretionary
ELAB,NASDAQ,PMGC Holdings Inc. Common Stock,Health Care
ELAN,NASDAQ,Elanco Animal Health Incorporated Common Stock,Health Care
ELBM,NASDAQ,Electra Battery Materials Corporation Common Stock,Miscellaneous
ELC,NASDAQ,Entergy Louisiana Inc. Collateral Trust Mortgage Bonds 4.875 % Series due September 1 2066,Utilities
ELDN,NASDAQ,Eledon Pharmaceuticals Inc. Common Stock,Health Care
ELE,NASDAQ,Elemental Royalty Corporation Common Stock,Basic Materials
ELF,NASDAQ,e.l.f. Beauty Inc. Common Stock,Consumer Discretionary
ELLO,NASDAQ,Ellomay Capital Ltd Ordinary Shares (Israel),Utilities
ELMD,NASDAQ,Electromed Inc. Common Stock,Health Care
ELME,NASDAQ,Elme Communities Common Stock,Real Estate
ELOG,NASDAQ,Eastern International Ltd. Ordinary Shares,Industrials
ELPC,NASDAQ,Companhia Paranaense de Energia (COPEL) American Depositary Shares (each representing four (4) Common Shares),Utilities
ELPW,NASDAQ,Elong Power Holding Limited Class A Ordinary Shares,Miscellaneous
ELS,NASDAQ,Equity Lifestyle Properties Inc. Common Stock,Real Estate
ELSE,NASDAQ,Electro-Sensors Inc. Common Stock,Industrials
ELTK,NASDAQ,Eltek Ltd. Ordinary Shares,Technology
ELTX,NASDAQ,Elicio Therapeutics Inc. Common Stock,Health Care
ELUT,NASDAQ,Elutia Inc. Class A Common Stock,Health Care
ELV,NASDAQ,Elevance Health Inc. Common Stock,Health Care
ELVA,NASDAQ,Electrovaya Inc. Common Shares,Unknown
ELVN,NASDAQ,Enliven Therapeutics Inc. Common Stock,Health Care
ELVR,NASDAQ,Elevra Lithium Limited American Depository Shares,Industrials
ELWT,NASDAQ,Elauwit Connection Inc. Common Stock,Consumer Discretionary
EM,NASDAQ,Smart Share Global Limited American Depositary Shares,Consumer Discretionary
EMA,NASDAQ,Emera Incorporated Common Shares,Utilities
EMAT,NASDAQ,Evolution Metals & Technologies Corp. Common Stock,Unknown
EMBC,NASDAQ,Embecta Corp. Common Stock,Health Care
EMBJ,NASDAQ,Embraer S.A. Common Stock,Industrials
EMD,NASDAQ,Western Asset Emerging Markets Debt Fund Inc Common Stock,Finance
EME,NASDAQ,EMCOR Group Inc. Common Stock,Industrials
EMF,NASDAQ,Templeton Emerging Markets Fund Common Stock,Finance
EMIS,NASDAQ,Emmis Acquisition Corp. Class A Ordinary Shares,Health Care
EML,NASDAQ,Eastern Company (The) Common Stock,Consumer Discretionary
EMN,NASDAQ,Eastman Chemical Company Common Stock,Industrials
EMO,NASDAQ,ClearBridge Energy Midstream Opportunity Fund Inc. Common Stock,Finance
EMP,NASDAQ,Entergy Mississippi LLC First Mortgage Bonds 4.90% Series Due October 1 2066,Utilities
EMPD,NASDAQ,Empery Digital Inc. Common stock,Unknown
EMR,NASDAQ,Emerson Electric Company Common Stock,Technology
ENB,NASDAQ,Enbridge Inc Common Stock,Energy
ENGN,NASDAQ,enGene Holdings Inc. Common Stock,Health Care
ENGNW,NASDAQ,enGene Holdings Inc. Warrants,Health Care
ENGS,NASDAQ,Energys Group Limited Ordinary Shares,Industrials
ENIC,NASDAQ,Enel Chile S.A. American Depositary Shares (Each representing 50 shares of Common Stock),Utilities
ENJ,NASDAQ,Entergy New Orleans LLC First Mortgage Bonds 5.0% Series due December 1 2052,Utilities
ENLT,NASDAQ,Enlight Renewable Energy Ltd. Ordinary Shares,Utilities
ENLV,NASDAQ,Enlivex Ltd. Ordinary Shares,Health Care
ENO,NASDAQ,Entergy New Orleans LLC First Mortgage Bonds 5.50% Series due April 1 2066,Utilities
ENOV,NASDAQ,Enovis Corporation Common Stock,Health Care
ENPH,NASDAQ,Enphase Energy Inc. Common Stock,Technology
ENR,NASDAQ,Energizer Holdings Inc. Common Stock,Miscellaneous
ENS,NASDAQ,EnerSys Common Stock,Technology
ENSC,NASDAQ,Ensysce Biosciences Inc. Common Stock,Health Care
ENSG,NASDAQ,The Ensign Group Inc. Common Stock,Health Care
ENTA,NASDAQ,Enanta Pharmaceuticals Inc. Common Stock,Health Care
ENTG,NASDAQ,Entegris Inc. Common Stock,Industrials
ENTX,NASDAQ,Entera Bio Ltd. Ordinary Shares,Health Care
ENVA,NASDAQ,Enova International Inc. Common Stock,Finance
ENVB,NASDAQ,Enveric Biosciences Inc. Common Stock,Health Care
ENVX,NASDAQ,Enovix Corporation Common Stock,Miscellaneous
EOD,NASDAQ,Allspring Global Dividend Opportunity Fund Common Shares of Beneficial Interest,Finance
EOG,NASDAQ,EOG Resources Inc. Common Stock,Energy
EOI,NASDAQ,Eaton Vance Enhance Equity Income Fund Eaton Vance Enhanced Equity Income Fund Shares of Beneficial Interest,Finance
EOLS,NASDAQ,Evolus Inc. Common Stock,Health Care
EONR,NASDAQ,EON Resources Inc. Class A Common Stock,Energy
EOS,NASDAQ,Eaton Vance Enhance Equity Income Fund II Common Stock,Finance
EOSE,NASDAQ,Eos Energy Enterprises Inc. Class A Common Stock,Miscellaneous
EOT,NASDAQ,Eaton Vance Municipal Income Trust EATON VANCE NATIONAL MUNICIPAL OPPORTUNITIES TRUST,Finance
EP,NASDAQ,Empire Petroleum Corporation Common Stock,Energy
EP$C,NYSE,,Unknown
EPAC,NASDAQ,Enerpac Tool Group Corp. Common Stock,Technology
EPAM,NASDAQ,EPAM Systems Inc. Common Stock,Technology
EPC,NASDAQ,Edgewell Personal Care Company Common Stock,Consumer Discretionary
EPD,NASDAQ,Enterprise Products Partners L.P. Common Stock,Utilities
EPM,NASDAQ,Evolution Petroleum Corporation Inc. Common Stock,Energy
EPOW,NASDAQ,E-Power Inc. Class A Ordinary Shares,Real Estate
EPR,NASDAQ,EPR Properties Common Stock,Real Estate
EPR$C,NYSE,,Unknown
EPR$E,NYSE,,Unknown
EPR$G,NYSE,,Unknown
EPRT,NASDAQ,Essential Properties Realty Trust Inc. Common Stock,Real Estate
EPRX,NASDAQ,Eupraxia Pharmaceuticals Inc. Common Stock,Health Care
EPR^C,NASDAQ,EPR Properties 5.75% Series C Cumulative Convertible Preferred Shares,Unknown
EPR^E,NASDAQ,EPR Properties Series E Cumulative Conv Pfd Shs Ser E,Unknown
EPR^G,NASDAQ,EPR Properties 5.750% Series G Cumulative Redeemable Preferred Shares,Unknown
EPSM,NASDAQ,Epsium Enterprise Limited Class A Ordinary Shares,Consumer Staples
EPSN,NASDAQ,Epsilon Energy Ltd. Common Share,Energy
EP^C,NASDAQ,El Paso Corporation Preferred Stock,Unknown
EQ,NASDAQ,Equillium Inc. Common Stock,Health Care
EQBK,NASDAQ,Equity Bancshares Inc. Class A Common Stock,Finance
EQH,NASDAQ,Equitable Holdings Inc. Common Stock,Finance
EQH$A,NYSE,,Unknown
EQH$C,NYSE,,Unknown
EQH^A,NASDAQ,Equitable Holdings Inc. Depositary Shares,Unknown
EQH^C,NASDAQ,Equitable Holdings Inc. Depositary Shares each representing a 1/1000th interest in a share of Fixed Rate Noncumulative Perpetual Preferred Stock Series C,Unknown
EQIX,NASDAQ,Equinix Inc. Common Stock REIT,Real Estate
EQNR,NASDAQ,Equinor ASA,Energy
EQPT,NASDAQ,EquipmentShare.com Inc Class A Common Stock,Consumer Discretionary
EQR,NASDAQ,Equity Residential Common Shares of Beneficial Interest,Real Estate
EQS,NASDAQ,Equus Total Return Inc. Common Stock,Finance
EQT,NASDAQ,EQT Corporation Common Stock,Energy
EQX,NASDAQ,Equinox Gold Corp. Common Shares,Basic Materials
ERAS,NASDAQ,Erasca Inc. Common Stock,Health Care
ERC,NASDAQ,Allspring Multi-Sector Income Fund Common Stock,Finance
ERH,NASDAQ,Allspring Utilities and High Income Fund Common Shares,Finance
ERIC,NASDAQ,Ericsson American Depositary Shares,Technology
ERIE,NASDAQ,Erie Indemnity Company Class A Common Stock,Finance
ERII,NASDAQ,Energy Recovery Inc. Common Stock,Technology
ERNA,NASDAQ,Ernexa Therapeutics Inc. Common Stock,Health Care
ERNAW,NASDAQ,Ernexa Therapeutics Inc. Warrants,Unknown
ERO,NASDAQ,Ero Copper Corp. Common Shares,Basic Materials
ES,NASDAQ,Eversource Energy (D/B/A) Common Stock,Utilities
ESAB,NASDAQ,ESAB Corporation Common Stock,Industrials
ESCA,NASDAQ,Escalade Incorporated Common Stock,Consumer Discretionary
ESE,NASDAQ,ESCO Technologies Inc. Common Stock,Telecommunications
ESEA,NASDAQ,Euroseas Ltd. Common Stock (Marshall Islands),Consumer Discretionary
ESHA,NASDAQ,ESH Acquisition Corp. Class A Common Stock,Finance
ESI,NASDAQ,Element Solutions Inc. Common Stock,Industrials
ESLA,NASDAQ,Estrella Immunopharma Inc. Common Stock,Health Care
ESLAW,NASDAQ,Estrella Immunopharma Inc. Warrant,Health Care
ESLT,NASDAQ,Elbit Systems Ltd. Ordinary Shares,Industrials
ESNT,NASDAQ,Essent Group Ltd. Common Shares,Finance
ESOA,NASDAQ,Energy Services of America Corporation Common Stock,Industrials
ESP,NASDAQ,Espey Mfg. & Electronics Corp. Common Stock,Technology
ESPR,NASDAQ,Esperion Therapeutics Inc. Common Stock,Health Care
ESQ,NASDAQ,Esquire Financial Holdings Inc. Common Stock,Finance
ESRT,NASDAQ,Empire State Realty Trust Inc. Class A Common Stock,Real Estate
ESS,NASDAQ,Essex Property Trust Inc. Common Stock,Real Estate
ESTA,NASDAQ,Establishment Labs Holdings Inc. Common Shares,Health Care
ESTC,NASDAQ,Elastic N.V. Ordinary Shares,Technology
ET,NASDAQ,Energy Transfer LP Common Units,Utilities
ET$I,NYSE,,Unknown
ETB,NASDAQ,Eaton Vance Tax-Managed Buy-Write Income Fund Eaton Vance Tax-Managed Buy-Write Income Fund Common Shares of Beneficial Interest,Finance
ETD,NASDAQ,Ethan Allen Interiors Inc. Common Stock,Consumer Discretionary
ETG,NASDAQ,Eaton Vance Tax-Advantaged Global Dividend Income Fund Common Shares of Beneficial Interest,Finance
ETHB,NASDAQ,iShares Staked Ethereum Trust ETF Shares of Fractional Undivided Beneficial Interest,Unknown
ETHM,NASDAQ,Dynamix Corporation Class A Ordinary Shares,Unknown
ETHMW,NASDAQ,Dynamix Corporation Warrant,Unknown
ETI$,NYSE,,Unknown
ETI^,NASDAQ,Entergy Texas Inc 5.375% Series A Preferred Stock Cumulative No Par Value,Unknown
ETJ,NASDAQ,Eaton Vance Risk-Managed Diversified Equity Income Fund Common Shares of Beneficial Interest,Finance
ETN,NASDAQ,Eaton Corporation PLC Ordinary Shares,Technology
ETO,NASDAQ,Eaton Vance Tax-Advantage Global Dividend Opp Common Stock,Finance
ETON,NASDAQ,Eton Pharmaceuticals Inc. Common Stock,Health Care
ETOR,NASDAQ,eToro Group Ltd. Class A Common Shares,Finance
ETR,NASDAQ,Entergy Corporation Common Stock,Utilities
ETS,NASDAQ,Elite Express Holding Inc. Class A Common Stock,Industrials
ETSY,NASDAQ,Etsy Inc. Common Stock,Real Estate
ETV,NASDAQ,Eaton Vance Corporation Eaton Vance Tax-Managed Buy-Write Opportunities Fund Common Shares of Beneficial Interest,Finance
ETW,NASDAQ,Eaton Vance Corporation Eaton Vance Tax-Managed Global Buy-Write Opportunites Fund Common Shares of Beneficial Interest,Finance
ETX,NASDAQ,Eaton Vance Municipal Income 2028 Term Trust Common Shares of Beneficial Interest,Finance
ETY,NASDAQ,Eaton Vance Tax-Managed Diversified Equity Income Fund Common Shares of Beneficial Interest,Finance
ET^I,NASDAQ,Energy Transfer L.P. Series I Fixed Rate Perpetual Preferred Units,Unknown
EU,NASDAQ,enCore Energy Corp. Common Shares,Basic Materials
EUDA,NASDAQ,EUDA Health Holdings Limited Ordinary Shares,Health Care
EUDAW,NASDAQ,EUDA Health Holdings Limited Warrant,Health Care
EURK,NASDAQ,Eureka Acquisition Corp Class A Ordinary Share,Unknown
EURKR,NASDAQ,Eureka Acquisition Corp Right,Unknown
EVAC,NASDAQ,EQV Ventures Acquisition Corp. II Class A Ordinary Shares,Industrials
EVAX,NASDAQ,Evaxion A/S American Depositary Share,Health Care
EVC,NASDAQ,Entravision Communications Corporation Common Stock,Industrials
EVCM,NASDAQ,EverCommerce Inc. Common Stock,Technology
EVER,NASDAQ,EverQuote Inc. Class A Common Stock,Technology
EVEX,NASDAQ,Eve Holding Inc. Common Stock,Industrials
EVF,NASDAQ,Eaton Vance Senior Income Trust Common Stock,Finance
EVG,NASDAQ,Eaton Vance Short Diversified Income Fund Eaton Vance Short Duration Diversified Income Fund Common Shares of Beneficial Interest,Finance
EVGN,NASDAQ,Evogene Ltd Ordinary Shares,Industrials
EVGO,NASDAQ,EVgo Inc. Class A Common Stock,Technology
EVGOW,NASDAQ,EVgo Inc. Warrants,Technology
EVH,NASDAQ,Evolent Health Inc Class A Common Stock,Consumer Discretionary
EVI,NASDAQ,EVI Industries Inc.  Common Stock,Consumer Discretionary
EVLV,NASDAQ,Evolv Technologies Holdings Inc. Class A Common Stock,Technology
EVLVW,NASDAQ,Evolv Technologies Holdings Inc. Warrant,Technology
EVMN,NASDAQ,Evommune Inc. Common Stock,Health Care
EVN,NASDAQ,Eaton Vance Municipal Income Trust Common Stock,Finance
EVO,NASDAQ,Evotec SE American Depositary Shares,Health Care
EVOX,NASDAQ,Evolution Global Acquisition Corp Class A Ordinary Shares,Finance
EVOXU,NASDAQ,Evolution Global Acquisition Corp Units,Finance
EVR,NASDAQ,Evercore Inc. Class A Common Stock,Finance
EVRG,NASDAQ,Evergy Inc. Common Stock,Utilities
EVT,NASDAQ,Eaton Vance Tax Advantaged Dividend Income Fund Common Shares of Beneficial Interest,Finance
EVTC,NASDAQ,Evertec Inc. Common Stock,Technology
EVTL,NASDAQ,Vertical Aerospace Ltd. Ordinary Shares,Industrials
EVTR,NYSE,,Unknown
EVTV,NASDAQ,Envirotech Vehicles Inc. Common Stock,Consumer Discretionary
EVV,NASDAQ,Eaton Vance Limited Duration Income Fund Common Shares of Beneficial Interest,Finance
EW,NASDAQ,Edwards Lifesciences Corporation Common Stock,Health Care
EWBC,NASDAQ,East West Bancorp Inc. Common Stock,Finance
EWCZ,NASDAQ,European Wax Center Inc. Class A Common Stock,Consumer Discretionary
EWTX,NASDAQ,Edgewise Therapeutics Inc. Common Stock,Health Care
EXAS,NASDAQ,Exact Sciences Corporation Common Stock,Health Care
EXC,NASDAQ,Exelon Corporation Common Stock,Utilities
EXE,NASDAQ,Expand Energy Corporation Common Stock,Energy
EXEL,NASDAQ,Exelixis Inc. Common Stock,Health Care
EXFY,NASDAQ,Expensify Inc. Class A Common Stock,Technology
EXG,NASDAQ,Eaton Vance Tax-Managed Global Diversified Equity Income Fund Common Shares of Beneficial Interest,Finance
EXK,NASDAQ,Endeavour Silver Corporation Ordinary Shares (Canada),Basic Materials
EXLS,NASDAQ,ExlService Holdings Inc. Common Stock,Real Estate
EXOD,NASDAQ,Exodus Movement Inc. Class A Common Stock,Finance
EXOZ,NASDAQ,eXoZymes Inc. Common Stock,Health Care
EXP,NASDAQ,Eagle Materials Inc Common Stock,Industrials
EXPD,NASDAQ,Expeditors International of Washington Inc. Common Stock,Industrials
EXPE,NASDAQ,Expedia Group Inc. Common Stock,Consumer Discretionary
EXPI,NASDAQ,eXp World Holdings Inc. Common Stock,Finance
EXPO,NASDAQ,Exponent Inc. Common Stock,Consumer Discretionary
EXR,NASDAQ,Extra Space Storage Inc Common Stock,Real Estate
EXTR,NASDAQ,Extreme Networks Inc. Common Stock,Telecommunications
EYE,NASDAQ,National Vision Holdings Inc. Common Stock,Health Care
EYPT,NASDAQ,EyePoint Inc. Common Stock,Industrials
EZGO,NASDAQ,EZGO Technologies Ltd. Ordinary Shares,Consumer Discretionary
EZPW,NASDAQ,EZCORP Inc. Class A Non Voting Common Stock,Consumer Discretionary
EZRA,NASDAQ,Reliance Global Group Inc. Common Stock,Finance
F,NASDAQ,Ford Motor Company Common Stock,Industrials
F$B,NYSE,,Unknown
F$C,NYSE,,Unknown
F$D,NYSE,,Unknown
FA,NASDAQ,First Advantage Corporation Common Stock,Technology
FACT,NASDAQ,FACT II Acquisition Corp. Class A Ordinary Shares,Unknown
FACTW,NASDAQ,FACT II Acquisition Corp. Warrant,Finance
FAF,NASDAQ,First American Corporation (New) Common Stock,Finance
FAMI,NASDAQ,Farmmi Inc. Class A Ordinary Shares,Consumer Staples
FANG,NASDAQ,Diamondback Energy Inc. Common Stock,Energy
FARM,NASDAQ,Farmer Brothers Company Common Stock,Consumer Staples
FAST,NASDAQ,Fastenal Company Common Stock,Consumer Discretionary
FATE,NASDAQ,Fate Therapeutics Inc. Common Stock,Health Care
FATN,NASDAQ,FatPipe Inc. Common Stock,Technology
FAX,NASDAQ,abrdn Asia-Pacific Income Fund Inc. Common Stock,Finance
FBGL,NASDAQ,FBS Global Limited Ordinary Shares,Consumer Discretionary
FBIN,NASDAQ,Fortune Brands Innovations Inc. Common Stock,Basic Materials
FBIO,NASDAQ,Fortress Biotech Inc. Common Stock,Health Care
FBIOP,NASDAQ,Fortress Biotech Inc. 9.375% Series A Cumulative Redeemable Perpetual Preferred Stock,Health Care
FBIZ,NASDAQ,First Business Financial Services Inc. Common Stock,Finance
FBK,NASDAQ,FB Financial Corporation Common Stock,Finance
FBLA,NASDAQ,FB Bancorp Inc. Common Stock,Finance
FBLG,NASDAQ,FibroBiologics Inc. Common Stock,Health Care
FBNC,NASDAQ,First Bancorp Common Stock,Finance
FBP,NASDAQ,First BanCorp. New Common Stock,Finance
FBRT,NASDAQ,Franklin BSP Realty Trust Inc. Common Stock,Real Estate
FBRT$E,NYSE,,Unknown
FBRT^E,NASDAQ,Franklin BSP Realty Trust Inc. 7.50% Series E Cumulative Redeemable Preferred Stock,Unknown
FBRX,NASDAQ,Forte Biosciences Inc. Common Stock,Health Care
FBYD,NASDAQ,Falcon's Beyond Global Inc. Class A Common Stock,Consumer Discretionary
FBYDW,NASDAQ,Falcon's Beyond Global Inc. Warrants,Consumer Discretionary
FC,NASDAQ,Franklin Covey Company Common Stock,Consumer Discretionary
FCAP,NASDAQ,First Capital Inc. Common Stock,Finance
FCBC,NASDAQ,First Community Bankshares Inc. (VA) Common Stock,Finance
FCCO,NASDAQ,First Community Corporation Common Stock,Finance
FCEL,NASDAQ,FuelCell Energy Inc. Common Stock,Energy
FCF,NASDAQ,First Commonwealth Financial Corporation Common Stock,Finance
FCFS,NASDAQ,FirstCash Holdings Inc. Common Stock,Consumer Discretionary
FCHL,NASDAQ,Fitness Champs Holdings Limited Common Stock,Consumer Discretionary
FCN,NASDAQ,FTI Consulting Inc. Common Stock,Consumer Discretionary
FCNCA,NASDAQ,First Citizens BancShares Inc. Class A Common Stock,Finance
FCNCN,NASDAQ,First Citizens BancShares Inc. Depositary Shares each representing a 1/40th interest in a share of 6.625% Non-Cumulative Perpetual Preferred Stock Series E,Finance
FCNCO,NASDAQ,First Citizens BancShares Inc. 5.625% Non-Cumulative Perpetual Preferred Stock Series C,Finance
FCNCP,NASDAQ,First Citizens BancShares Inc. Depositary Shares,Finance
FCO,NASDAQ,abrdn Global Income Fund Inc. Common Stock,Finance
FCPT,NASDAQ,Four Corners Property Trust Inc. Common Stock,Real Estate
FCRS,NASDAQ,FutureCrest Acquisition Corp. Class A Ordinary Shares,Finance
FCRX,NASDAQ,Crescent Capital BDC Inc. 5.00% Notes due 2026,Finance
FCT,NASDAQ,First Trust Senior Floating Rate Income Fund II Common Shares of Beneficial Interest,Finance
FCUV,NASDAQ,Focus Universal Inc. Common Stock,Industrials
FCX,NASDAQ,Freeport-McMoRan Inc. Common Stock,Basic Materials
FDBC,NASDAQ,Fidelity D & D Bancorp Inc. Common Stock,Finance
FDMT,NASDAQ,4D Molecular Therapeutics Inc. Common Stock,Health Care
FDP,NASDAQ,Fresh Del Monte Produce Inc. Common Stock,Consumer Staples
FDS,NASDAQ,FactSet Research Systems Inc. Common Stock,Technology
FDSB,NASDAQ,Fifth District Bancorp Inc. Common Stock,Finance
FDUS,NASDAQ,Fidus Investment Corporation Common Stock,Finance
FDX,NASDAQ,FedEx Corporation Common Stock,Consumer Discretionary
FE,NASDAQ,FirstEnergy Corp. Common Stock,Utilities
FEAM,NASDAQ,5E Advanced Materials Inc. Common Stock,Industrials
FEBO,NASDAQ,Fenbo Holdings Limited Class A Ordinary Shares,Consumer Discretionary
FEDU,NASDAQ,Four Seasons Education (Cayman) Inc. American Depositary Shares each ADS representing 10 ordinary shares,Real Estate
FEED,NASDAQ,ENvue Medical Inc. Common Stock,Health Care
FEGE,NYSE,,Unknown
FEIM,NASDAQ,Frequency Electronics Inc. Common Stock,Industrials
FELE,NASDAQ,Franklin Electric Co. Inc. Common Stock,Consumer Discretionary
FEMY,NASDAQ,Femasys Inc. Common Stock,Health Care
FENC,NASDAQ,Fennec Pharmaceuticals Inc. Common Stock,Health Care
FENG,NASDAQ,Phoenix New Media Limited American Depositary Shares each representing 48 Class A ordinary shares.,Industrials
FEOE,NYSE,,Unknown
FER,NASDAQ,Ferrovial SE Ordinary Shares,Industrials
FERA,NASDAQ,Fifth Era Acquisition Corp I Class A Ordinary Shares,Unknown
FERG,NASDAQ,Ferguson Enterprises Inc. Common Stock,Miscellaneous
FET,NASDAQ,Forum Energy Technologies Inc. Common Stock,Consumer Discretionary
FF,NASDAQ,FutureFuel Corp.  Common shares,Industrials
FFA,NASDAQ,First Trust Enhanced Equity Income Fund Common Shares of Beneficial Interest,Finance
FFAI,NASDAQ,Faraday Future Intelligent Electric Inc. Class A Common Stock,Industrials
FFAIW,NASDAQ,Faraday Future Intelligent Electric Inc. Warrant,Industrials
FFBC,NASDAQ,First Financial Bancorp. Common Stock,Finance
FFC,NASDAQ,Flaherty & Crumrine Preferred and Income Securities Fund Incorporated,Finance
FFIC,NASDAQ,Flushing Financial Corporation Common Stock,Finance
FFIN,NASDAQ,First Financial Bankshares Inc. Common Stock,Finance
FFIV,NASDAQ,F5 Inc. Common Stock,Telecommunications
FFWM,NASDAQ,First Foundation Inc. Common Stock,Finance
FG,NASDAQ,F&G Annuities & Life Inc. Common Stock,Finance
FGBI,NASDAQ,First Guaranty Bancshares Inc. Common Stock,Finance
FGBIP,NASDAQ,First Guaranty Bancshares Inc. 6.75% Series A Fixed-Rate Non-Cumulative Perpetual Preferred Stock,Finance
FGI,NASDAQ,FGI Industries Ltd. Ordinary Shares,Industrials
FGII,NASDAQ,FG Imperii Acquisition Corp. Class A Ordinary Shares,Finance
FGIIU,NASDAQ,FG Imperii Acquisition Corp. Units,Finance
FGIIW,NASDAQ,FG Imperii Acquisition Corp. Warrants,Finance
FGIWW,NASDAQ,FGI Industries Ltd. Warrant,Industrials
FGL,NASDAQ,Founder Group Limited Class A Ordinary Shares,Consumer Discretionary
FGMC,NASDAQ,FG Merger II Corp. Common stock,Unknown
FGMCR,NASDAQ,FG Merger II Corp. Rights,Unknown
FGMCU,NASDAQ,FG Merger II Corp. Unit,Unknown
FGN,NASDAQ,F&G Annuities & Life Inc. 7.950% Senior Notes due 2053,Finance
FGNX,NASDAQ,FG Nexus Inc. Common Stock,Finance
FGNXP,NASDAQ,FG Nexus Inc. 8.00% Cumulative Preferred Stock,Finance
FGSN,NASDAQ,F&G Annuities & Life Inc. 7.300% Junior Subordinated Notes due 2065,Finance
FHB,NASDAQ,First Hawaiian Inc. Common Stock,Finance
FHI,NASDAQ,Federated Hermes Inc. Common Stock,Finance
FHN,NASDAQ,First Horizon Corporation Common Stock,Finance
FHN$C,NYSE,,Unknown
FHN$E,NYSE,,Unknown
FHN$F,NYSE,,Unknown
FHN^C,NASDAQ,First Horizon Corporation Depositary Shares each representing a 1/400th interest in a share of Non-Cumulative Perpetual Preferred Stock Series C,Unknown
FHN^E,NASDAQ,First Horizon Corporation Depositary Shares each representing a 1/4000th interest in a share of Non-Cumulative Perpetual Preferred Stock Series E,Unknown
FHN^F,NASDAQ,First Horizon Corporation Depositary Shares each representing 1/4000th Interest in a Share of Non-Cumulative Perpetual Preferred Stock Series F,Unknown
FHTX,NASDAQ,Foghorn Therapeutics Inc. Common Stock,Health Care
FIBK,NASDAQ,First Interstate BancSystem Inc. Common Stock (DE),Finance
FICO,NASDAQ,Fair Isaac Corporation Common Stock,Real Estate
FIEE,NASDAQ,FiEE Inc Common Stock,Utilities
FIG,NASDAQ,Figma Inc. Class A Common Stock,Technology
FIGR,NASDAQ,Figure Technology Solutions Inc. Class A Common Stock,Finance
FIGS,NASDAQ,FIGS Inc. Class A Common Stock,Consumer Discretionary
FIGXW,NASDAQ,FIGX Capital Acquisition Corp. Warrant,Unknown
FIHL,NASDAQ,Fidelis Insurance Holdings Limited Common Shares,Finance
FINS,NASDAQ,Angel Oak Financial Strategies Income Term Trust Common Shares of Beneficial Interest,Finance
FINV,NASDAQ,FinVolution Group American Depositary Shares,Finance
FINW,NASDAQ,FinWise Bancorp Common Stock,Finance
FIP,NASDAQ,FTAI Infrastructure Inc. Common Stock,Energy
FIS,NASDAQ,Fidelity National Information Services Inc. Common Stock,Real Estate
FISI,NASDAQ,Financial Institutions Inc. Common Stock,Finance
FISV,NASDAQ,Fiserv Inc. Common Stock,Real Estate
FITB,NASDAQ,Fifth Third Bancorp Common Stock,Finance
FITBI,NASDAQ,Fifth Third Bancorp Depositary Shares,Finance
FITBM,NASDAQ,Fifth Third Bancorp Depositary Shares Representing a 1/40th Ownership Interest in a Share of 6.875% Fixed-Rate Reset Non-Cumulative Perpetual Preferred Stock Series M,Finance
FITBO,NASDAQ,Fifth Third Bancorp Depositary Shares each representing a 1/1000th ownership interest in a share of Non-Cumulative Perpetual Preferred Stock Series K,Finance
FITBP,NASDAQ,Fifth Third Bancorp Depositary Shares each representing 1/40th share of Fifth Third 6.00% Non-Cumulative Perpetual Class B Preferred Stock Series A,Finance
FIVE,NASDAQ,Five Below Inc. Common Stock,Consumer Discretionary
FIVN,NASDAQ,Five9 Inc. Common Stock,Technology
FIX,NASDAQ,Comfort Systems USA Inc. Common Stock,Industrials
FIXT,NYSE,,Unknown
FIZZ,NASDAQ,National Beverage Corp. Common Stock,Consumer Staples
FJET,NASDAQ,Starfighters Space Inc. Common Stock,Consumer Discretionary
FKWL,NASDAQ,Franklin Wireless Corp. Common Stock,Utilities
FLC,NASDAQ,Flaherty & Crumrine Total Return Fund Inc Common Stock,Finance
FLD,NASDAQ,Fold Holdings Inc. Class A Common Stock,Finance
FLDDW,NASDAQ,Fold Holdings Inc. Warrant,Finance
FLEX,NASDAQ,Flex Ltd. Ordinary Shares,Technology
FLG,NASDAQ,Flagstar Bank N.A. Common Stock,Finance
FLG$A,NYSE,,Unknown
FLG$U,NYSE,,Unknown
FLGT,NASDAQ,Fulgent Genetics Inc. Common Stock,Health Care
FLG^A,NASDAQ,Flagstar Bank N.A. Depositary shares each representing a 1/40th interest in a share of Fixed-to-Floating Rate Series A Noncumulative Perpetual Preferred Stock,Unknown
FLG^U,NASDAQ,Flagstar Bank N.A. Bifurcated Option Note Unit SecuritiES,Unknown
FLL,NASDAQ,Full House Resorts Inc. Common Stock,Consumer Discretionary
FLNA,NASDAQ,Filana Therapeutics Inc. Common Stock,Unknown
FLNC,NASDAQ,Fluence Energy Inc. Class A Common Stock,Miscellaneous
FLNG,NASDAQ,FLEX LNG Ltd. Ordinary Shares,Consumer Discretionary
FLNT,NASDAQ,Fluent Inc. Common Stock,Consumer Discretionary
FLO,NASDAQ,Flowers Foods Inc. Common Stock,Consumer Staples
FLOC,NASDAQ,Flowco Holdings Inc. Class A Common Stock,Consumer Discretionary
FLR,NASDAQ,Fluor Corporation Common Stock,Industrials
FLS,NASDAQ,Flowserve Corporation Common Stock,Industrials
FLUT,NASDAQ,Flutter Entertainment plc Ordinary Shares,Technology
FLUX,NASDAQ,Flux Power Holdings Inc. Common Stock,Miscellaneous
FLWS,NASDAQ,1-800-FLOWERS.COM Inc. Common Stock,Consumer Discretionary
FLX,NASDAQ,BingEx Limited American Depositary Shares,Industrials
FLXR,NYSE,,Unknown
FLXS,NASDAQ,Flexsteel Industries Inc. Common Stock,Consumer Discretionary
FLY,NASDAQ,Firefly Aerospace Inc. Common Stock,Industrials
FLYE,NASDAQ,Fly-E Group Inc. Common Stock,Industrials
FLYW,NASDAQ,Flywire Corporation Voting Common Stock,Real Estate
FLYX,NASDAQ,flyExclusive Inc. Class A Common Stock,Consumer Discretionary
FMAO,NASDAQ,Farmers & Merchants Bancorp Inc. Common Stock,Finance
FMBH,NASDAQ,First Mid Bancshares Inc. Common Stock,Finance
FMC,NASDAQ,FMC Corporation Common Stock,Industrials
FMFC,NASDAQ,Kandal M Venture Limited Class A Ordinary Shares,Consumer Discretionary
FMN,NASDAQ,Federated Hermes Premier Municipal Income Fund,Finance
FMNB,NASDAQ,Farmers National Banc Corp. Common Stock,Finance
FMS,NASDAQ,Fresenius Medical Care AG American Depositary Shares (Each representing 1/2 of an Ordinary Share),Health Care
FMST,NASDAQ,Foremost Clean Energy Ltd. Common Shares,Basic Materials
FMSTW,NASDAQ,Foremost Clean Energy Ltd. Warrant,Basic Materials
FMX,NASDAQ,Fomento Economico Mexicano S.A.B. de C.V. Common Stock,Consumer Staples
FMY,NASDAQ,First Trust Mortgage Income Fund Common Shares of Beneficial Interest,Finance
FN,NASDAQ,Fabrinet Ordinary Shares,Utilities
FNB,NASDAQ,F.N.B. Corporation Common Stock,Finance
FND,NASDAQ,Floor & Decor Holdings Inc. Common Stock,Consumer Discretionary
FNF,NASDAQ,Fidelity National Financial Inc. Common Stock,Finance
FNGR,NASDAQ,FingerMotion Inc. Common Stock,Technology
FNKO,NASDAQ,Funko Inc. Class A Common Stock,Consumer Discretionary
FNLC,NASDAQ,First Bancorp Inc  (ME) Common Stock,Finance
FNV,NASDAQ,Franco-Nevada Corporation,Basic Materials
FNWB,NASDAQ,First Northwest Bancorp Common Stock,Finance
FNWD,NASDAQ,Finward Bancorp Common Stock,Finance
FOA,NASDAQ,Finance of America Companies Inc. Class A Common Stock,Finance
FOF,NASDAQ,Cohen & Steers Closed-End Opportunity Fund Inc. Common Stock,Finance
FOFO,NASDAQ,Hang Feng Technology Innovation Co. Ltd. Ordinary Shares,Consumer Discretionary
FOLD,NASDAQ,Amicus Therapeutics Inc. Common Stock,Health Care
FONR,NASDAQ,Fonar Corporation Common Stock,Health Care
FOR,NASDAQ,Forestar Group Inc Common Stock,Finance
FORA,NASDAQ,Forian Inc. Common Stock,Technology
FORM,NASDAQ,FormFactor Inc. FormFactor Inc. Common Stock,Technology
FORR,NASDAQ,Forrester Research Inc. Common Stock,Industrials
FORTY,NASDAQ,Formula Systems (1985) Ltd. American Depositary Shares,Technology
FOSL,NASDAQ,Fossil Group Inc. Common Stock,Consumer Discretionary
FOUR,NASDAQ,Shift4 Payments Inc. Class A Common Stock,Real Estate
FOUR$A,NYSE,,Unknown
FOUR^A,NASDAQ,Shift4 Payments Inc. 6.00% Series A Mandatory Convertible Preferred Stock,Unknown
FOX,NASDAQ,Fox Corporation Class B Common Stock,Industrials
FOXA,NASDAQ,Fox Corporation Class A Common Stock,Industrials
FOXF,NASDAQ,Fox Factory Holding Corp. Common Stock,Consumer Discretionary
FOXX,NASDAQ,Foxx Development Holdings Inc. Common Stock,Telecommunications
FOXXW,NASDAQ,Foxx Development Holdings Inc. Warrant,Telecommunications
FPF,NASDAQ,First Trust Intermediate Duration Preferred & Income Fund Common Shares of Beneficial Interest,Finance
FPH,NASDAQ,Five Point Holdings LLC Class A Common Shares,Finance
FPI,NASDAQ,Farmland Partners Inc. Common Stock,Real Estate
FPS,NASDAQ,Forgent Power Solutions Inc. Class A Common Stock,Energy
FR,NASDAQ,First Industrial Realty Trust Inc. Common Stock,Real Estate
FRA,NASDAQ,Blackrock Floating Rate Income Strategies Fund Inc  Common Stock,Finance
FRAF,NASDAQ,Franklin Financial Services Corporation Common Stock,Finance
FRBA,NASDAQ,First Bank Common Stock,Finance
FRD,NASDAQ,Friedman Industries Inc. Common Stock,Industrials
FRGT,NASDAQ,Freight Technologies Inc. Ordinary Shares,Consumer Discretionary
FRHC,NASDAQ,Freedom Holding Corp. Common Stock,Finance
FRME,NASDAQ,First Merchants Corporation Common Stock,Finance
FRMEP,NASDAQ,First Merchants Corporation Depository Shares,Finance
FRMI,NASDAQ,Fermi Inc. Common Stock,Real Estate
FRMM,NASDAQ,Forum Markets Incorporated Common Stock,Health Care
FRO,NASDAQ,Frontline Plc Ordinary Shares,Consumer Discretionary
FROG,NASDAQ,JFrog Ltd. Ordinary Shares,Technology
FRPH,NASDAQ,FRP Holdings Inc. Common Stock,Finance
FRPT,NASDAQ,Freshpet Inc. Common Stock,Consumer Staples
FRSH,NASDAQ,Freshworks Inc. Class A Common Stock,Technology
FRST,NASDAQ,Primis Financial Corp. Common Stock,Finance
FRSX,NASDAQ,Foresight Autonomous Holdings Ltd. American Depositary Shares,Technology
FRT,NASDAQ,Federal Realty Investment Trust Common Stock,Real Estate
FRT$C,NYSE,,Unknown
FRT^C,NASDAQ,Federal Realty Investment Trust Depositary Shares each representing a 1/1000th interest in a 5.000% Series C Cumulative Redeemable Preferred Share,Unknown
FSBC,NASDAQ,Five Star Bancorp Common Stock,Finance
FSBW,NASDAQ,FS Bancorp Inc. Common Stock,Finance
FSCO,NASDAQ,FS Credit Opportunities Corp. Common Stock,Finance
FSEA,NASDAQ,First Seacoast Bancorp Inc. Common Stock,Finance
FSHP,NASDAQ,Flag Ship Acquisition Corp. Ordinary Shares,Unknown
FSHPR,NASDAQ,Flag Ship Acquisition Corp. Right,Unknown
FSI,NASDAQ,Flexible Solutions International Inc. Common Stock (CDA),Industrials
FSK,NASDAQ,FS KKR Capital Corp. Common Stock,Finance
FSLR,NASDAQ,First Solar Inc. Common Stock,Technology
FSLY,NASDAQ,Fastly Inc. Class A Common Stock,Technology
FSM,NASDAQ,Fortuna Mining Corp. Common Shares,Basic Materials
FSP,NASDAQ,Franklin Street Properties Corp. Common Stock,Real Estate
FSS,NASDAQ,Federal Signal Corporation Common Stock,Industrials
FSSL,NASDAQ,FS Specialty Lending Fund Common Shares of Beneficial Interest,Finance
FSTR,NASDAQ,L.B. Foster Company Common Stock,Industrials
FSUN,NASDAQ,FirstSun Capital Bancorp Common Stock,Finance
FSV,NASDAQ,FirstService Corporation Common Shares,Finance
FT,NASDAQ,Franklin Universal Trust Common Stock,Finance
FTAI,NASDAQ,FTAI Aviation Ltd. Common Stock,Industrials
FTAIM,NASDAQ,FTAI Aviation Ltd. 9.500% Fixed-Rate Reset Series D Cumulative Perpetual Redeemable Preferred Shares,Industrials
FTAIN,NASDAQ,FTAI Aviation Ltd. 8.25% Fixed - Rate Reset Series C Cumulative Perpetual Redeemable Preferred Shares,Industrials
FTCI,NASDAQ,FTC Solar Inc. Common Stock,Technology
FTDR,NASDAQ,Frontdoor Inc. Common Stock,Consumer Discretionary
FTEK,NASDAQ,Fuel Tech Inc. Common Stock,Industrials
FTF,NASDAQ,Franklin Limited Duration Income Trust Common Shares of Beneficial Interest,Finance
FTFT,NASDAQ,Future FinTech Group Inc. Common Stock,Real Estate
FTHM,NASDAQ,Fathom Holdings Inc. Common Stock,Finance
FTHY,NASDAQ,First Trust High Yield Opportunities 2027 Term Fund Common Stock,Finance
FTI,NASDAQ,TechnipFMC plc Ordinary Share,Consumer Discretionary
FTK,NASDAQ,Flotek Industries Inc. Common Stock,Industrials
FTLF,NASDAQ,FitLife Brands Inc. Common Stock,Health Care
FTNT,NASDAQ,Fortinet Inc. Common Stock,Technology
FTRE,NASDAQ,Fortrea Holdings Inc. Common Stock,Health Care
FTRK,NASDAQ,FAST TRACK GROUP Ordinary shares,Consumer Discretionary
FTS,NASDAQ,Fortis Inc. Common Shares,Utilities
FTV,NASDAQ,Fortive Corporation Common Stock,Industrials
FTW,NASDAQ,Presidio Production Company Class A Common Stock,Energy
FTWO,NYSE,,Unknown
FUBO,NASDAQ,FuboTV Inc. Class A Common Stock,Consumer Discretionary
FUFU,NASDAQ,BitFuFu Inc. Class A Ordinary Shares,Finance
FUFUW,NASDAQ,BitFuFu Inc. Warrant,Finance
FUL,NASDAQ,H. B. Fuller Company Common Stock,Industrials
FULC,NASDAQ,Fulcrum Therapeutics Inc. Common Stock,Health Care
FULT,NASDAQ,Fulton Financial Corporation Common Stock,Finance
FULTP,NASDAQ,Fulton Financial Corporation Depositary Shares Each Representing a 1/40th Interest in a Share of Fixed Rate Non-Cumulative Perpetual Preferred Stock Series A,Finance
FUN,NASDAQ,Six Flags Entertainment Corporation Common Stock New,Consumer Discretionary
FUNC,NASDAQ,First United Corporation Common Stock,Finance
FUND,NASDAQ,Sprott Focus Trust Inc. Common Stock,Finance
FURY,NASDAQ,Fury Gold Mines Limited Common Shares,Basic Materials
FUSB,NASDAQ,First US Bancshares Inc. Common Stock,Finance
FUSE,NASDAQ,Fusemachines Inc. Common stock,Technology
FUSEW,NASDAQ,Fusemachines Inc. Warrants,Technology
FUTU,NASDAQ,Futu Holdings Limited American Depositary Shares,Finance
FVAV,NASDAQ,Fortress Value Acquisition Corp. V Class A Ordinary Shares,Unknown
FVCB,NASDAQ,FVCBankcorp Inc. Common Stock,Finance
FVN,NASDAQ,Future Vision II Acquisition Corporation Ordinary shares,Unknown
FVR,NASDAQ,FrontView REIT Inc. Common Stock,Real Estate
FVRR,NASDAQ,Fiverr International Ltd. Ordinary Shares no par value,Real Estate
FWDI,NASDAQ,Forward Industries Inc. Common Stock,Industrials
FWONA,NASDAQ,Liberty Media Corporation Series A Liberty Formula One Common Stock,Industrials
FWONK,NASDAQ,Liberty Media Corporation Series C Liberty Formula One Common Stock,Industrials
FWRD,NASDAQ,Forward Air Corporation Common Stock,Industrials
FWRG,NASDAQ,First Watch Restaurant Group Inc. Common Stock,Consumer Discretionary
FXED,NYSE,,Unknown
FXNC,NASDAQ,First National Corporation Common Stock,Finance
F^B,NASDAQ,Ford Motor Company 6.20% Notes due June 1 2059,Unknown
F^C,NASDAQ,Ford Motor Company 6% Notes due December 1 2059,Unknown
F^D,NASDAQ,Ford Motor Company 6.500% Notes due August 15 2062,Unknown
G,NASDAQ,Genpact Limited Common Stock,Consumer Discretionary
GAB,NASDAQ,Gabelli Equity Trust Inc. (The) Common Stock,Finance
GAB$G,NYSE,,Unknown
GAB$H,NYSE,,Unknown
GAB$K,NYSE,,Unknown
GABC,NASDAQ,German American Bancorp Inc. Common Stock,Finance
GAB^G,NASDAQ,Gabelli Equity Trust Inc. (The) Series G Cumulative Preferred Stock,Unknown
GAB^H,NASDAQ,Gabelli Equity Trust Inc. (The) Pfd Ser H,Unknown
GAB^K,NASDAQ,Gabelli Equity Trust Inc. (The) 5.00% Series K Cumulative Preferred Stock,Unknown
GAIA,NASDAQ,Gaia Inc. Class A Common Stock,Consumer Discretionary
GAIN,NASDAQ,Gladstone Investment Corporation Business Development Company,Finance
GAING,NASDAQ,Gladstone Investment Corporation 7.125% Notes due 2031,Finance
GAINI,NASDAQ,Gladstone Investment Corporation 7.875% Notes due 2030,Finance
GAINN,NASDAQ,Gladstone Investment Corporation 5.00% Notes Due 2026,Finance
GAINZ,NASDAQ,Gladstone Investment Corporation 4.875% Notes due 2028,Finance
GALT,NASDAQ,Galectin Therapeutics Inc. Common Stock,Health Care
GAM,NASDAQ,General American Investors Inc. Common Stock,Finance
GAM$B,NYSE,,Unknown
GAMB,NASDAQ,Gambling.com Group Limited Ordinary Shares,Consumer Discretionary
GAME,NASDAQ,GameSquare Holdings Inc. Common Stock,Consumer Discretionary
GAM^B,NASDAQ,General American Investors Company Inc. Cumulative Preferred Stock,Unknown
GANX,NASDAQ,Gain Therapeutics Inc. Common Stock,Health Care
GAP,NASDAQ,Gap Inc. (The) Common Stock,Consumer Discretionary
GASS,NASDAQ,StealthGas Inc. Common Stock,Consumer Discretionary
GATX,NASDAQ,GATX Corporation Common Stock,Consumer Discretionary
GAU,NASDAQ,Galiano Gold Inc.,Industrials
GAUZ,NASDAQ,Gauzy Ltd. Ordinary Shares,Miscellaneous
GAVA,NASDAQ,Grayscale Avalanche Trust ETF Common Units of Fractional Undivided Beneficial Interest,Unknown
GBAB,NASDAQ,Guggenheim Taxable Municipal Bond & Investment Grade Debt Trust Common Shares of Beneficial Interest,Finance
GBCI,NASDAQ,Glacier Bancorp Inc. Common Stock,Finance
GBDC,NASDAQ,Golub Capital BDC Inc. Common Stock,Finance
GBFH,NASDAQ,GBank Financial Holdings Inc. Common Stock,Finance
GBLI,NASDAQ,Global Indemnity Group LLC Class A Common Stock,Finance
GBR,NASDAQ,New Concept Energy Inc Common Stock,Energy
GBTG,NASDAQ,Global Business Travel Group Inc. Class A Common Stock,Consumer Discretionary
GBX,NASDAQ,Greenbrier Companies Inc. (The) Common Stock,Industrials
GCBC,NASDAQ,Greene County Bancorp Inc. Common Stock,Finance
GCDT,NASDAQ,Green Circle Decarbonize Technology Limited Ordinary Shares,Industrials
GCL,NASDAQ,GCL Global Holdings Ltd Ordinary Shares,Technology
GCLWW,NASDAQ,GCL Global Holdings Ltd Warrants,Technology
GCMG,NASDAQ,GCM Grosvenor Inc. Class A Common Stock,Finance
GCO,NASDAQ,Genesco Inc. Common Stock,Consumer Discretionary
GCT,NASDAQ,GigaCloud Technology Inc Class A Ordinary Shares,Consumer Discretionary
GCTK,NASDAQ,GlucoTrack Inc. Common Stock,Health Care
GCTS,NASDAQ,GCT Semiconductor Holding Inc. Common Stock,Technology
GCV,NASDAQ,Gabelli Convertible and Income Securities Fund Inc. (The) Common Stock,Finance
GD,NASDAQ,General Dynamics Corporation Common Stock,Industrials
GDC,NASDAQ,GD Culture Group Limited Common Stock,Industrials
GDDY,NASDAQ,GoDaddy Inc. Class A Common Stock,Technology
GDEN,NASDAQ,Golden Entertainment Inc. Common Stock,Consumer Discretionary
GDEV,NASDAQ,GDEV Inc. Ordinary Shares,Technology
GDEVW,NASDAQ,GDEV Inc. Warrant,Technology
GDHG,NASDAQ,Golden Heaven Group Holdings Ltd. Class A Ordinary Shares,Consumer Discretionary
GDIV,NYSE,,Unknown
GDL,NASDAQ,GDL Fund The Common Shares of Beneficial Interest,Finance
GDO,NASDAQ,Western Asset Global Corporate Opportunity Fund Inc. Common Stock,Finance
GDOT,NASDAQ,Green Dot Corporation Class A Common Stock $0.001 par value,Finance
GDRX,NASDAQ,GoodRx Holdings Inc. Class A Common Stock,Technology
GDS,NASDAQ,GDS Holdings Limited ADS,Technology
GDTC,NASDAQ,CytoMed Therapeutics Limited Ordinary Shares,Health Care
GDV,NASDAQ,Gabelli Dividend & Income Trust Common Shares of Beneficial Interest,Finance
GDV$H,NYSE,,Unknown
GDV$K,NYSE,,Unknown
GDV^H,NASDAQ,The Gabelli Dividend & Income Trust 5.375% Series H Cumulative Preferred Shares,Unknown
GDV^K,NASDAQ,The Gabelli Dividend & Income Trust 4.250% Series K Cumulative Preferred Shares,Unknown
GDYN,NASDAQ,Grid Dynamics Holdings Inc. Class A Common Stock,Technology
GE,NASDAQ,GE Aerospace Common Stock,Technology
GECC,NASDAQ,Great Elm Capital Corp. Common Stock,Finance
GECCG,NASDAQ,Great Elm Capital Corp. 7.75% Notes Due 2030,Finance
GECCH,NASDAQ,Great Elm Capital Corp. 8.125% Notes Due 2029,Unknown
GECCI,NASDAQ,Great Elm Capital Corp. 8.50% NOTES DUE 2029,Finance
GECCO,NASDAQ,Great Elm Capital Corp. 5.875% Notes due 2026,Finance
GEF,NASDAQ,Greif Inc. Class A Common Stock,Unknown
GEG,NASDAQ,Great Elm Group Inc. Common Stock,Technology
GEGGL,NASDAQ,Great Elm Group Inc.  7.25% Notes due 2027,Technology
GEHC,NASDAQ,GE HealthCare Technologies Inc. Common Stock,Health Care
GEL,NASDAQ,Genesis Energy L.P. Common Units,Energy
GELS,NASDAQ,Gelteq Limited Ordinary Shares,Health Care
GEMI,NASDAQ,Gemini Space Station Inc. Class A Common Stock,Finance
GEN,NASDAQ,Gen Digital Inc. Common Stock,Technology
GENB,NASDAQ,Generate Biomedicines Inc. Common Stock,Health Care
GENC,NASDAQ,Gencor Industries Inc. Common Stock,Industrials
GENI,NASDAQ,Genius Sports Limited Ordinary Shares,Consumer Discretionary
GENK,NASDAQ,GEN Restaurant Group Inc. Class A Common Stock,Consumer Discretionary
GENVR,NASDAQ,Gen Digital Inc. Contingent Value Rights,Technology
GEO,NASDAQ,Geo Group Inc (The) REIT,Consumer Discretionary
GEOS,NASDAQ,Geospace Technologies Corporation Common Stock (Texas),Industrials
GERN,NASDAQ,Geron Corporation Common Stock,Health Care
GETY,NASDAQ,Getty Images Holdings Inc. Class A Common Stock,Real Estate
GEV,NASDAQ,GE Vernova Inc. Common Stock,Unknown
GEVO,NASDAQ,Gevo Inc. Common Stock,Industrials
GF,NASDAQ,New Germany Fund Inc. (The) Common Stock,Finance
GFAI,NASDAQ,Guardforce AI Co. Limited Ordinary Shares,Consumer Discretionary
GFAIW,NASDAQ,Guardforce AI Co. Limited Warrant,Consumer Discretionary
GFF,NASDAQ,Griffon Corporation Common Stock,Industrials
GFI,NASDAQ,Gold Fields Limited American Depositary Shares,Basic Materials
GFL,NASDAQ,GFL Environmental Inc. Subordinate voting shares no par value,Utilities
GFR,NASDAQ,Greenfire Resources Ltd. Common Shares,Energy
GFS,NASDAQ,GlobalFoundries Inc. Ordinary Shares,Technology
GGAL,NASDAQ,Grupo Financiero Galicia S.A. American Depositary Shares,Finance
GGB,NASDAQ,Gerdau S.A. Common Stock,Industrials
GGG,NASDAQ,Graco Inc. Common Stock,Industrials
GGN,NASDAQ,GAMCO Global Gold Natural Resources & Income Trust,Finance
GGN^B,NASDAQ,GAMCO Global Gold Natural Reources & Income Trust 5.00% Series B Cumulative 25.00 Liquidation Preference,Unknown
GGR,NASDAQ,Gogoro Inc. Ordinary Shares,Industrials
GGROW,NASDAQ,Gogoro Inc. Warrant,Industrials
GGRP,NASDAQ,The Glimpse Group Inc. Common Stock,Technology
GGT,NASDAQ,Gabelli Multi-Media Trust Inc. (The) Common Stock,Finance
GGT$E,NYSE,,Unknown
GGT$G,NYSE,,Unknown
GGT^E,NASDAQ,Gabelli Multi-Media Trust Inc. (The) 5.125% Series E Cumulative Preferred Stock,Unknown
GGT^G,NASDAQ,Gabelli Multi-Media Trust Inc. (The) 5.125% Series G Cumulative Preferred Shares,Unknown
GGZ,NASDAQ,Gabelli Global Small and Mid Cap Value Trust (The) Common Shares of Beneficial Interest,Finance
GH,NASDAQ,Guardant Health Inc. Common Stock,Health Care
GHC,NASDAQ,Graham Holdings Company Common Stock,Real Estate
GHG,NASDAQ,GreenTree Hospitality Group Ltd. American depositary shares each representing one Class A ordinary share,Consumer Discretionary
GHI,NASDAQ,Greystone Housing Impact Investors LP Beneficial Unit Certificates representing assignments of limited partnership interests,Finance
GHM,NASDAQ,Graham Corporation Common Stock,Industrials
GHRS,NASDAQ,GH Research PLC Ordinary Shares,Health Care
GHY,NASDAQ,PGIM Global High Yield Fund Inc.,Finance
GIB,NASDAQ,CGI Inc. Common Stock,Consumer Discretionary
GIBO,NASDAQ,GIBO Holdings Limited Class A Ordinary Shares,Technology
GIC,NASDAQ,Global Industrial Company Common Stock,Industrials
GIFT,NASDAQ,Giftify Inc. Common Stock,Consumer Discretionary
GIG,NASDAQ,GigCapital7 Corp. Class A Ordinary Share,Finance
GIGGU,NASDAQ,GigCapital7 Corp. Unit,Technology
GIGGW,NASDAQ,GigCapital7 Corp. Warrant,Finance
GIGM,NASDAQ,GigaMedia Limited Ordinary Shares,Technology
GIII,NASDAQ,G-III Apparel Group LTD. Common Stock,Consumer Discretionary
GIL,NASDAQ,Gildan Activewear Inc. Class A Sub. Vot. Common Stock,Consumer Discretionary
GILD,NASDAQ,Gilead Sciences Inc. Common Stock,Health Care
GILT,NASDAQ,Gilat Satellite Networks Ltd. Ordinary Shares,Technology
GIPR,NASDAQ,Generation Income Properties Inc. Common Stock,Real Estate
GIS,NASDAQ,General Mills Inc. Common Stock,Consumer Staples
GITS,NASDAQ,Global Interactive Technologies Inc. Common Stock,Technology
GIW,NASDAQ,GigCapital8 Corp. Class A Ordinary Shares,Unknown
GIXXU,NASDAQ,GigCapital9 Corp. Units,Finance
GJH,NASDAQ,Synthetic Fixed-Income Securities Inc 6.375% (STRATS) Cl A-1,Finance
GJO,NASDAQ,Synthetic Fixed-Income Securities Inc. on behalf of STRATS(SM) Trust for Wal-Mart Stores Inc. Securities Series 2004-5,Finance
GJP,NASDAQ,Synthetic Fixed-Income Securities Inc. on behalf of STRATS (SM) Trust for Dominion Resources Inc. Securities Series 2005-6 Floating Rate Structured Repackaged Asset-Backed Trust Securities (STRATS) Certificates,Finance
GJR,NASDAQ,Synthetic Fixed-Income Securities Inc. STRATS Trust for Procter&Gamble Securities Series 2006-1,Finance
GJS,NASDAQ,Goldman Sachs Group Securities STRATS Trust for Goldman Sachs Group Securities Series 2006-2,Finance
GJT,NASDAQ,Synthetic Fixed-Income Securities Inc. Floating Rate Structured Repackaged Asset-Backed Trust Securities Certificates Series 2006-3,Finance
GKOS,NASDAQ,Glaukos Corporation Common Stock,Health Care
GL,NASDAQ,Globe Life Inc. Common Stock,Finance
GL$D,NYSE,,Unknown
GLAD,NASDAQ,Gladstone Capital Corporation Common Stock,Consumer Discretionary
GLBE,NASDAQ,Global-E Online Ltd. Ordinary Shares,Technology
GLBS,NASDAQ,Globus Maritime Limited Common Stock,Consumer Discretionary
GLDD,NASDAQ,Great Lakes Dredge & Dock Corporation Common Stock,Industrials
GLDG,NASDAQ,GoldMining Inc. Common Shares,Basic Materials
GLE,NASDAQ,Global Engine Group Holding Limited Class A Ordinary Shares,Technology
GLIBA,NASDAQ,GCI Liberty Inc. Series A GCI Group Common Stock,Telecommunications
GLIBK,NASDAQ,GCI Liberty Inc. Series C GCI Group Common Stock,Telecommunications
GLMD,NASDAQ,Galmed Pharmaceuticals Ltd. Ordinary Shares,Health Care
GLNG,NASDAQ,Golar Lng Ltd,Consumer Discretionary
GLO,NASDAQ,Clough Global Opportunities Fund Common Stock,Finance
GLOB,NASDAQ,Globant S.A. Common Shares,Technology
GLOO,NASDAQ,Gloo Holdings Inc. Class A Common Stock,Technology
GLOP$A,NYSE,,Unknown
GLOP$B,NYSE,,Unknown
GLOP$C,NYSE,,Unknown
GLOP^A,NASDAQ,GasLog Partners LP 8.625% Series A Cumulative Redeemable Perpetual Fixed to Floating Rate Preference Units,Unknown
GLOP^B,NASDAQ,GasLog Partners LP 8.200% Series B Cumulative Redeemable Perpetual Fixed to Floating Rate Preference Units,Unknown
GLOP^C,NASDAQ,GasLog Partners LP 8.500% Series C Cumulative Redeemable Perpetual Fixed to Floating Rate Preference Units,Unknown
GLP,NASDAQ,Global Partners LP Common Units representing Limited Partner Interests,Energy
GLP$B,NYSE,,Unknown
GLPG,NASDAQ,Galapagos NV American Depositary Shares,Health Care
GLPI,NASDAQ,Gaming and Leisure Properties Inc. Common Stock,Real Estate
GLP^B,NASDAQ,Global Partners LP 9.50% Series B Fixed Rate Cumulative Redeemable Perpetual Preferred Units representing limited partner interests,Unknown
GLQ,NASDAQ,Clough Global Equity Fund Clough Global Equity Fund Common Shares of Beneficial Interest,Finance
GLRE,NASDAQ,Greenlight Capital Re Ltd. Class A Ordinary Shares,Finance
GLSI,NASDAQ,Greenwich LifeSciences Inc. Common Stock,Health Care
GLU,NASDAQ,Gabelli Global Utility Common Shares of Beneficial Ownership,Finance
GLUE,NASDAQ,Monte Rosa Therapeutics Inc. Common Stock,Health Care
GLU^A,NASDAQ,The Gabelli Global Utility and Income Trust Series A Cumulative Puttable and Callable Preferred Shares,Unknown
GLU^B,NASDAQ,The Gabelli Global Utility and Income Trust Series B Cumulative Puttable and Callable Preferred Shares,Unknown
GLV,NASDAQ,Clough Global Dividend and Income Fund Common Shares of beneficial interest,Finance
GLW,NASDAQ,Corning Incorporated Common Stock,Industrials
GLXG,NASDAQ,Galaxy Payroll Group Limited Class A Ordinary Shares,Industrials
GLXY,NASDAQ,Galaxy Digital Inc. Class A Common Stock,Finance
GL^D,NASDAQ,Globe Life Inc. 4.25% Junior Subordinated Debentures due 2061,Unknown
GM,NASDAQ,General Motors Company Common Stock,Industrials
GMAB,NASDAQ,Genmab A/S ADS,Health Care
GME,NASDAQ,GameStop Corporation Common Stock,Consumer Discretionary
GMED,NASDAQ,Globus Medical Inc. Class A Common Stock,Health Care
GMEX,NASDAQ,GMEX ROBOTICS CORPORATION Class A Ordinary Shares,Unknown
GMHS,NASDAQ,Gamehaus Holdings Inc. Class A Ordinary Shares,Technology
GMM,NASDAQ,Global Mofy AI Limited Class A Ordinary Shares,Technology
GMMF,NYSE,,Unknown
GNE,NASDAQ,Genie Energy Ltd. Class B Common Stock Stock,Utilities
GNK,NASDAQ,Genco Shipping & Trading Limited Ordinary Shares New (Marshall Islands),Consumer Discretionary
GNL,NASDAQ,Global Net Lease Inc. Common Stock,Real Estate
GNL$A,NYSE,,Unknown
GNL$B,NYSE,,Unknown
GNL$D,NYSE,,Unknown
GNL$E,NYSE,,Unknown
GNLN,NASDAQ,Greenlane Holdings Inc. Class A Common Stock,Consumer Discretionary
GNLX,NASDAQ,Genelux Corporation Common Stock,Health Care
GNL^A,NASDAQ,Global Net Lease Inc. 7.25% Series A Cumulative Redeemable Preferred Stock $0.01 par value per share,Unknown
GNL^B,NASDAQ,Global Net Lease Inc. 6.875% Series B Cumulative Redeemable Perpetual Preferred Stock,Unknown
GNL^D,NASDAQ,Global Net Lease Inc. 7.50% Series D Cumulative Redeemable Perpetual Preferred Stock,Unknown
GNL^E,NASDAQ,Global Net Lease Inc. 7.375% Series E Cumulative Redeemable Perpetual Preferred Stock,Unknown
GNPX,NASDAQ,Genprex Inc. Common Stock,Health Care
GNRC,NASDAQ,Generac Holdlings Inc. Common Stock,Consumer Discretionary
GNS,NASDAQ,Genius Group Limited Ordinary Shares,Consumer Discretionary
GNSS,NASDAQ,Genasys Inc. Common Stock,Consumer Staples
GNT,NASDAQ,GAMCO Natural Resources Gold & Income Trust,Finance
GNT$A,NYSE,,Unknown
GNTA,NASDAQ,Genenta Science S.p.A. American Depositary Shares,Health Care
GNTX,NASDAQ,Gentex Corporation Common Stock,Consumer Discretionary
GNT^A,NASDAQ,GAMCO Natural Resources Gold & Income Tust  5.20% Series A Cumulative Preferred Shares (Liquidation Preference $25.00 per share),Unknown
GNW,NASDAQ,Genworth Financial Inc Common Stock,Finance
GO,NASDAQ,Grocery Outlet Holding Corp. Common Stock,Consumer Staples
GOAI,NASDAQ,Eva Live Inc. Common Stock,Technology
GOCO,NASDAQ,GoHealth Inc. Class A Common Stock,Finance
GOF,NASDAQ,Guggenheim Strategic Opportunities Fund Common Shares of Beneficial Interest,Finance
GOGO,NASDAQ,Gogo Inc. Common Stock,Consumer Discretionary
GOLD,NASDAQ,Gold.com Inc. Common Stock,Industrials
GOLF,NASDAQ,Acushnet Holdings Corp. Common Stock,Consumer Discretionary
GOOD,NASDAQ,Gladstone Commercial Corporation Real Estate Investment Trust,Real Estate
GOODN,NASDAQ,Gladstone Commercial Corporation 6.625% Series E Cumulative Redeemable Preferred Stock,Real Estate
GOODO,NASDAQ,Gladstone Commercial Corporation 6.00% Series G Cumulative Redeemable Preferred Stock par value $0.001 per share,Real Estate
GOOG,NASDAQ,Alphabet Inc. Class C Capital Stock,Technology
GOOGL,NASDAQ,Alphabet Inc. Class A Common Stock,Technology
GOOS,NASDAQ,Canada Goose Holdings Inc. Subordinate Voting Shares,Consumer Discretionary
GORO,NASDAQ,Gold Resource Corporation Common Stock,Basic Materials
GOSS,NASDAQ,Gossamer Bio Inc. Common Stock,Health Care
GOTU,NASDAQ,Gaotu Techedu Inc. American Depositary Shares,Real Estate
GOVX,NASDAQ,GeoVax Labs Inc. Common Stock,Health Care
GP,NASDAQ,GreenPower Motor Company Inc. Common Shares,Consumer Discretionary
GPAC,NASDAQ,General Purpose Acquisition Corp. Class A Ordinary Shares,Unknown
GPACU,NASDAQ,General Purpose Acquisition Corp. Units,Unknown
GPACW,NASDAQ,General Purpose Acquisition Corp. Warrant,Industrials
GPAT,NASDAQ,GP-Act III Acquisition Corp. Class A Ordinary Share,Unknown
GPATU,NASDAQ,GP-Act III Acquisition Corp. Units,Unknown
GPC,NASDAQ,Genuine Parts Company Common Stock,Consumer Discretionary
GPCR,NASDAQ,Structure Therapeutics Inc. American Depositary Shares,Health Care
GPGI,NASDAQ,GPGI Inc. Class A Common Stock,Finance
GPI,NASDAQ,Group 1 Automotive Inc. Common Stock,Consumer Discretionary
GPJA,NASDAQ,Georgia Power Company Series 2017A 5.00% Junior Subordinated Notes due October 1 2077,Utilities
GPK,NASDAQ,Graphic Packaging Holding Company,Consumer Discretionary
GPMT,NASDAQ,Granite Point Mortgage Trust Inc. Common Stock,Real Estate
GPMT$A,NYSE,,Unknown
GPMT^A,NASDAQ,Granite Point Mortgage Trust Inc. 7.00% Series A Fixed-to-Floating Rate Cumulative Redeemable Preferred Stock,Unknown
GPN,NASDAQ,Global Payments Inc. Common Stock,Real Estate
GPOR,NASDAQ,Gulfport Energy Corporation Common Shares,Energy
GPRE,NASDAQ,Green Plains Inc. Common Stock,Industrials
GPRK,NASDAQ,Geopark Ltd Common Shares,Energy
GPRO,NASDAQ,GoPro Inc. Class A Common Stock,Consumer Discretionary
GPUS,NASDAQ,Hyperscale Data Inc. Common Stock,Technology
GPUS^D,NASDAQ,Hyperscale Data Inc. 13.00% Series D Cumulative Redeemable Perpetual Preferred Stock,Unknown
GRAB,NASDAQ,Grab Holdings Limited Class A Ordinary Shares,Real Estate
GRABW,NASDAQ,Grab Holdings Limited Warrant,Real Estate
GRAF,NASDAQ,Graf Global Corp. Class A ordinary shares,Unknown
GRAL,NASDAQ,GRAIL Inc. Common Stock,Health Care
GRAN,NASDAQ,Grande Group Limited Class A Ordinary Shares,Finance
GRBK,NASDAQ,Green Brick Partners Inc. Common Stock,Consumer Discretionary
GRBK$A,NYSE,,Unknown
GRBK^A,NASDAQ,Green Brick Partners Inc. Depositary Shares (each representing a 1/1000th fractional interest in a share of 5.75% Series A Cumulative Perpetual Preferred Stock),Unknown
GRC,NASDAQ,Gorman-Rupp Company (The) Common Stock,Industrials
GRCE,NASDAQ,Grace Therapeutics Inc. Common Stock,Health Care
GRDN,NASDAQ,Guardian Pharmacy Services Inc. Class A Common Stock,Consumer Staples
GRDX,NASDAQ,GridAI Technologies Corp. Common Stock,Health Care
GREE,NASDAQ,Greenidge Generation Holdings Inc. Class A Common Stock,Finance
GREEL,NASDAQ,Greenidge Generation Holdings Inc. 8.50% Senior Notes due 2026,Finance
GRF,NASDAQ,Eagle Capital Growth Fund Inc. Common Stock,Finance
GRFS,NASDAQ,Grifols S.A. American Depositary Shares,Health Care
GRI,NASDAQ,GRI Bio Inc. Common Stock,Health Care
GRML,NASDAQ,Greenland Mines Ltd. Common Stock,Unknown
GRMLW,NASDAQ,Greenland Mines Ltd Warrant,Unknown
GRMN,NASDAQ,Garmin Ltd. Common Stock (Switzerland),Industrials
GRND,NASDAQ,Grindr Inc. Common Stock,Technology
GRNQ,NASDAQ,Greenpro Capital Corp. Common Stock,Technology
GRNT,NASDAQ,Granite Ridge Resources Inc. Common Stock,Energy
GRO,NASDAQ,Brazil Potash Corp. Common Shares,Industrials
GROV,NASDAQ,Grove Collaborative Holdings Inc. Class A Common Stock,Consumer Discretionary
GROW,NASDAQ,U.S. Global Investors Inc. Class A Common Stock,Finance
GROY,NASDAQ,Gold Royalty Corp. Common Shares,Basic Materials
GRPN,NASDAQ,Groupon Inc. Common Stock,Consumer Discretionary
GRRR,NASDAQ,Gorilla Technology Group Inc. Ordinary shares,Technology
GRRRW,NASDAQ,Gorilla Technology Group Inc. Warrant,Technology
GRVY,NASDAQ,GRAVITY Co. Ltd. American Depository Shares,Real Estate
GRWG,NASDAQ,GrowGeneration Corp. Common Stock,Consumer Discretionary
GRX,NASDAQ,The Gabelli Healthcare & Wellness Trust Common Shares of Beneficial Interest,Finance
GS,NASDAQ,Goldman Sachs Group Inc. (The) Common Stock,Finance
GS$A,NYSE,,Unknown
GS$C,NYSE,,Unknown
GS$D,NYSE,,Unknown
GSAT,NASDAQ,Globalstar Inc. Common Stock,Consumer Discretionary
GSBC,NASDAQ,Great Southern Bancorp Inc. Common Stock,Finance
GSBD,NASDAQ,Goldman Sachs BDC Inc. Common Stock,Finance
GSHD,NASDAQ,Goosehead Insurance Inc. Class A Common Stock,Finance
GSHR,NASDAQ,Gesher Acquisition Corp. II Class A Ordinary Shares,Unknown
GSIT,NASDAQ,GSI Technology Common Stock,Technology
GSIW,NASDAQ,Garden Stage Limited Class A Ordinary Shares,Finance
GSK,NASDAQ,GSK plc American Depositary Shares (Each representing two Ordinary Shares),Health Care
GSL,NASDAQ,Global Ship Lease Inc New Class A Common Shares,Consumer Discretionary
GSL$B,NYSE,,Unknown
GSL^B,NASDAQ,Global Ship Lease Inc. Depository Shares Representing 1/100th Perpetual Preferred Series B% (Marshall Island),Unknown
GSM,NASDAQ,Ferroglobe PLC Ordinary Shares,Basic Materials
GSRF,NASDAQ,GSR IV Acquisition Corp. Class A ordinary share,Unknown
GSRFU,NASDAQ,GSR IV Acquisition Corp. Units,Unknown
GSUN,NASDAQ,Golden Sun Technology Group Limited Class A Ordinary Shares,Real Estate
GS^A,NASDAQ,Goldman Sachs Group Inc. (The) Depositary Shares each representing 1/1000th Interest in a Share of Floating Rate Non-Cumulative Preferred Stock Series A,Unknown
GS^C,NASDAQ,Goldman Sachs Group Inc. (The) Depositary Share repstg 1/1000th Preferred Series C,Unknown
GS^D,NASDAQ,Goldman Sachs Group Inc. (The) Dep Shs repstg 1/1000 Pfd Ser D Fltg,Unknown
GT,NASDAQ,The Goodyear Tire & Rubber Company Common Stock,Consumer Discretionary
GTBP,NASDAQ,GT Biopharma Inc. Common Stock,Health Care
GTE,NASDAQ,Gran Tierra Energy Inc. Common Stock,Energy
GTEC,NASDAQ,Greenland Technologies Holding Corporation Class A Ordinary Shares,Industrials
GTEN,NASDAQ,Gores Holdings X Inc. Class A ordinary shares,Unknown
GTENU,NASDAQ,Gores Holdings X Inc. Units,Unknown
GTENW,NASDAQ,Gores Holdings X Inc. Warrants,Unknown
GTERA,NASDAQ,Globa Terra Acquisition Corporation Class A Ordinary Shares,Finance
GTERR,NASDAQ,Globa Terra Acquisition Corporation Rights,Finance
GTERW,NASDAQ,Globa Terra Acquisition Corporation Warrants,Finance
GTES,NASDAQ,Gates Industrial Corporation plc Ordinary Shares,Industrials
GTIM,NASDAQ,Good Times Restaurants Inc. Common Stock,Consumer Discretionary
GTLB,NASDAQ,GitLab Inc. Class A Common Stock,Technology
GTLS,NASDAQ,Chart Industries Inc. Common Stock,Industrials
GTM,NASDAQ,ZoomInfo Technologies Inc Common Stock,Technology
GTN,NASDAQ,Gray Media Inc. Common Stock,Industrials
GTX,NASDAQ,Garrett Motion Inc. Common Stock,Consumer Discretionary
GTY,NASDAQ,Getty Realty Corporation Common Stock,Finance
GUG,NASDAQ,Guggenheim Active Allocation Fund Common Shares of Beneficial Interest,Finance
GURE,NASDAQ,Gulf Resources Inc. (NV) Common Stock,Industrials
GUT,NASDAQ,Gabelli Utility Trust (The) Common Stock,Finance
GUT$C,NYSE,,Unknown
GUTS,NASDAQ,Fractyl Health Inc. Common Stock,Health Care
GUT^C,NASDAQ,Gabelli Utility Trust (The) 5.375% Series C Cumulative Preferred Shares,Unknown
GV,NASDAQ,Visionary Holdings Inc. Common Shares,Real Estate
GVA,NASDAQ,Granite Construction Incorporated Common Stock,Industrials
GVH,NASDAQ,Globavend Holdings Limited Ordinary Shares,Industrials
GWAV,NASDAQ,Greenwave Technology Solutions Inc. Common Stock,Industrials
GWH,NASDAQ,ESS Tech Inc. Common Stock,Miscellaneous
GWRE,NASDAQ,Guidewire Software Inc. Common Stock,Technology
GWRS,NASDAQ,Global Water Resources Inc. Common Stock,Utilities
GWW,NASDAQ,W.W. Grainger Inc. Common Stock,Industrials
GXAI,NASDAQ,Gaxos.ai Inc. Common Stock,Technology
GXO,NASDAQ,GXO Logistics Inc. Common Stock,Consumer Discretionary
GYLD,NYSE,,Unknown
GYRE,NASDAQ,Gyre Therapeutics Inc. Common Stock,Health Care
GYRO,NASDAQ,Gyrodyne LLC Common Stock,Real Estate
H,NASDAQ,Hyatt Hotels Corporation Class A Common Stock,Consumer Discretionary
HACQU,NASDAQ,HCM IV Acquisition Corp. Unit,Unknown
HAE,NASDAQ,Haemonetics Corporation Common Stock,Health Care
HAFC,NASDAQ,Hanmi Financial Corporation Common Stock,Finance
HAFN,NASDAQ,Hafnia Limited Common Shares,Consumer Discretionary
HAIN,NASDAQ,Hain Celestial Group Inc. (The) Common Stock,Consumer Staples
HAL,NASDAQ,Halliburton Company Common Stock,Energy
HALO,NASDAQ,Halozyme Therapeutics Inc. Common Stock,Health Care
HAO,NASDAQ,Haoxi Health Technology Limited Class A Ordinary Shares,Consumer Discretionary
HAS,NASDAQ,Hasbro Inc. Common Stock,Consumer Discretionary
HASI,NASDAQ,HA Sustainable Infrastructure Capital Inc. Common Stock,Finance
HAVA,NASDAQ,Harvard Ave Acquisition Corporation Class A Ordinary Share,Unknown
HAVAR,NASDAQ,Harvard Ave Acquisition Corporation Rights that convert on a 1/10th of 1 basis to Class A ordinary Shares,Unknown
HAVAU,NASDAQ,Harvard Ave Acquisition Corporation Unit,Finance
HAYW,NASDAQ,Hayward Holdings Inc. Common Stock,Industrials
HBAN,NASDAQ,Huntington Bancshares Incorporated Common Stock,Finance
HBANL,NASDAQ,Huntington Bancshares Incorporated Depositary Shares Each Representing a 1/40th Interest in a Share of 6.875% Series J Non-Cumulative Perpetual Preferred Stock,Finance
HBANM,NASDAQ,Huntington Bancshares Incorporated Depositary Shares each representing a 1/1000th interest in a share of Huntington Series I Preferred Stock,Finance
HBANP,NASDAQ,Huntington Bancshares Incorporated Depositary Shares 4.500% Series H Non-Cumulative Perpetual Preferred Stock,Finance
HBANZ,NASDAQ,Huntington Bancshares Incorporated Depositary Shares Each Representing a 1/1000th Interest in a Share of 5.50% Series L Non-Cumulative Perpetual Preferred Stock,Finance
HBB,NASDAQ,Hamilton Beach Brands Holding Company Class A Common Stock,Consumer Discretionary
HBCP,NASDAQ,Home Bancorp Inc. Common Stock,Finance
HBIO,NASDAQ,Harvard Bioscience Inc. Common Stock,Industrials
HBM,NASDAQ,Hudbay Minerals Inc. Ordinary Shares (Canada),Basic Materials
HBNB,NASDAQ,Hotel101 Global Holdings Corp. Class A Ordinary Shares,Consumer Discretionary
HBNC,NASDAQ,Horizon Bancorp Inc. Common Stock,Finance
HBT,NASDAQ,HBT Financial Inc. Common Stock,Finance
HCA,NASDAQ,HCA Healthcare Inc. Common Stock,Health Care
HCAC,NASDAQ,Hall Chadwick Acquisition Corp Class A Ordinary Shares,Consumer Discretionary
HCACU,NASDAQ,Hall Chadwick Acquisition Corp. Unit,Consumer Discretionary
HCAI,NASDAQ,Huachen AI Parking Management Technology Holding Co. Ltd. Class A Ordinary Shares,Consumer Discretionary
HCAT,NASDAQ,Health Catalyst Inc Common Stock,Technology
HCC,NASDAQ,Warrior Met Coal Inc. Common Stock,Energy
HCHL,NASDAQ,Happy City Holdings Limited Class A Ordinary shares,Consumer Discretionary
HCI,NASDAQ,HCI Group Inc. Common Stock,Finance
HCICU,NASDAQ,Hennessy Capital Investment Corp. VIII Units,Unknown
HCKT,NASDAQ,Hackett Group Inc (The). Common Stock,Consumer Discretionary
HCM,NASDAQ,HUTCHMED (China) Limited American Depositary Shares,Health Care
HCMA,NASDAQ,HCM III Acquisition Corp. Class A Ordinary Share,Consumer Discretionary
HCMAU,NASDAQ,HCM III Acquisition Corp. Units,Unknown
HCSG,NASDAQ,Healthcare Services Group Inc. Common Stock,Health Care
HCTI,NASDAQ,Healthcare Triangle Inc. Common Stock,Technology
HCWB,NASDAQ,HCW Biologics Inc. Common Stock,Health Care
HCWC,NASDAQ,Healthy Choice Wellness Corp. Class A Common Stock,Consumer Staples
HCXY,NASDAQ,Hercules Capital Inc. 6.25% Notes due 2033,Finance
HD,NASDAQ,Home Depot Inc. (The) Common Stock,Consumer Discretionary
HDB,NASDAQ,HDFC Bank Limited Common Stock,Finance
HDL,NASDAQ,SUPER HI INTERNATIONAL HOLDING LTD. American Depositary Shares,Consumer Discretionary
HDSN,NASDAQ,Hudson Technologies Inc. Common Stock,Consumer Discretionary
HE,NASDAQ,Hawaiian Electric Industries Inc. Common Stock,Utilities
HEI,NASDAQ,Heico Corporation Common Stock,Industrials
HEI/A,NASDAQ,Heico Corporation,Unknown
HELE,NASDAQ,Helen of Troy Limited Common Stock,Consumer Discretionary
HELP,NASDAQ,Cybin Inc. Common Stock,Health Care
HEPS,NASDAQ,D-Market Electronic Services & Trading American Depositary Shares,Consumer Discretionary
HEQ,NASDAQ,John Hancock Diversified Income Fund Common Shares of Beneficial Interest,Finance
HERE,NASDAQ,Here Group Limited American Depositary Shares,Real Estate
HERZ,NASDAQ,Herzfeld Credit Income Fund Inc. Common Stock,Finance
HESM,NASDAQ,Hess Midstream LP Class A Representing Limited Partner Interests,Energy
HF,NYSE,,Unknown
HFBL,NASDAQ,Home Federal Bancorp Inc. of Louisiana Common Stock,Finance
HFEQ,NYSE,,Unknown
HFFG,NASDAQ,HF Foods Group Inc. Common Stock,Consumer Discretionary
HFGM,NYSE,,Unknown
HFMF,NYSE,,Unknown
HFND,NYSE,,Unknown
HFRO,NASDAQ,Highland Opportunities and Income Fund Common Shares of Beneficial Interest,Finance
HFRO$A,NYSE,,Unknown
HFRO$B,NYSE,,Unknown
HFRO^A,NASDAQ,Highland Opportunities and Income Fund 5.375% Series A Cumulative Preferred Shares,Unknown
HFRO^B,NASDAQ,Highland Opportunities and Income Fund 5.375% Series B Cumulative Preferred Shares,Unknown
HFWA,NASDAQ,Heritage Financial Corporation Common Stock,Finance
HG,NASDAQ,Hamilton Insurance Group Ltd. Class B Common Shares,Finance
HGBL,NASDAQ,Heritage Global Inc. Common Stock,Real Estate
HGER,NYSE,,Unknown
HGLB,NASDAQ,Highland Global Allocation Fund Common Stock,Finance
HGTY,NASDAQ,Hagerty Inc. Class A Common Stock,Finance
HGV,NASDAQ,Hilton Grand Vacations Inc. Common Stock,Consumer Discretionary
HHH,NASDAQ,Howard Hughes Holdings Inc. Common Stock,Real Estate
HHS,NASDAQ,Harte Hanks Inc. Common Stock,Consumer Discretionary
HIFS,NASDAQ,Hingham Institution for Savings Common Stock,Finance
HIG,NASDAQ,The Hartford Insurance Group Inc. Common Stock,Finance
HIG$G,NYSE,,Unknown
HIG^G,NASDAQ,The Hartford Insurance Group Inc. Depositary Shares each representing a 1/1000th interest in a share of 6.000% Non-Cumulative Preferred Stock Series G,Unknown
HIHO,NASDAQ,Highway Holdings Limited Common Stock,Industrials
HII,NASDAQ,Huntington Ingalls Industries Inc. Common Stock,Industrials
HIMS,NASDAQ,Hims & Hers Health Inc. Class A Common Stock,Health Care
HIMX,NASDAQ,Himax Technologies Inc. American Depositary Shares,Technology
HIND,NASDAQ,Vyome Holdings Inc. Common Stock,Health Care
HIO,NASDAQ,Western Asset High Income Opportunity Fund Inc. Common Stock,Finance
HIPO,NASDAQ,Hippo Holdings Inc. Common Stock,Finance
HIT,NASDAQ,Health In Tech Inc. Class A Common Stock,Finance
HITI,NASDAQ,High Tide Inc. Common Shares,Consumer Discretionary
HIVE,NASDAQ,HIVE Digital Technologies Ltd. Common Shares,Finance
HIW,NASDAQ,Highwoods Properties Inc. Common Stock,Real Estate
HIX,NASDAQ,Western Asset High Income Fund II Inc. Common Stock,Finance
HKD,NASDAQ,AMTD Digital Inc. American Depositary Shares (every five of which represent two Class A Ordinary Shares),Finance
HKIT,NASDAQ,Hitek Global Inc. Class A Ordinary Share,Technology
HKPD,NASDAQ,Cellyan Biotechnology Co. Ltd Class A Ordinary Shares,Health Care
HL,NASDAQ,Hecla Mining Company Common Stock,Industrials
HL$B,NYSE,,Unknown
HLF,NASDAQ,Herbalife Ltd. Common Shares,Health Care
HLI,NASDAQ,Houlihan Lokey Inc. Class A Common Stock,Finance
HLIO,NASDAQ,Helios Technologies Inc. Common Stock,Industrials
HLIT,NASDAQ,Harmonic Inc. Common Stock,Technology
HLLY,NASDAQ,Holley Inc. Common Stock,Consumer Discretionary
HLMN,NASDAQ,Hillman Solutions Corp. Common Stock,Consumer Discretionary
HLN,NASDAQ,Haleon plc American Depositary Shares (Each representing two Ordinary Shares),Consumer Discretionary
HLNE,NASDAQ,Hamilton Lane Incorporated Class A Common Stock,Finance
HLP,NASDAQ,Hongli Group Inc. Ordinary Shares,Industrials
HLT,NASDAQ,Hilton Worldwide Holdings Inc. Common Stock,Consumer Discretionary
HLX,NASDAQ,Helix Energy Solutions Group Inc. Common Stock,Energy
HLXC,NASDAQ,Helix Acquisition Corp. III Class A Ordinary Shares,Unknown
HL^B,NASDAQ,Hecla Mining Company Preferred Stock,Unknown
HMC,NASDAQ,Honda Motor Company Ltd. Common Stock,Industrials
HMN,NASDAQ,Horace Mann Educators Corporation Common Stock,Finance
HMR,NASDAQ,Heidmar Maritime Holdings Corp. Common Stock,Consumer Discretionary
HMY,NASDAQ,Harmony Gold Mining Company Limited,Basic Materials
HNGE,NASDAQ,Hinge Health Inc. Class A Common Stock,Technology
HNI,NASDAQ,HNI Corporation Common Stock,Consumer Discretionary
HNNA,NASDAQ,Hennessy Advisors Inc. Common Stock,Finance
HNNAZ,NASDAQ,Hennessy Advisors Inc. 4.875% Notes due 2026,Finance
HNRG,NASDAQ,Hallador Energy Company Common Stock,Energy
HNST,NASDAQ,The Honest Company Inc. Common Stock,Consumer Discretionary
HNVR,NASDAQ,Hanover Bancorp Inc. Common Stock,Finance
HOFT,NASDAQ,Hooker Furnishings Corporation Common Stock,Consumer Discretionary
HOG,NASDAQ,Harley-Davidson Inc. Common Stock,Consumer Discretionary
HOLO,NASDAQ,MicroCloud Hologram Inc. Ordinary Shares,Technology
HOLOW,NASDAQ,MicroCloud Hologram Inc. Warrant,Technology
HOLX,NASDAQ,Hologic Inc. Common Stock,Health Care
HOMB,NASDAQ,Home BancShares Inc. Common Stock,Finance
HON,NASDAQ,Honeywell International Inc. Common Stock,Industrials
HOOD,NASDAQ,Robinhood Markets Inc. Class A Common Stock,Finance
HOPE,NASDAQ,Hope Bancorp Inc. Common Stock,Finance
HOTH,NASDAQ,Hoth Therapeutics Inc. Common Stock,Health Care
HOUR,NASDAQ,Hour Loop Inc. Common Stock,Consumer Discretionary
HOV,NASDAQ,Hovnanian Enterprises Inc. Class A Common Stock,Consumer Discretionary
HOVNP,NASDAQ,Hovnanian Enterprises Inc Dep Shr Srs A Pfd,Consumer Discretionary
HOVR,NASDAQ,New Horizon Aircraft Ltd. Class A Ordinary Share,Industrials
HOVRW,NASDAQ,New Horizon Aircraft Ltd. Warrant,Industrials
HOWL,NASDAQ,Werewolf Therapeutics Inc. Common Stock,Health Care
HP,NASDAQ,Helmerich & Payne Inc. Common Stock,Energy
HPAI,NASDAQ,Helport AI Limited Ordinary Shares,Technology
HPAIW,NASDAQ,Helport AI Limited Warrants,Technology
HPE,NASDAQ,Hewlett Packard Enterprise Company Common Stock,Technology
HPE$C,NYSE,,Unknown
HPE^C,NASDAQ,Hewlett Packard Enterprise Company 7.625% Series C Mandatory Convertible Preferred Stock,Unknown
HPF,NASDAQ,John Hancock Pfd Income Fund II Pfd Income Fund II,Finance
HPI,NASDAQ,John Hancock Preferred Income Fund Common Shares of Beneficial Interest,Finance
HPK,NASDAQ,HighPeak Energy Inc. Common Stock,Energy
HPP,NASDAQ,Hudson Pacific Properties Inc. Common Stock,Finance
HPP$C,NYSE,,Unknown
HPP^C,NASDAQ,Hudson Pacific Properties Inc. 4.750% Series C Cumulative Redeemable Preferred Stock,Unknown
HPQ,NASDAQ,HP Inc. Common Stock,Technology
HPS,NASDAQ,John Hancock Preferred Income Fund III Preferred Income Fund III,Finance
HQH,NASDAQ,abrdn Healthcare Investors Shares of Beneficial Interest,Finance
HQI,NASDAQ,HireQuest Inc. Common Stock (DE),Consumer Discretionary
HQL,NASDAQ,abrdn Life Sciences Investors Shares of Beneficial Interest,Finance
HQY,NASDAQ,HealthEquity Inc. Common Stock,Real Estate
HR,NASDAQ,Healthcare Realty Trust Incorporated Common Stock,Real Estate
HRB,NASDAQ,H&R Block Inc. Common Stock,Consumer Discretionary
HRI,NASDAQ,Herc Holdings Inc. Common Stock,Industrials
HRL,NASDAQ,Hormel Foods Corporation Common Stock,Consumer Staples
HRMY,NASDAQ,Harmony Biosciences Holdings Inc. Common Stock,Health Care
HROW,NASDAQ,Harrow Inc. Common Stock,Health Care
HRTG,NASDAQ,Heritage Insurance Holdings Inc. Common Stock,Finance
HRTX,NASDAQ,Heron Therapeutics Inc. Common Stock,Health Care
HRZN,NASDAQ,Horizon Technology Finance Corporation Common Stock,Finance
HSAI,NASDAQ,Hesai Group American Depositary Share each ADS represents one Class B ordinary share,Industrials
HSBC,NASDAQ,HSBC Holdings plc. Common Stock,Finance
HSCS,NASDAQ,HeartSciences Inc. Common Stock,Health Care
HSCSW,NASDAQ,HeartSciences Inc. Warrant,Health Care
HSDT,NASDAQ,Solana Company Class A Common Stock (DE),Health Care
HSHP,NASDAQ,Himalaya Shipping Ltd. Common Shares,Consumer Discretionary
HSIC,NASDAQ,Henry Schein Inc. Common Stock,Health Care
HSLV,NASDAQ,Highlander Silver Corp. Common Shares,Unknown
HSPT,NASDAQ,Horizon Space Acquisition II Corp. Ordinary share,Finance
HSPTR,NASDAQ,Horizon Space Acquisition II Corp. Right,Finance
HSPTU,NASDAQ,Horizon Space Acquisition II Corp. Units,Unknown
HST,NASDAQ,Host Hotels & Resorts Inc. Common Stock,Real Estate
HSTM,NASDAQ,HealthStream Inc. Common Stock,Technology
HSY,NASDAQ,The Hershey Company Common Stock,Consumer Staples
HTB,NASDAQ,HomeTrust Bancshares Inc. Common Stock,Finance
HTBK,NASDAQ,Heritage Commerce Corp Common Stock,Finance
HTCO,NASDAQ,High-Trend International Group Class A Ordinary Shares,Consumer Discretionary
HTCR,NASDAQ,Heartcore Enterprises Inc. Common Stock,Technology
HTD,NASDAQ,John Hancock Tax Advantaged Dividend Income Fund Common Shares of Beneficial Interest,Finance
HTFC,NASDAQ,Horizon Technology Finance Corporation 6.25% Notes due 2027,Finance
HTFL,NASDAQ,Heartflow Inc. Common Stock,Health Care
HTGC,NASDAQ,Hercules Capital Inc. Common Stock,Finance
HTH,NASDAQ,Hilltop Holdings Inc.,Finance
HTHT,NASDAQ,H World Group Limited American Depositary Shares,Consumer Discretionary
HTLD,NASDAQ,Heartland Express Inc. Common Stock,Industrials
HTLM,NASDAQ,HomesToLife Ltd Ordinary Shares,Consumer Discretionary
HTO,NASDAQ,H2O America Common Stock,Utilities
HTOO,NASDAQ,Fusion Fuel Green PLC Class A Ordinary Shares,Energy
HTT,NASDAQ,High Templar Tech Limited American depositary shares each representing one Class A ordinary share,Finance
HTZ,NASDAQ,Hertz Global Holdings Inc Common Stock,Consumer Discretionary
HTZWW,NASDAQ,Hertz Global Holdings Inc Warrant,Consumer Discretionary
HUBB,NASDAQ,Hubbell Inc Common Stock,Technology
HUBC,NASDAQ,Hub Cyber Security Ltd. Ordinary Shares,Telecommunications
HUBCW,NASDAQ,Hub Cyber Security Ltd. Warrant 2/27/28,Telecommunications
HUBG,NASDAQ,Hub Group Inc. Class A Common Stock,Industrials
HUBS,NASDAQ,HubSpot Inc. Common Stock,Technology
HUDI,NASDAQ,Huadi International Group Co. Ltd. Ordinary Shares,Industrials
HUHU,NASDAQ,HUHUTECH International Group Inc. Ordinary Shares,Telecommunications
HUIZ,NASDAQ,Huize Holding Limited American Depositary Shares,Finance
HUM,NASDAQ,Humana Inc. Common Stock,Health Care
HUMA,NASDAQ,Humacyte Inc. Common Stock,Health Care
HUMAW,NASDAQ,Humacyte Inc. Warrant,Health Care
HUN,NASDAQ,Huntsman Corporation Common Stock,Industrials
HURA,NASDAQ,TuHURA Biosciences Inc. Common Stock,Health Care
HURC,NASDAQ,Hurco Companies Inc. Common Stock,Industrials
HURN,NASDAQ,Huron Consulting Group Inc. Common Stock,Consumer Discretionary
HUT,NASDAQ,Hut 8 Corp. Common Stock,Finance
HUYA,NASDAQ,HUYA Inc. American depositary shares each  representing one Class A ordinary share,Technology
HVII,NASDAQ,Hennessy Capital Investment Corp. VII Ordinary Shares,Unknown
HVIIR,NASDAQ,Hennessy Capital Investment Corp. VII Rights,Finance
HVIIU,NASDAQ,Hennessy Capital Investment Corp. VII Unit,Finance
HVMC,NASDAQ,Highview Merger Corp. Class A Ordinary Share,Unknown
HVMCU,NASDAQ,Highview Merger Corp. Units,Finance
HVMCW,NASDAQ,Highview Merger Corp. Warrants,Unknown
HVT,NASDAQ,Haverty Furniture Companies Inc. Common Stock,Consumer Discretionary
HVT/A,NASDAQ,Haverty Furniture Companies Inc.,Unknown
HWBK,NASDAQ,Hawthorn Bancshares Inc. Common Stock,Finance
HWC,NASDAQ,Hancock Whitney Corporation Common Stock,Finance
HWCPZ,NASDAQ,Hancock Whitney Corporation 6.25% Subordinated Notes due 2060,Finance
HWH,NASDAQ,HWH International Inc. Common Stock,Health Care
HWKN,NASDAQ,Hawkins Inc. Common Stock,Consumer Discretionary
HWM,NASDAQ,Howmet Aerospace Inc. Common Stock,Industrials
HXHX,NASDAQ,Haoxin Holdings Limited Class A Ordinary Shares,Industrials
HXL,NASDAQ,Hexcel Corporation Common Stock,Industrials
HY,NASDAQ,Hyster-Yale Inc. Class A common stock,Industrials
HYAC,NASDAQ,Haymaker Acquisition Corp. 4 Class A Ordinary Shares,Unknown
HYBX,NYSE,,Unknown
HYFM,NASDAQ,Hydrofarm Holdings Group Inc. Common Stock,Consumer Discretionary
HYFT,NASDAQ,MindWalk Holdings Corp. Common Stock,Health Care
HYI,NASDAQ,Western Asset High Yield Opportunity Fund Inc. Common Stock,Finance
HYLN,NASDAQ,Hyliion Holdings Corp. Class A Common Stock,Consumer Discretionary
HYMC,NASDAQ,Hycroft Mining Holding Corporation Class A Common Stock,Basic Materials
HYNE,NASDAQ,Hoyne Bancorp Inc. Common Stock,Finance
HYPD,NASDAQ,Hyperion DeFi Inc. Common Stock,Health Care
HYPR,NASDAQ,Hyperfine Inc. Class A Common Stock,Health Care
HYT,NASDAQ,Blackrock Corporate High Yield Fund Inc. Common Stock,Finance
HYTR,NYSE,,Unknown
HZO,NASDAQ,MarineMax Inc.  (FL) Common Stock,Consumer Discretionary
IAC,NASDAQ,IAC Inc. Common Stock,Technology
IACOU,NASDAQ,Idea Acquisition Corp. Units,Finance
IAE,NASDAQ,Voya Asia Pacific High Dividend Equity Income Fund ING Asia Pacific High Dividend Equity Income Fund Common Shares of Beneficial Interest,Finance
IAF,NASDAQ,abrdn Australia Equity Fund Inc. Common Stock,Finance
IAG,NASDAQ,Iamgold Corporation Ordinary Shares,Basic Materials
IART,NASDAQ,Integra LifeSciences Holdings Corporation Common Stock,Health Care
IAUX,NASDAQ,i-80 Gold Corp. Common Shares,Basic Materials
IBAC,NASDAQ,IB Acquisition Corp. Common Stock,Finance
IBACR,NASDAQ,IB Acquisition Corp. Right,Finance
IBCP,NASDAQ,Independent Bank Corporation Common Stock,Finance
IBEX,NASDAQ,IBEX Limited Common Shares,Technology
IBG,NASDAQ,Innovation Beverage Group Limited Ordinary Shares,Consumer Staples
IBIO,NASDAQ,iBio Inc. Common Stock,Health Care
IBKR,NASDAQ,Interactive Brokers Group Inc. Class A Common Stock,Finance
IBM,NASDAQ,International Business Machines Corporation Common Stock,Technology
IBN,NASDAQ,ICICI Bank Limited Common Stock,Finance
IBO,NASDAQ,Impact BioMedical Inc. Common Stock,Health Care
IBOC,NASDAQ,International Bancshares Corporation Common Stock,Finance
IBP,NASDAQ,Installed Building Products Inc. Common Stock,Consumer Discretionary
IBRX,NASDAQ,ImmunityBio Inc. Common Stock,Health Care
IBTA,NASDAQ,Ibotta Inc. Class A Common Stock,Consumer Discretionary
ICCC,NASDAQ,ImmuCell Corporation Common Stock,Health Care
ICCM,NASDAQ,IceCure Medical Ltd. Ordinary Shares,Health Care
ICE,NASDAQ,Intercontinental Exchange Inc. Common Stock,Finance
ICFI,NASDAQ,ICF International Inc. Common Stock,Consumer Discretionary
ICG,NASDAQ,Intchains Group Limited American Depositary Shares,Technology
ICHR,NASDAQ,Ichor Holdings Ordinary Shares,Technology
ICL,NASDAQ,ICL Group Ltd. Ordinary Shares,Industrials
ICLR,NASDAQ,ICON plc Ordinary Shares,Health Care
ICMB,NASDAQ,Investcorp Credit Management BDC Inc. Common Stock,Finance
ICON,NASDAQ,Icon Energy Corp. Common stock,Consumer Discretionary
ICR$A,NYSE,,Unknown
ICR^A,NASDAQ,InPoint Commercial Real Estate Income Inc. 6.75% Series A Cumulative Redeemable Preferred Stock,Unknown
ICU,NASDAQ,SeaStar Medical Holding Corporation Common Stock,Health Care
ICUCW,NASDAQ,SeaStar Medical Holding Corporation Warrant,Health Care
ICUI,NASDAQ,ICU Medical Inc. Common Stock,Health Care
IDA,NASDAQ,IDACORP Inc. Common Stock,Utilities
IDAI,NASDAQ,T Stamp Inc. Class A Common Stock,Technology
IDCC,NASDAQ,InterDigital Inc. Common Stock,Miscellaneous
IDE,NASDAQ,Voya Infrastructure Industrials and Materials Fund Common Shares of Beneficial Interest,Finance
IDN,NASDAQ,Intellicheck Inc. Common Stock,Technology
IDR,NASDAQ,Idaho Strategic Resources Inc. Common Stock,Basic Materials
IDT,NASDAQ,IDT Corporation Class B Common Stock,Telecommunications
IDXX,NASDAQ,IDEXX Laboratories Inc. Common Stock,Health Care
IDYA,NASDAQ,IDEAYA Biosciences Inc. Common Stock,Health Care
IE,NASDAQ,Ivanhoe Electric Inc. Common Stock,Basic Materials
IEAG,NASDAQ,Infinite Eagle Acquisition Corp. Class A Ordinary Shares,Finance
IEAGR,NASDAQ,Infinite Eagle Acquisition Corp. Rights,Finance
IEAGU,NASDAQ,Infinite Eagle Acquisition Corp. Unit,Unknown
IEP,NASDAQ,Icahn Enterprises L.P. Common Stock,Consumer Discretionary
IESC,NASDAQ,IES Holdings Inc. Common Stock,Industrials
IEX,NASDAQ,IDEX Corporation Common Stock,Industrials
IFBD,NASDAQ,Infobird Co. Ltd Ordinary Shares,Technology
IFF,NASDAQ,International Flavors & Fragrances Inc. Common Stock,Industrials
IFN,NASDAQ,Aberdeen India Fund Inc. Common Stock,Finance
IFRX,NASDAQ,InflaRx N.V. Common Stock,Health Care
IFS,NASDAQ,Intercorp Financial Services Inc. Common Shares,Finance
IGA,NASDAQ,Voya Global Advantage and Premium Opportunity Fund Common Shares of Beneficial Interest,Finance
IGAC,NASDAQ,Invest Green Acquisition Corporation Class A Ordinary Shares,Finance
IGACU,NASDAQ,Invest Green Acquisition Corporation Units,Finance
IGC,NASDAQ,IGC Pharma Inc. Common Stock,Health Care
IGCB,NYSE,,Unknown
IGD,NASDAQ,Voya Global Equity Dividend and Premium Opportunity Fund,Finance
IGI,NASDAQ,Western Asset Investment Grade Opportunity Trust Inc. Common Stock,Finance
IGIC,NASDAQ,International General Insurance Holdings Ltd. Ordinary Share,Finance
IGR,NASDAQ,CBRE Global Real Estate Income Fund Common Shares of Beneficial Interest,Finance
IH,NASDAQ,iHuman Inc. American depositary shares each representing five Class A ordinary shares,Real Estate
IHD,NASDAQ,Voya Emerging Markets High Income Dividend Equity Fund Common Shares,Finance
IHG,NASDAQ,Intercontinental Hotels Group American Depositary Shares (Each representing one Ordinary Share),Consumer Discretionary
IHRT,NASDAQ,iHeartMedia Inc. Class A Common Stock,Consumer Discretionary
IHS,NASDAQ,IHS Holding Limited Ordinary Shares,Telecommunications
IHT,NASDAQ,InnSuites Hospitality Trust Shares of Beneficial Interest,Finance
IIF,NASDAQ,Morgan Stanley India Investment Fund Inc. Common Stock,Finance
III,NASDAQ,Information Services Group Inc. Common Stock,Consumer Discretionary
IIIN,NASDAQ,Insteel Industries Inc. Common Stock,Industrials
IIIV,NASDAQ,i3 Verticals Inc. Class A Common Stock,Technology
IIM,NASDAQ,Invesco Value Municipal Income Trust Common Stock,Finance
IINN,NASDAQ,Inspira Technologies Oxy B.H.N. Ltd. Ordinary Shares,Health Care
IINNW,NASDAQ,Inspira Technologies Oxy B.H.N. Ltd. Warrant,Health Care
IIPR,NASDAQ,Innovative Industrial Properties Inc. Common Stock,Finance
IIPR$A,NYSE,,Unknown
IIPR^A,NASDAQ,Innovative Industrial Properties Inc. 9.00% Series A Cumulative Redeemable Preferred Stock,Unknown
IKT,NASDAQ,Inhibikase Therapeutics Inc. Common Stock,Health Care
ILAG,NASDAQ,Intelligent Living Application Group Inc. Ordinary Shares,Consumer Discretionary
ILLUU,NASDAQ,Illumination Acquisition Corp I Units,Finance
ILMN,NASDAQ,Illumina Inc. Common Stock,Health Care
ILPT,NASDAQ,Industrial Logistics Properties Trust Common Shares of Beneficial Interest,Real Estate
IMA,NASDAQ,ImageneBio Inc. Common Stock,Health Care
IMAX,NASDAQ,Imax Corporation Common Stock,Consumer Discretionary
IMCC,NASDAQ,IM Cannabis Corp. Common Shares,Health Care
IMCR,NASDAQ,Immunocore Holdings plc American Depositary Shares,Health Care
IMDX,NASDAQ,Insight Molecular Diagnostics Inc. Common Stock,Health Care
IMKTA,NASDAQ,Ingles Markets Incorporated Class A Common Stock,Consumer Staples
IMMR,NASDAQ,Immersion Corporation Common Stock,Technology
IMMX,NASDAQ,Immix Biopharma Inc. Common Stock,Health Care
IMNM,NASDAQ,Immunome Inc. Common Stock,Health Care
IMNN,NASDAQ,Imunon Inc. Common Stock,Health Care
IMO,NASDAQ,Imperial Oil Limited Common Stock,Energy
IMOS,NASDAQ,ChipMOS TECHNOLOGIES INC. American Depositary Shares,Technology
IMPP,NASDAQ,Imperial Petroleum Inc. Common Shares,Consumer Discretionary
IMPPP,NASDAQ,Imperial Petroleum Inc. 8.75% Series A Cumulative Redeemable Perpetual Preferred Shares,Consumer Discretionary
IMRN,NASDAQ,Immuron Limited American Depositary Shares,Health Care
IMRX,NASDAQ,Immuneering Corporation Class A Common Stock,Health Care
IMSR,NASDAQ,Terrestrial Energy Inc. Common Stock,Unknown
IMSRW,NASDAQ,Terrestrial Energy Inc. Warrant,Unknown
IMTE,NASDAQ,Integrated Media Technology Limited Ordinary Shares,Consumer Staples
IMTX,NASDAQ,Immatics N.V. Ordinary Shares,Health Care
IMUX,NASDAQ,Immunic Inc. Common Stock,Health Care
IMVT,NASDAQ,Immunovant Inc. Common Stock,Health Care
IMXI,NASDAQ,International Money Express Inc. Common Stock,Real Estate
INAB,NASDAQ,IN8bio Inc. Common Stock,Health Care
INAC,NASDAQ,Indigo Acquisition Corp. Ordinary Shares,Unknown
INACU,NASDAQ,Indigo Acquisition Corp. Unit,Unknown
INBK,NASDAQ,First Internet Bancorp Common Stock,Finance
INBKZ,NASDAQ,First Internet Bancorp 6.0% Fixed-to-Floating Rate Subordinated Notes Due 2029,Finance
INBS,NASDAQ,Intelligent Bio Solutions Inc. Common Stock,Health Care
INBX,NASDAQ,Inhibrx Biosciences Inc. Common Stock,Health Care
INCR,NASDAQ,Intercure Ltd. Ordinary Shares,Health Care
INCY,NASDAQ,Incyte Corp. Common Stock,Health Care
INDB,NASDAQ,Independent Bank Corp. Common Stock,Finance
INDI,NASDAQ,indie Semiconductor Inc. Class A Common Stock,Technology
INDO,NASDAQ,Indonesia Energy Corporation Limited Ordinary Shares,Energy
INDP,NASDAQ,Indaptus Therapeutics Inc. Common Stock,Health Care
INDV,NASDAQ,Indivior Pharmaceuticals Inc. Common Stock,Health Care
INEO,NASDAQ,INNEOVA Holdings Limited Class A Ordinary Shares,Consumer Discretionary
INFO,NYSE,,Unknown
INFQ,NASDAQ,Infleqtion Inc. Common Stock,Technology
INFU,NASDAQ,InfuSystems Holdings Inc. Common Stock,Health Care
INFY,NASDAQ,Infosys Limited American Depositary Shares,Technology
ING,NASDAQ,ING Group N.V. Common Stock,Finance
INGM,NASDAQ,Ingram Micro Holding Corporation Common Stock,Technology
INGN,NASDAQ,Inogen Inc Common Stock,Health Care
INGR,NASDAQ,Ingredion Incorporated Common Stock,Consumer Staples
INHD,NASDAQ,Inno Holdings Inc. Common Stock,Industrials
INKT,NASDAQ,MiNK Therapeutics Inc. Common Stock,Health Care
INLF,NASDAQ,INLIF LIMITED Class A Ordinary Shares,Industrials
INLX,NASDAQ,Intellinetics Inc. Common Stock,Technology
INM,NASDAQ,InMed Pharmaceuticals Inc. Common Shares,Health Care
INMB,NASDAQ,INmune Bio Inc. Common stock,Health Care
INMD,NASDAQ,InMode Ltd. Ordinary Shares,Health Care
INN,NASDAQ,Summit Hotel Properties Inc. Common Stock,Real Estate
INN$E,NYSE,,Unknown
INN$F,NYSE,,Unknown
INNV,NASDAQ,InnovAge Holding Corp. Common Stock,Health Care
INN^E,NASDAQ,Summit Hotel Properties Inc. 6.250% Series E Cumulative Redeemable Preferred Stock,Unknown
INN^F,NASDAQ,Summit Hotel Properties Inc. 5.875% Series F Cumulative Redeemable Preferred Stock $0.01 par value per share,Unknown
INO,NASDAQ,Inovio Pharmaceuticals Inc. Common Stock,Health Care
INOD,NASDAQ,Innodata Inc. Common Stock,Technology
INR,NASDAQ,Infinity Natural Resources Inc. Class A Common Stock,Energy
INSE,NASDAQ,Inspired Entertainment Inc. Common Stock,Technology
INSG,NASDAQ,Inseego Corp. Common Stock,Telecommunications
INSM,NASDAQ,Insmed Incorporated Common Stock,Health Care
INSP,NASDAQ,Inspire Medical Systems Inc. Common Stock,Health Care
INSW,NASDAQ,International Seaways Inc. Common Stock,Consumer Discretionary
INTA,NASDAQ,Intapp Inc. Common Stock,Technology
INTC,NASDAQ,Intel Corporation Common Stock,Technology
INTG,NASDAQ,Intergroup Corporation (The) Common Stock,Real Estate
INTJ,NASDAQ,Intelligent Group Limited Class A Ordinary Shares,Consumer Discretionary
INTR,NASDAQ,Inter & Co. Inc. Class A Common Shares,Finance
INTS,NASDAQ,Intensity Therapeutics Inc. Common stock,Health Care
INTT,NASDAQ,inTest Corporation Common Stock,Industrials
INTU,NASDAQ,Intuit Inc. Common Stock,Technology
INTZ,NASDAQ,Intrusion Inc. Common Stock,Telecommunications
INUV,NASDAQ,Inuvo Inc.,Consumer Discretionary
INV,NASDAQ,Innventure Inc. Common Stock,Finance
INVA,NASDAQ,Innoviva Inc. Common Stock,Health Care
INVE,NASDAQ,Identiv Inc. Common Stock,Technology
INVH,NASDAQ,Invitation Homes Inc. Common Stock,Finance
INVX,NASDAQ,Innovex International Inc. Common Stock,Consumer Discretionary
INVZ,NASDAQ,Innoviz Technologies Ltd. Ordinary shares,Consumer Discretionary
INVZW,NASDAQ,Innoviz Technologies Ltd. Warrant,Consumer Discretionary
IOBT,NASDAQ,IO Biotech Inc. Common Stock,Health Care
IONQ,NASDAQ,IonQ Inc. Common Stock,Technology
IONR,NASDAQ,ioneer Ltd American Depositary Shares,Industrials
IONS,NASDAQ,Ionis Pharmaceuticals Inc. Common Stock,Health Care
IOR,NASDAQ,Income Opportunity Realty Investors Inc. Common Stock,Real Estate
IOSP,NASDAQ,Innospec Inc. Common Stock,Industrials
IOT,NASDAQ,Samsara Inc. Class A Common Stock,Technology
IOTR,NASDAQ,iOThree Limited Ordinary Shares,Consumer Discretionary
IOVA,NASDAQ,Iovance Biotherapeutics Inc. Common Stock,Health Care
IP,NASDAQ,International Paper Company Common Stock,Basic Materials
IPAR,NASDAQ,Interparfums Inc. Common Stock,Consumer Discretionary
IPB,NYSE,,Unknown
IPCX,NASDAQ,Inflection Point Acquisition Corp. III Class A Ordinary Shares,Finance
IPCXR,NASDAQ,Inflection Point Acquisition Corp. III Rights,Finance
IPCXU,NASDAQ,Inflection Point Acquisition Corp. III Units,Finance
IPDN,NASDAQ,Professional Diversity Network Inc. Common Stock,Technology
IPEX,NASDAQ,Inflection Point Acquisition Corp. V Class A Ordinary Shares,Health Care
IPEXR,NASDAQ,Inflection Point Acquisition Corp. V Rights,Finance
IPGP,NASDAQ,IPG Photonics Corporation Common Stock,Technology
IPHA,NASDAQ,Innate Pharma S.A. ADS,Health Care
IPI,NASDAQ,Intrepid Potash Inc Common Stock,Industrials
IPM,NASDAQ,Intelligent Protection Management Corp. Common Stock,Technology
IPOD,NASDAQ,Dune Acquisition Corporation II Class A Ordinary Shares,Finance
IPODU,NASDAQ,Dune Acquisition Corporation II Units,Finance
IPODW,NASDAQ,Dune Acquisition Corporation II Warrants,Finance
IPSC,NASDAQ,Century Therapeutics Inc. Common Stock,Health Care
IPST,NASDAQ,IP Strategy Holdings Inc. Common Stock,Consumer Staples
IPW,NASDAQ,iPower Inc. Common Stock,Consumer Discretionary
IPWR,NASDAQ,Ideal Power Inc. Common Stock,Technology
IPX,NASDAQ,IperionX Limited American Depositary Share,Basic Materials
IQ,NASDAQ,iQIYI Inc. American Depositary Shares,Consumer Discretionary
IQI,NASDAQ,Invesco Quality Municipal Income Trust Common Stock,Finance
IQST,NASDAQ,iQSTEL Inc. Common Stock,Telecommunications
IQV,NASDAQ,IQVIA Holdings Inc. Common Stock,Health Care
IR,NASDAQ,Ingersoll Rand Inc. Common Stock,Industrials
IRAB,NASDAQ,Iris Acquisition Corp II Class A Ordinary Shares,Unknown
IRD,NASDAQ,Opus Genetics Inc. Common Stock,Health Care
IRDM,NASDAQ,Iridium Communications Inc Common Stock,Telecommunications
IREN,NASDAQ,IREN Limited Ordinary Shares,Technology
IRHO,NASDAQ,Iron Horse Acquisitions II Corp. Common Stock,Unknown
IRHOR,NASDAQ,Iron Horse Acquisitions Corp. II Rights,Unknown
IRHOU,NASDAQ,Iron Horse Acquisitions II Corp. Units,Finance
IRIX,NASDAQ,IRIDEX Corporation Common Stock,Health Care
IRM,NASDAQ,Iron Mountain Incorporated (Delaware)Common Stock REIT,Real Estate
IRMD,NASDAQ,iRadimed Corporation Common Stock,Health Care
IRON,NASDAQ,Disc Medicine Inc. Common Stock,Health Care
IROQ,NASDAQ,IF Bancorp Inc. Common Stock,Finance
IRS,NASDAQ,IRSA Inversiones Y Representaciones S.A. Global Depositary Shares (Each representing ten shares of Common Stock),Real Estate
IRT,NASDAQ,Independence Realty Trust Inc. Common Stock,Real Estate
IRTC,NASDAQ,iRhythm Holdings Inc. Common Stock,Health Care
IRWD,NASDAQ,Ironwood Pharmaceuticals Inc. Class A Common Stock,Health Care
ISBA,NASDAQ,Isabella Bank Corporation Common stock,Finance
ISD,NASDAQ,PGIM High Yield Bond Fund Inc.,Finance
ISOU,NASDAQ,IsoEnergy Ltd. Common Shares,Unknown
ISPC,NASDAQ,iSpecimen Inc. Common Stock,Health Care
ISPR,NASDAQ,Ispire Technology Inc. Common Stock,Health Care
ISRG,NASDAQ,Intuitive Surgical Inc. Common Stock,Health Care
ISSC,NASDAQ,Innovative Solutions and Support Inc. Common Stock,Technology
ISTR,NASDAQ,Investar Holding Corporation Common Stock,Finance
IT,NASDAQ,Gartner Inc. Common Stock,Consumer Discretionary
ITGR,NASDAQ,Integer Holdings Corporation Common Stock,Health Care
ITHA,NASDAQ,ITHAX Acquisition Corp III Class A Ordinary Shares,Unknown
ITHAU,NASDAQ,ITHAX Acquisition Corp III Units,Unknown
ITIC,NASDAQ,Investors Title Company Common Stock,Finance
ITOC,NASDAQ,iTonic Holdings Ltd Class A Ordinary Shares,Health Care
ITP,NASDAQ,IT Tech Packaging Inc. Common Stock,Consumer Discretionary
ITRG,NASDAQ,Integra Resources Corp. Common Shares,Basic Materials
ITRI,NASDAQ,Itron Inc. Common Stock,Industrials
ITRM,NASDAQ,Iterum Therapeutics plc Ordinary Share,Health Care
ITRN,NASDAQ,Ituran Location and Control Ltd. Ordinary Shares,Technology
ITT,NASDAQ,ITT Inc. Common Stock,Industrials
ITUB,NASDAQ,Itau Unibanco Banco Holding SA American Depositary Shares (Each repstg 500 Preferred shares),Finance
ITW,NASDAQ,Illinois Tool Works Inc. Common Stock,Industrials
IVA,NASDAQ,Inventiva S.A. American Depository Shares,Health Care
IVDA,NASDAQ,Iveda Solutions Inc. Common Stock,Technology
IVDAW,NASDAQ,Iveda Solutions Inc. Warrant,Technology
IVF,NASDAQ,INVO Fertility Inc. Common Stock,Health Care
IVR,NASDAQ,INVESCO MORTGAGE CAPITAL INC Common Stock,Real Estate
IVR$C,NYSE,,Unknown
IVR^C,NASDAQ,INVESCO MORTGAGE CAPITAL INC 7.5% Fixed-to-Floating Series C Cumulative Redeemable Preferred Stock Liquation Preference $25.00 per Share,Unknown
IVT,NASDAQ,InvenTrust Properties Corp. Common Stock,Real Estate
IVVD,NASDAQ,Invivyd Inc. Common Stock,Health Care
IVZ,NASDAQ,Invesco Ltd Common Stock,Finance
IX,NASDAQ,ORIX Corporation American Depositary Shares,Finance
IXHL,NASDAQ,Incannex Healthcare Inc. Common Stock,Health Care
IZEA,NASDAQ,IZEA Worldwide Inc. Common Stock,Consumer Discretionary
IZM,NASDAQ,ICZOOM Group Inc. Class A Ordinary Shares,Consumer Discretionary
J,NASDAQ,Jacobs Solutions Inc. Common Stock,Industrials
JACK,NASDAQ,Jack In The Box Inc. Common Stock,Consumer Discretionary
JACS,NASDAQ,Jackson Acquisition Company II Class A Ordinary Shares,Unknown
JAGU,NASDAQ,Jaguar Uranium Corp. Class A Common Shares,Unknown
JAGX,NASDAQ,Jaguar Health Inc. Common Stock,Health Care
JAKK,NASDAQ,JAKKS Pacific Inc. Common Stock,Consumer Discretionary
JANX,NASDAQ,Janux Therapeutics Inc. Common Stock,Health Care
JAZZ,NASDAQ,Jazz Pharmaceuticals plc Common Stock (Ireland),Health Care
JBDI,NASDAQ,JBDI Holdings Limited Ordinary Shares,Unknown
JBGS,NASDAQ,JBG SMITH Properties Common Shares,Real Estate
JBHT,NASDAQ,J.B. Hunt Transport Services Inc. Common Stock,Industrials
JBI,NASDAQ,Janus International Group Inc. Common Stock,Industrials
JBIO,NASDAQ,Jade Biosciences Inc. Common Stock,Health Care
JBK,NASDAQ,Lehman ABS 3.50 3.50% Adjustable Corp Backed Tr Certs GS Cap I,Finance
JBL,NASDAQ,Jabil Inc. Common Stock,Technology
JBLU,NASDAQ,JetBlue Airways Corporation Common Stock,Consumer Discretionary
JBND,NYSE,,Unknown
JBS,NASDAQ,JBS N.V. Class A Common Shares,Consumer Staples
JBSS,NASDAQ,John B. Sanfilippo & Son Inc. Common Stock,Consumer Staples
JBTM,NASDAQ,JBT Marel Corporation Common Stock,Industrials
JCAP,NASDAQ,Jefferson Capital Inc. Common Stock,Finance
JCE,NASDAQ,Nuveen Core Equity Alpha Fund Common Shares of Beneficial Interest,Finance
JCI,NASDAQ,Johnson Controls International plc Ordinary Share,Industrials
JCSE,NASDAQ,JE Cleantech Holdings Limited Ordinary Shares,Consumer Discretionary
JCTC,NASDAQ,Jewett-Cameron Trading Company Common Shares,Consumer Discretionary
JD,NASDAQ,JD.com Inc. American Depositary Shares,Consumer Discretionary
JDZG,NASDAQ,JIADE LIMITED Class A Ordinary Shares,Real Estate
JEF,NASDAQ,Jefferies Financial Group Inc. Common Stock,Finance
JELD,NASDAQ,JELD-WEN Holding Inc. Common Stock,Basic Materials
JEM,NASDAQ,707 Cayman Holdings Limited Ordinary Shares,Consumer Discretionary
JENA,NASDAQ,Jena Acquisition Corporation II Class A Ordinary Shares,Finance
JF,NASDAQ,J and Friends Holdings Limited American Depositary Shares,Technology
JFB,NASDAQ,JFB Construction Holdings Class A Common Stock,Consumer Discretionary
JFBR,NASDAQ,Jeffs' Brands Ltd Ordinary Shares,Consumer Discretionary
JFIN,NASDAQ,Jiayin Group Inc. American Depositary Shares,Finance
JFR,NASDAQ,Nuveen Floating Rate Income Fund Common Stock,Finance
JFU,NASDAQ,9F Inc. American Depositary Shares,Finance
JG,NASDAQ,Aurora Mobile Limited American Depositary Shares,Technology
JGH,NASDAQ,Nuveen Global High Income Fund Common Shares of Beneficial Interest,Finance
JHG,NASDAQ,Janus Henderson Group plc Ordinary Shares,Finance
JHI,NASDAQ,John Hancock Investors Trust Common Stock,Finance
JHS,NASDAQ,John Hancock Income Securities Trust Common Stock,Finance
JHX,NASDAQ,James Hardie Industries plc. Ordinary Shares,Industrials
JILL,NASDAQ,J. Jill Inc. Common Stock,Consumer Discretionary
JJSF,NASDAQ,J & J Snack Foods Corp. Common Stock,Consumer Staples
JKHY,NASDAQ,Jack Henry & Associates Inc. Common Stock,Technology
JKS,NASDAQ,JinkoSolar Holding Company Limited American Depositary Shares (each representing 4 Common Shares),Technology
JL,NASDAQ,J-Long Group Limited Class A Ordinary Shares,Consumer Discretionary
JLHL,NASDAQ,Julong Holding Limited Class A Ordinary Shares,Consumer Discretionary
JLL,NASDAQ,Jones Lang LaSalle Incorporated Common Stock,Finance
JLS,NASDAQ,Nuveen Mortgage and Income Fund,Finance
JMIA,NASDAQ,Jumia Technologies AG American Depositary Shares each representing two Ordinary Shares,Consumer Discretionary
JMM,NASDAQ,Nuveen Multi-Market Income Fund (MA),Finance
JMSB,NASDAQ,John Marshall Bancorp Inc. Common Stock,Finance
JNJ,NASDAQ,Johnson & Johnson Common Stock,Health Care
JOB,NASDAQ,GEE Group Inc. Common Stock,Consumer Discretionary
JOBY,NASDAQ,Joby Aviation Inc. Common Stock,Industrials
JOE,NASDAQ,St. Joe Company (The) Common Stock,Real Estate
JOF,NASDAQ,Japan Smaller Capitalization Fund Inc Common Stock,Finance
JOUT,NASDAQ,Johnson Outdoors Inc. Class A Common Stock,Consumer Discretionary
JOYY,NASDAQ,JOYY Inc. American Depositary Shares,Technology
JPC,NASDAQ,Nuveen Preferred & Income Opportunities Fund,Finance
JPM,NASDAQ,JP Morgan Chase & Co. Common Stock,Finance
JPM$C,NYSE,,Unknown
JPM$D,NYSE,,Unknown
JPM$J,NYSE,,Unknown
JPM$K,NYSE,,Unknown
JPM$L,NYSE,,Unknown
JPM$M,NYSE,,Unknown
JPM^C,NASDAQ,J P Morgan Chase & Co Depositary Shares each representing a 1/400th interest in a share of 6.00% Non-Cumulative  Preferred Stock Series EE,Unknown
JPM^D,NASDAQ,J P Morgan Chase & Co Depositary Shares each representing a 1/400th  interest in a share of 5.75% Non-Cumulative  Preferred Stock Series DD,Unknown
JPM^J,NASDAQ,J P Morgan Chase & Co Depositary Shares each representing a 1/400th interest in a share of JPMorgan Chase & Co. 4.75% Non-Cumulative Preferred Stock Series GG,Unknown
JPM^K,NASDAQ,J P Morgan Chase & Co Depositary Shares each representing a 1/400th interest in a share of 4.55% Non-Cumulative Preferred Stock Series JJ,Unknown
JPM^L,NASDAQ,J P Morgan Chase & Co Depositary Shares each representing a 1/400th interest in a share of 4.625% Non-Cumulative Preferred Stock Series LL,Unknown
JPM^M,NASDAQ,J P Morgan Chase & Co Depositary Shares each representing a 1/400th interest in a share of 4.20% Non-Cumulative Preferred Stock Series MM,Unknown
JQC,NASDAQ,Nuveen Credit Strategies Income Fund Shares of Beneficial Interest,Finance
JRI,NASDAQ,Nuveen Real Asset Income and Growth Fund Common Shares of Beneficial Interest,Finance
JRS,NASDAQ,Nuveen Real Estate Income Fund Common Shares of Beneficial Interest,Finance
JRSH,NASDAQ,Jerash Holdings (US) Inc. Common Stock,Consumer Discretionary
JRVR,NASDAQ,James River Group Holdings Inc. Common Stock,Finance
JSM,NASDAQ,Navient Corporation 6% Senior Notes due December 15 2043,Finance
JSPR,NASDAQ,Jasper Therapeutics Inc. Common Stock,Health Care
JSPRW,NASDAQ,Japer Therapeutics Inc. Warrants,Health Care
JTAI,NASDAQ,Jet.AI Inc. Common Stock,Consumer Discretionary
JUNS,NASDAQ,Jupiter Neurosciences Inc. Common Stock,Health Care
JVA,NASDAQ,Coffee Holding Co. Inc. Common Stock,Consumer Staples
JWEL,NASDAQ,Jowell Global Ltd. Ordinary Shares,Consumer Discretionary
JXG,NASDAQ,JX Luxventure Group Inc. Common Stock,Consumer Staples
JXN,NASDAQ,Jackson Financial Inc. Class A Common Stock,Finance
JXN$A,NYSE,,Unknown
JXN^A,NASDAQ,Jackson Financial Inc. Depositary Shares each representing a 1/1000th interest in a share of Fixed-Rate Reset Noncumulative Perpetual Preferred Stock Series A,Unknown
JYD,NASDAQ,Jayud Global Logistics Limited Class A Ordinary Shares,Industrials
JYNT,NASDAQ,The Joint Corp. Common Stock,Miscellaneous
JZ,NASDAQ,Jianzhi Education Technology Group Company Limited American Depositary Shs,Real Estate
JZXN,NASDAQ,Jiuzi Holdings Inc. Ordinary Shares,Consumer Discretionary
KAI,NASDAQ,Kadant Inc Common Stock,Industrials
KALA,NASDAQ,KALA BIO Inc. Common Stock,Health Care
KALU,NASDAQ,Kaiser Aluminum Corporation Common Stock,Industrials
KALV,NASDAQ,KalVista Pharmaceuticals Inc. Common Stock,Health Care
KAPA,NASDAQ,Kairos Pharma Ltd. Common Stock,Health Care
KARO,NASDAQ,Karooooo Ltd. Ordinary Shares,Technology
KB,NASDAQ,KB Financial Group Inc,Finance
KBDC,NASDAQ,Kayne Anderson BDC Inc. Common Stock,Unknown
KBH,NASDAQ,KB Home Common Stock,Consumer Discretionary
KBON,NASDAQ,Karbon Capital Partners Corp. Class A Ordinary Shares,Finance
KBONU,NASDAQ,Karbon Capital Partners Corp. Units,Finance
KBONW,NASDAQ,Karbon Capital Partners Corp. Warrant,Finance
KBR,NASDAQ,KBR Inc. Common Stock,Industrials
KBSX,NASDAQ,FST Corp. Ordinary Shares,Consumer Discretionary
KC,NASDAQ,Kingsoft Cloud Holdings Limited American Depositary Shares,Technology
KCHV,NASDAQ,Kochav Defense Acquisition Corp. Class A Ordinary Shares,Unknown
KCHVR,NASDAQ,Kochav Defense Acquisition Corp. Right,Finance
KCHVU,NASDAQ,Kochav Defense Acquisition Corp. Units,Unknown
KD,NASDAQ,Kyndryl Holdings Inc. Common Stock,Technology
KDK,NASDAQ,Kodiak AI Inc. Common Stock,Technology
KDKRW,NASDAQ,Kodiak AI Inc. Warrants,Technology
KDP,NASDAQ,Keurig Dr Pepper Inc. Common Stock,Consumer Staples
KE,NASDAQ,Kimball Electronics Inc. Common Stock,Technology
KELYA,NASDAQ,Kelly Services Inc. Class A Common Stock,Consumer Discretionary
KELYB,NASDAQ,Kelly Services Inc. Class B Common Stock,Consumer Discretionary
KEN,NASDAQ,Kenon Holdings Ltd. Ordinary Shares,Utilities
KEP,NASDAQ,Korea Electric Power Corporation Common Stock,Utilities
KEQU,NASDAQ,Kewaunee Scientific Corporation Common Stock,Industrials
KEX,NASDAQ,Kirby Corporation Common Stock,Consumer Discretionary
KEY,NASDAQ,KeyCorp Common Stock,Finance
KEY$I,NYSE,,Unknown
KEY$J,NYSE,,Unknown
KEY$K,NYSE,,Unknown
KEY$L,NYSE,,Unknown
KEYS,NASDAQ,Keysight Technologies Inc. Common Stock,Industrials
KEY^I,NASDAQ,KeyCorp Depositary Shares Each Representing a 1/40th Ownership Interest in a Share of Fixed-to-Floating Rate Perpetual Non-Cumulative Preferred Stock Series E,Unknown
KEY^J,NASDAQ,KeyCorp Depositary Shares each representing a 1/40th ownership interest in a share of Fixed Rate Perpetual Non-Cumulative Preferred Stock Series F,Unknown
KEY^K,NASDAQ,KeyCorp Depositary Shares each representing a 1/40th ownership interest in a share of Fixed Rate Perpetual Non-Cumulative Preferred Stock Series G,Unknown
KEY^L,NASDAQ,KeyCorp Depositary Shares each representing a 1/40th ownership interest in a share of Fixed Rate Perpetual Non-Cumulative Preferred Stock Series H,Unknown
KF,NASDAQ,Korea Fund Inc. (The) New Common Stock,Finance
KFFB,NASDAQ,Kentucky First Federal Bancorp Common Stock,Finance
KFII,NASDAQ,K&F Growth Acquisition Corp. II Class A Ordinary shares,Unknown
KFIIR,NASDAQ,K&F Growth Acquisition Corp. II Rights,Unknown
KFRC,NASDAQ,Kforce Inc. Common Stock,Consumer Discretionary
KFS,NASDAQ,Kingsway Financial Services Inc. Common Stock (DE),Finance
KFY,NASDAQ,Korn Ferry Common Stock,Consumer Discretionary
KG,NASDAQ,Kestrel Group Ltd.,Finance
KGC,NASDAQ,Kinross Gold Corporation Common Stock,Basic Materials
KGEI,NASDAQ,Kolibri Global Energy Inc. Common stock,Energy
KGS,NASDAQ,Kodiak Gas Services Inc. Common Stock,Utilities
KHC,NASDAQ,The Kraft Heinz Company Common Stock,Consumer Staples
KIDS,NASDAQ,OrthoPediatrics Corp. Common Stock,Health Care
KIDZ,NASDAQ,Classover Holdings Inc. Class B Common Stock,Real Estate
KIDZW,NASDAQ,Classover Holdings Inc. Warrants,Real Estate
KIM,NASDAQ,Kimco Realty Corporation (HC) Common Stock,Real Estate
KIM$L,NYSE,,Unknown
KIM$M,NYSE,,Unknown
KIM$N,NYSE,,Unknown
KIM^L,NASDAQ,Kimco Realty Corporation Class L Depositary Shares each of which represents a one-one thousandth fractional interest in a share of 5.125% Class L Cumulative Redeemable Preferred Stock liquidation preference $25000.00 per share,Unknown
KIM^M,NASDAQ,Kimco Realty Corporation Class M Depositary Shares each of which represents a one-one thousandth fractional interest in a share of 5.25% Class M Cumulative Redeemable Preferred Stock liquidation preference $25000.00 per share,Unknown
KIM^N,NASDAQ,Kimco Realty Corporation Depositary Shares each representing 1/1000th interest in a share of 7.25% Class N Cumulative Convertible Perpetual Preferred Stock,Unknown
KINS,NASDAQ,Kingstone Companies Inc. Common Stock,Finance
KIO,NASDAQ,KKR Income Opportunities Fund Common Shares,Finance
KITT,NASDAQ,Nauticus Robotics Inc. Common stock,Industrials
KITTW,NASDAQ,Nauticus Robotics Inc. Warrant,Industrials
KKR,NASDAQ,KKR & Co. Inc. Common Stock,Finance
KKR$D,NYSE,,Unknown
KKRS,NASDAQ,KKR Group Finance Co. IX LLC 4.625% Subordinated Notes due 2061,Finance
KKRT,NASDAQ,KKR & Co. Inc. 6.875% Subordinated Notes due 2065,Finance
KKR^D,NASDAQ,KKR & Co. Inc. 6.25% Series D Mandatory Convertible Preferred Stock,Unknown
KLAC,NASDAQ,KLA Corporation Common Stock,Technology
KLAR,NASDAQ,Klarna Group plc Ordinary Shares,Finance
KLC,NASDAQ,KinderCare Learning Companies Inc. Common Stock,Consumer Discretionary
KLIC,NASDAQ,Kulicke and Soffa Industries Inc. Common Stock,Technology
KLRS,NASDAQ,Kalaris Therapeutics Inc. Common Stock,Health Care
KLTR,NASDAQ,Kaltura Inc. Common Stock,Technology
KLXE,NASDAQ,KLX Energy Services Holdings Inc. Common Stock,Energy
KMB,NASDAQ,Kimberly-Clark Corporation Common Stock,Consumer Discretionary
KMDA,NASDAQ,Kamada Ltd. Ordinary Shares,Health Care
KMI,NASDAQ,Kinder Morgan Inc. Common Stock,Utilities
KMPB,NASDAQ,Kemper Corporation 5.875% Fixed-Rate Reset Junior Subordinated Debentures due 2062,Finance
KMPR,NASDAQ,Kemper Corporation,Finance
KMRK,NASDAQ,K-Tech Solutions Company Limited Class A Ordinary Shares,Consumer Discretionary
KMT,NASDAQ,Kennametal Inc. Common Stock,Industrials
KMTS,NASDAQ,Kestra Medical Technologies Ltd. Common Stock,Health Care
KMX,NASDAQ,CarMax Inc,Consumer Discretionary
KN,NASDAQ,Knowles Corporation Common Stock,Consumer Staples
KNDI,NASDAQ,Kandi Technologies Group Inc. Ordinary Shares,Industrials
KNF,NASDAQ,Knife Riv Holding Co. Common Stock,Industrials
KNOP,NASDAQ,KNOT Offshore Partners LP Common Units representing Limited Partner Interests,Consumer Discretionary
KNRX,NASDAQ,KNOREX LTD. Class A Ordinary Shares,Technology
KNSA,NASDAQ,Kiniksa Pharmaceuticals International plc Class A Ordinary Shares,Health Care
KNSL,NASDAQ,Kinsale Capital Group Inc. Common Stock,Finance
KNTK,NASDAQ,Kinetik Holdings Inc. Class A Common Stock,Utilities
KNX,NASDAQ,Knight-Swift Transportation Holdings Inc.,Industrials
KO,NASDAQ,Coca-Cola Company (The) Common Stock,Consumer Staples
KOD,NASDAQ,Kodiak Sciences Inc Common Stock,Health Care
KODK,NASDAQ,Eastman Kodak Company Common New,Consumer Discretionary
KOF,NASDAQ,Coca Cola Femsa S.A.B. de C.V.  American Depositary Shares each representing 10 Units (each Unit consists of 3 Series B Shares and 5 Series L Shares),Consumer Staples
KOP,NASDAQ,Koppers Holdings Inc. Common Stock,Basic Materials
KOPN,NASDAQ,Kopin Corporation Common Stock,Technology
KORE,NASDAQ,KORE Group Holdings Inc. Common Stock,Telecommunications
KOS,NASDAQ,Kosmos Energy Ltd. Common Shares (DE),Energy
KOSS,NASDAQ,Koss Corporation Common Stock,Consumer Staples
KOYN,NASDAQ,CSLM Digital Asset Acquisition Corp III Class A Ordinary Shares,Unknown
KOYNU,NASDAQ,CSLM Digital Asset Acquisition Corp III Units,Unknown
KOYNW,NASDAQ,CSLM Digital Asset Acquisition Corp III Warrants,Unknown
KPLT,NASDAQ,Katapult Holdings Inc. Common Stock,Consumer Discretionary
KPLTW,NASDAQ,Katapult Holdings Inc. Warrant,Consumer Discretionary
KPRX,NASDAQ,Kiora Pharmaceuticals Inc.  Common Stock,Health Care
KPTI,NASDAQ,Karyopharm Therapeutics Inc. Common Stock,Health Care
KR,NASDAQ,Kroger Company (The) Common Stock,Consumer Staples
KRAQU,NASDAQ,KRAKacquisition Corp Unit,Unknown
KRC,NASDAQ,Kilroy Realty Corporation Common Stock,Real Estate
KREF,NASDAQ,KKR Real Estate Finance Trust Inc. Common Stock,Real Estate
KREF$A,NYSE,,Unknown
KREF^A,NASDAQ,KKR Real Estate Finance Trust Inc. 6.50% Series A Cumulative Redeemable Preferred Stock,Unknown
KRG,NASDAQ,Kite Realty Group Trust Common Stock,Real Estate
KRKR,NASDAQ,36Kr Holdings Inc. American Depositary Shares,Real Estate
KRMD,NASDAQ,KORU Medical Systems Inc. Common Stock (DE),Health Care
KRMN,NASDAQ,Karman Holdings Inc. Common Stock,Industrials
KRNT,NASDAQ,Kornit Digital Ltd. Ordinary Shares,Industrials
KRNY,NASDAQ,Kearny Financial Corp Common Stock,Finance
KRO,NASDAQ,Kronos Worldwide Inc Common Stock,Basic Materials
KROS,NASDAQ,Keros Therapeutics Inc. Common Stock,Health Care
KRP,NASDAQ,Kimbell Royalty Partners Common Units Representing Limited Partner Interests,Energy
KRRO,NASDAQ,Korro Bio Inc. Common Stock,Health Care
KRSP,NASDAQ,Rice Acquisition Corporation 3 Class A Ordinary Shares,Unknown
KRT,NASDAQ,Karat Packaging Inc. Common Stock,Industrials
KRUS,NASDAQ,Kura Sushi USA Inc. Class A Common Stock,Consumer Discretionary
KRYS,NASDAQ,Krystal Biotech Inc. Common Stock,Health Care
KSCP,NASDAQ,Knightscope Inc. Class A Common Stock,Telecommunications
KSPI,NASDAQ,Joint Stock Company Kaspi.kz American Depository Shares,Unknown
KSS,NASDAQ,Kohl's Corporation Common Stock,Consumer Discretionary
KT,NASDAQ,KT Corporation Common Stock,Telecommunications
KTB,NASDAQ,Kontoor Brands Inc. Common Stock,Industrials
KTCC,NASDAQ,Key Tronic Corporation Common Stock,Technology
KTF,NASDAQ,DWS Municipal Income Trust,Finance
KTH,NASDAQ,Structures Products Cp 8% CorTS Issued by Peco Energy Cap Tr II Preferred Stock,Finance
KTN,NASDAQ,Structured Products Corp 8.205% CorTS 8.205% Corporate Backed Trust Securities (CorTS),Finance
KTOS,NASDAQ,Kratos Defense & Security Solutions Inc. Common Stock,Industrials
KTTA,NASDAQ,Pasithea Therapeutics Corp. Common Stock,Health Care
KTTAW,NASDAQ,Pasithea Therapeutics Corp. Warrant,Health Care
KTWO,NASDAQ,K2 Capital Acquisition Corporation Class A Ordinary Share,Unknown
KTWOR,NASDAQ,K2 Capital Acquisition Corporation Rights,Unknown
KULR,NASDAQ,KULR Technology Group Inc. Common Stock,Technology
KURA,NASDAQ,Kura Oncology Inc. Common Stock,Health Care
KUST,NASDAQ,Kustom Entertainment Inc. Common Stock,Technology
KVAC,NASDAQ,Keen Vision Acquisition Corporation Ordinary Shares,Unknown
KVACW,NASDAQ,Keen Vision Acquisition Corporation Warrant,Unknown
KVHI,NASDAQ,KVH Industries Inc. Common Stock,Technology
KVUE,NASDAQ,Kenvue Inc. Common Stock,Consumer Discretionary
KVYO,NASDAQ,Klaviyo Inc. Series A Common Stock,Technology
KW,NASDAQ,Kennedy-Wilson Holdings Inc. Common Stock,Finance
KWM,NASDAQ,K Wave Media Ltd. Ordinary Shares,Consumer Discretionary
KWMWW,NASDAQ,K Wave Media Ltd. Warrant,Consumer Discretionary
KWR,NASDAQ,Quaker Houghton Common Stock,Industrials
KXIN,NASDAQ,Kaixin Holdings Ordinary Shares,Consumer Discretionary
KYIV,NASDAQ,Kyivstar Group Ltd. Common Shares,Telecommunications
KYIVW,NASDAQ,Kyivstar Group Ltd. Warrant,Telecommunications
KYMR,NASDAQ,Kymera Therapeutics Inc. Common Stock,Health Care
KYN,NASDAQ,Kayne Anderson Energy Infrastructure Fund Inc.,Finance
KYNB,NASDAQ,Kyntra Bio Inc. Common Stock,Health Care
KYTX,NASDAQ,Kyverna Therapeutics Inc. Common Stock,Health Care
KZIA,NASDAQ,Kazia Therapeutics Limited American Depositary Shares,Health Care
KZR,NASDAQ,Kezar Life Sciences Inc. Common Stock,Health Care
L,NASDAQ,Loews Corporation Common Stock,Finance
LAB,NASDAQ,Standard BioTools Inc. Common Stock,Industrials
LAC,NASDAQ,Lithium Americas Corp. Common Shares,Basic Materials
LAD,NASDAQ,Lithia Motors Inc. Common Stock,Consumer Discretionary
LADR,NASDAQ,Ladder Capital Corp Class A Common Stock,Real Estate
LAES,NASDAQ,SEALSQ Corp Ordinary Shares,Technology
LAFAU,NASDAQ,LaFayette Acquisition Corp. Unit,Unknown
LAKE,NASDAQ,Lakeland Industries Inc. Common Stock,Health Care
LAMR,NASDAQ,Lamar Advertising Company Class A Common Stock,Real Estate
LAND,NASDAQ,Gladstone Land Corporation Common Stock,Real Estate
LANDO,NASDAQ,Gladstone Land Corporation 6.00% Series B Cumulative Redeemable Preferred Stock,Real Estate
LANDP,NASDAQ,Gladstone Land Corporation 6.00% Series C Cumulative Redeemable Preferred Stock,Real Estate
LANV,NASDAQ,Lanvin Group Holdings Limited Ordinary Shares,Consumer Discretionary
LAR,NASDAQ,Lithium Argentina AG Common Shares,Basic Materials
LARK,NASDAQ,Landmark Bancorp Inc. Common Stock,Finance
LASE,NASDAQ,Laser Photonics Corporation Common Stock,Miscellaneous
LASR,NASDAQ,nLIGHT Inc. Common Stock,Technology
LATA,NASDAQ,Galata Acquisition Corp. II Class A Ordinary Shares,Finance
LATAU,NASDAQ,Galata Acquisition Corp. II Units,Unknown
LAUR,NASDAQ,Laureate Education Inc. Common Stock,Real Estate
LAW,NASDAQ,CS Disco Inc. Common Stock,Technology
LAZ,NASDAQ,Lazard Inc. Common Stock,Finance
LB,NASDAQ,LandBridge Company LLC Class A Shares Representing Limited Liability Company Interests,Energy
LBGJ,NASDAQ,Li Bang International Corporation Inc. Class A Ordinary Shares,Industrials
LBRDA,NASDAQ,Liberty Broadband Corporation Class A Common Stock,Telecommunications
LBRDK,NASDAQ,Liberty Broadband Corporation Class C Common Stock,Telecommunications
LBRDP,NASDAQ,Liberty Broadband Corporation Series A Cumulative Redeemable Preferred Stock,Telecommunications
LBRT,NASDAQ,Liberty Energy Inc. Class A common stock,Energy
LBRX,NASDAQ,LB Pharmaceuticals Inc Common Stock,Health Care
LBTYA,NASDAQ,Liberty Global Ltd. Class A Common Shares,Telecommunications
LBTYB,NASDAQ,Liberty Global Ltd. Class B Common Shares,Telecommunications
LBTYK,NASDAQ,Liberty Global Ltd. Class C Common Shares,Telecommunications
LC,NASDAQ,LendingClub Corporation Common Stock,Finance
LCCC,NASDAQ,Lakeshore Acquisition III Corp. Ordinary Shares,Finance
LCCCR,NASDAQ,Lakeshore Acquisition III Corp. Rights,Finance
LCFY,NASDAQ,Locafy Limited Ordinary Share,Technology
LCFYW,NASDAQ,Locafy Limited Warrant,Technology
LCID,NASDAQ,Lucid Group Inc. Common Stock,Industrials
LCII,NASDAQ,LCI Industries,Consumer Discretionary
LCNB,NASDAQ,LCNB Corporation Common Stock,Finance
LCTX,NASDAQ,Lineage Cell Therapeutics Inc. Common Stock,Health Care
LCUT,NASDAQ,Lifetime Brands Inc. Common Stock,Consumer Discretionary
LDI,NASDAQ,loanDepot Inc. Class A Common Stock,Finance
LDOS,NASDAQ,Leidos Holdings Inc. Common Stock,Technology
LDP,NASDAQ,Cohen & Steers Limited Duration Preferred and Income Fund Inc.,Finance
LE,NASDAQ,Lands' End Inc. Common Stock,Consumer Discretionary
LEA,NASDAQ,Lear Corporation Common Stock,Consumer Discretionary
LECO,NASDAQ,Lincoln Electric Holdings Inc. Common Shares,Industrials
LEDS,NASDAQ,SemiLEDS Corporation Common Stock,Technology
LEE,NASDAQ,Lee Enterprises Incorporated Common Stock,Consumer Discretionary
LEG,NASDAQ,Leggett & Platt Incorporated Common Stock,Consumer Discretionary
LEGH,NASDAQ,Legacy Housing Corporation Common Stock (TX),Consumer Discretionary
LEGN,NASDAQ,Legend Biotech Corporation American Depositary Shares,Health Care
LEGT,NASDAQ,Legato Merger Corp. III Ordinary Shares,Unknown
LEN,NASDAQ,Lennar Corporation Class A Common Stock,Consumer Discretionary
LENZ,NASDAQ,LENZ Therapeutics Inc. Common Stock,Health Care
LEO,NASDAQ,BNY Mellon Strategic Municipals Inc. Common Stock,Finance
LESL,NASDAQ,Leslie's Inc. Common Stock,Consumer Discretionary
LEU,NASDAQ,Centrus Energy Corp. Class A Common Stock,Industrials
LEVI,NASDAQ,Levi Strauss & Co Class A Common Stock,Consumer Discretionary
LEXX,NASDAQ,Lexaria Bioscience Corp. Common Stock,Health Care
LFAC,NASDAQ,Leapfrog Acquisition Corporation Class A Ordinary Shares,Finance
LFACU,NASDAQ,Leapfrog Acquisition Corporation Units,Unknown
LFACW,NASDAQ,Leapfrog Acquisition Corporation Warrants,Finance
LFCR,NASDAQ,Lifecore Biomedical Inc. Common Stock,Health Care
LFMD,NASDAQ,LifeMD Inc. Common Stock,Health Care
LFMDP,NASDAQ,LifeMD Inc. 8.875% Series A Cumulative Perpetual Preferred Stock,Health Care
LFS,NASDAQ,LEIFRAS Co. Ltd. American Depositary Shares,Consumer Discretionary
LFST,NASDAQ,LifeStance Health Group Inc. Common Stock,Health Care
LFT,NASDAQ,Lument Finance Trust Inc. Common Stock,Real Estate
LFT$A,NYSE,,Unknown
LFT^A,NASDAQ,Lument Finance Trust Inc. 7.875% Series A Cumulative Redeemable Preferred Stock,Unknown
LFUS,NASDAQ,Littelfuse Inc. Common Stock,Energy
LFVN,NASDAQ,Lifevantage Corporation Common Stock (Delaware),Health Care
LFWD,NASDAQ,Lifeward Ltd. Ordinary Shares,Health Care
LGCB,NASDAQ,Linkage Global Inc. Class A Ordinary Shares,Consumer Discretionary
LGCL,NASDAQ,Lucas GC Limited Ordinary Shares,Technology
LGCY,NASDAQ,Legacy Education Inc. Common Stock,Real Estate
LGHL,NASDAQ,Lion Group Holding Ltd. American Depositary Share,Finance
LGI,NASDAQ,Lazard Global Total Return and Income Fund Common Stock,Unknown
LGIH,NASDAQ,LGI Homes Inc. Common Stock,Consumer Discretionary
LGL,NASDAQ,LGL Group Inc. (The) Common Stock,Technology
LGN,NASDAQ,Legence Corp. Class A Common stock,Consumer Discretionary
LGND,NASDAQ,Ligand Pharmaceuticals Incorporated Common Stock,Health Care
LGO,NASDAQ,Largo Inc. Common Shares,Industrials
LGPS,NASDAQ,LogProstyle Inc. Common Shares,Consumer Discretionary
LGVN,NASDAQ,Longeveron Inc. Class A Common Stock,Health Care
LH,NASDAQ,Labcorp Holdings Inc. Common Stock,Health Care
LHAI,NASDAQ,Linkhome Holdings Inc. Common stock,Finance
LHSW,NASDAQ,Lianhe Sowell International Group Ltd Class A Ordinary Shares,Technology
LHX,NASDAQ,L3Harris Technologies Inc. Common Stock,Industrials
LI,NASDAQ,Li Auto Inc. American Depositary Shares,Industrials
LICN,NASDAQ,Lichen International Limited Class A Ordinary Shares,Consumer Discretionary
LIDR,NASDAQ,AEye Inc. Class A Common Stock,Consumer Discretionary
LIDRW,NASDAQ,AEye Inc. Warrant,Consumer Discretionary
LIEN,NASDAQ,Chicago Atlantic BDC Inc. Common Stock,Finance
LIF,NASDAQ,Life360 Inc. Common Stock,Technology
LIFE,NASDAQ,Ethos Technologies Inc. Class A Common Stock,Finance
LII,NASDAQ,Lennox International Inc. Common Stock,Industrials
LILA,NASDAQ,Liberty Latin America Ltd. Class A Common Stock,Telecommunications
LILAK,NASDAQ,Liberty Latin America Ltd. Class C Common Stock,Telecommunications
LIMN,NASDAQ,Liminatus Pharma Inc. Class A Common Stock,Unknown
LIMNW,NASDAQ,Liminatus Pharma Inc. Warrants,Unknown
LIN,NASDAQ,Linde plc Ordinary Shares,Basic Materials
LINC,NASDAQ,Lincoln Educational Services Corporation Common Stock,Real Estate
LIND,NASDAQ,Lindblad Expeditions Holdings Inc. Common Stock,Consumer Discretionary
LINE,NASDAQ,Lineage Inc. Common Stock,Real Estate
LINK,NASDAQ,Interlink Electronics Inc. Common Stock,Technology
LION,NASDAQ,Lionsgate Studios Corp Common Shares,Consumer Discretionary
LIQT,NASDAQ,LiqTech International Inc. Common Stock,Technology
LITB,NASDAQ,LightInTheBox Holding Co. Ltd. American Depositary Shares each representing twelve ordinary shares,Consumer Discretionary
LITE,NASDAQ,Lumentum Holdings Inc. Common Stock,Telecommunications
LITM,NASDAQ,Snow Lake Resources Ltd. Common Shares,Basic Materials
LITS,NASDAQ,Lite Strategy Inc. Common Stock,Health Care
LIVE,NASDAQ,Live Ventures Incorporated Common Stock,Consumer Discretionary
LIVN,NASDAQ,LivaNova PLC Ordinary Shares,Health Care
LIXT,NASDAQ,Lixte Biotechnology Holdings Inc. Common Stock,Health Care
LKFN,NASDAQ,Lakeland Financial Corporation Common Stock,Finance
LKQ,NASDAQ,LKQ Corporation Common Stock,Consumer Discretionary
LKSP,NASDAQ,Lake Superior Acquisition Corp. Class A Ordinary Shares,Unknown
LKSPR,NASDAQ,Lake Superior Acquisition Corp. Rights,Unknown
LKSPU,NASDAQ,Lake Superior Acquisition Corp. Units,Unknown
LLY,NASDAQ,Eli Lilly and Company Common Stock,Health Care
LLYVA,NASDAQ,Liberty Live Holdings Inc. Series A Liberty Live Group Common Stock,Consumer Discretionary
LLYVK,NASDAQ,Liberty Live Holdings Inc. Series C Liberty Live Group Common Stock,Consumer Discretionary
LMAT,NASDAQ,LeMaitre Vascular Inc. Common Stock,Health Care
LMB,NASDAQ,Limbach Holdings Inc. Common Stock,Consumer Discretionary
LMFA,NASDAQ,LM Funding America Inc. Common Stock,Finance
LMND,NASDAQ,Lemonade Inc. Common Stock,Finance
LMNR,NASDAQ,Limoneira Co Common Stock,Consumer Staples
LMRI,NASDAQ,Lumexa Imaging Holdings Inc. Common Stock,Health Care
LMT,NASDAQ,Lockheed Martin Corporation Common Stock,Industrials
LNAI,NASDAQ,Lunai Bioworks Inc. Common Stock,Health Care
LNC,NASDAQ,Lincoln National Corporation Common Stock,Finance
LNC$D,NYSE,,Unknown
LNC^D,NASDAQ,Lincoln National Corporation Depositary Shares Each Representing a 1/1000th Interest in a Share of 9.000% Non-Cumulative Preferred Stock Series D,Unknown
LND,NASDAQ,Brasilagro Brazilian Agric Real Estate Co Sponsored ADR (Brazil),Consumer Staples
LNG,NASDAQ,Cheniere Energy Inc. Common Stock,Utilities
LNKB,NASDAQ,LINKBANCORP Inc. Common Stock,Finance
LNKS,NASDAQ,Linkers Industries Limited Class A Ordinary Shares,Technology
LNN,NASDAQ,Lindsay Corporation Common Stock,Industrials
LNSR,NASDAQ,LENSAR Inc. Common Stock,Health Care
LNT,NASDAQ,Alliant Energy Corporation Common Stock,Utilities
LNTH,NASDAQ,Lantheus Holdings Inc. Common Stock,Health Care
LNZA,NASDAQ,LanzaTech Global Inc. Common Stock,Industrials
LNZAW,NASDAQ,LanzaTech Global Inc. Warrant,Industrials
LOAN,NASDAQ,Manhattan Bridge Capital Inc,Real Estate
LOAR,NASDAQ,Loar Holdings Inc. Common Stock,Industrials
LOB,NASDAQ,Live Oak Bancshares Inc. Common Stock,Finance
LOB$A,NYSE,,Unknown
LOBO,NASDAQ,LOBO TECHNOLOGIES LTD. Class A Ordinary Shares,Consumer Discretionary
LOB^A,NASDAQ,Live Oak Bancshares Inc. Depositary Shares Each Representing a 1/40th Interest in a Share of 8.375% Fixed Rate Series A Non-Cumulative Perpetual Preferred Stock,Unknown
LOCL,NASDAQ,Local Bounti Corporation Common Stock,Consumer Staples
LOCO,NASDAQ,El Pollo Loco Holdings Inc. Common Stock,Consumer Discretionary
LODE,NASDAQ,Comstock Inc. Common Stock,Industrials
LOGI,NASDAQ,Logitech International S.A. Ordinary Shares,Technology
LOKV,NASDAQ,Live Oak Acquisition Corp. V Class A Ordinary Shares,Unknown
LOKVU,NASDAQ,Live Oak Acquisition Corp. V Units,Finance
LOKVW,NASDAQ,Live Oak Acquisition Corp. V Warrants,Unknown
LOMA,NASDAQ,Loma Negra Compania Industrial Argentina Sociedad Anonima ADS,Industrials
LONA,NASDAQ,LeonaBio Inc. Common Stock,Health Care
LOOP,NASDAQ,Loop Industries Inc. Common Stock,Industrials
LOPE,NASDAQ,Grand Canyon Education Inc. Common Stock,Real Estate
LOT,NASDAQ,Lotus Technology Inc. American Depositary Shares,Industrials
LOTWW,NASDAQ,Lotus Technology Inc. Warrants,Industrials
LOVE,NASDAQ,The Lovesac Company Common Stock,Consumer Discretionary
LOW,NASDAQ,Lowe's Companies Inc. Common Stock,Consumer Discretionary
LPA,NASDAQ,Logistic Properties of the Americas Ordinary Shares,Finance
LPAA,NASDAQ,Launch One Acquisition Corp. Class A Ordinary shares,Unknown
LPBB,NASDAQ,Launch Two Acquisition Corp. Class A Ordinary Shares,Unknown
LPBBW,NASDAQ,Launch Two Acquisition Corp. Warrant,Unknown
LPCN,NASDAQ,Lipocine Inc. Common Stock,Health Care
LPCV,NASDAQ,Launchpad Cadenza Acquisition Corp I Class A Ordinary Share,Unknown
LPCVU,NASDAQ,Launchpad Cadenza Acquisition Corp I Unit,Finance
LPCVW,NASDAQ,Launchpad Cadenza Acquisition Corp I Warrant,Unknown
LPG,NASDAQ,Dorian LPG Ltd. Common Stock,Consumer Discretionary
LPL,NASDAQ,LG Display Co Ltd AMERICAN DEPOSITORY SHARES,Technology
LPLA,NASDAQ,LPL Financial Holdings Inc. Common Stock,Finance
LPRO,NASDAQ,Open Lending Corporation Common Stock,Finance
LPSN,NASDAQ,LivePerson Inc. Common Stock,Technology
LPTH,NASDAQ,LightPath Technologies Inc. Class A Common Stock,Technology
LPX,NASDAQ,Louisiana-Pacific Corporation Common Stock,Basic Materials
LQDA,NASDAQ,Liquidia Corporation Common Stock,Health Care
LQDT,NASDAQ,Liquidity Services Inc. Common Stock,Real Estate
LRCX,NASDAQ,Lam Research Corporation Common Stock,Technology
LRE,NASDAQ,Lead Real Estate Co. Ltd American Depositary Shares,Consumer Discretionary
LRHC,NASDAQ,La Rosa Holdings Corp. Common Stock,Finance
LRMR,NASDAQ,Larimar Therapeutics Inc. Common Stock,Health Care
LRN,NASDAQ,Stride Inc. Common Stock,Real Estate
LSAK,NASDAQ,Lesaka Technologies Inc. Common Stock,Finance
LSBK,NASDAQ,Lake Shore Bancorp Inc. Common Stock,Finance
LSCC,NASDAQ,Lattice Semiconductor Corporation Common Stock,Technology
LSE,NASDAQ,Leishen Energy Holding Co. Ltd. Class A Ordinary Shares,Consumer Discretionary
LSF,NASDAQ,Laird Superfood Inc. Common Stock,Consumer Staples
LSH,NASDAQ,Lakeside Holding Limited Common Stock,Unknown
LSPD,NASDAQ,Lightspeed Commerce Inc. Subordinate Voting Shares,Technology
LSTA,NASDAQ,Lisata Therapeutics Inc. Common Stock,Health Care
LSTR,NASDAQ,Landstar System Inc. Common Stock,Industrials
LTBR,NASDAQ,Lightbridge Corporation Common Stock,Consumer Discretionary
LTC,NASDAQ,LTC Properties Inc. Common Stock,Real Estate
LTH,NASDAQ,Life Time Group Holdings Inc. Common Stock,Consumer Discretionary
LTM,NASDAQ,LATAM Airlines Group S.A. American Depositary Shares (each representing two thousand (2000) shares of Common Stock),Consumer Discretionary
LTRN,NASDAQ,Lantern Pharma Inc. Common Stock,Health Care
LTRX,NASDAQ,Lantronix Inc. Common Stock,Telecommunications
LTRYW,NASDAQ,Sports Entertainment Gaming Global Corporation Warrants,Technology
LU,NASDAQ,Lufax Holding Ltd American Depositary Shares each representing two (2) Ordinary Shares,Finance
LUCD,NASDAQ,Lucid Diagnostics Inc. Common Stock,Health Care
LUCK,NASDAQ,Lucky Strike Entertainment Corporation Class A Common Stock,Consumer Discretionary
LUCY,NASDAQ,Innovative Eyewear Inc. Common Stock,Health Care
LUCYW,NASDAQ,Innovative Eyewear Inc. Series A Warrants 8/16/27,Health Care
LUD,NASDAQ,Luda Technology Group Limited Ordinary Shares,Industrials
LULU,NASDAQ,lululemon athletica inc. Common Stock,Consumer Discretionary
LUMN,NASDAQ,Lumen Technologies Inc. Common Stock,Telecommunications
LUNG,NASDAQ,Pulmonx Corporation Common Stock,Health Care
LUNR,NASDAQ,Intuitive Machines Inc. Class A Common Stock,Industrials
LUV,NASDAQ,Southwest Airlines Company Common Stock,Consumer Discretionary
LUXE,NASDAQ,LuxExperience B.V. American Depositary Shares each representing one Ordinary Share,Consumer Discretionary
LVLU,NASDAQ,Lulu's Fashion Lounge Holdings Inc. Common Stock,Consumer Discretionary
LVO,NASDAQ,LiveOne Inc. Common Stock,Consumer Discretionary
LVS,NASDAQ,Las Vegas Sands Corp. Common Stock,Consumer Discretionary
LVWR,NASDAQ,LiveWire Group Inc. Common Stock,Consumer Discretionary
LW,NASDAQ,Lamb Weston Holdings Inc. Common Stock,Consumer Staples
LWAY,NASDAQ,Lifeway Foods Inc. Common Stock,Consumer Staples
LWLG,NASDAQ,Lightwave Logic Inc. Common Stock,Industrials
LX,NASDAQ,LexinFintech Holdings Ltd. American Depositary Shares,Finance
LXEH,NASDAQ,Lixiang Education Holding Co. Ltd. American Depositary Shares,Real Estate
LXEO,NASDAQ,Lexeo Therapeutics Inc. Common Stock,Health Care
LXFR,NASDAQ,Luxfer Holdings PLC Ordinary Shares,Basic Materials
LXP,NASDAQ,LXP Industrial Trust Common Stock (Maryland REIT),Real Estate
LXP$C,NYSE,,Unknown
LXP^C,NASDAQ,LXP Industrial Trust 6.5% Series C Cumulative Convertible Preferred Stock,Unknown
LXRX,NASDAQ,Lexicon Pharmaceuticals Inc. Common Stock,Health Care
LXU,NASDAQ,LSB Industries Inc. Common Stock,Basic Materials
LYB,NASDAQ,LyondellBasell Industries NV Ordinary Shares Class A (Netherlands),Industrials
LYEL,NASDAQ,Lyell Immunopharma Inc. Common Stock,Health Care
LYFT,NASDAQ,Lyft Inc. Class A Common Stock,Real Estate
LYG,NASDAQ,Lloyds Banking Group Plc American Depositary Shares,Finance
LYRA,NASDAQ,Lyra Therapeutics Inc. Common Stock,Health Care
LYTS,NASDAQ,LSI Industries Inc. Common Stock,Consumer Discretionary
LYV,NASDAQ,Live Nation Entertainment Inc. Common Stock,Consumer Discretionary
LZ,NASDAQ,LegalZoom.com Inc. Common Stock,Technology
LZB,NASDAQ,La-Z-Boy Incorporated Common Stock,Consumer Discretionary
LZM,NASDAQ,Lifezone Metals Limited Ordinary Shares,Basic Materials
LZMH,NASDAQ,LZ Technology Holdings Limited Class B Ordinary Shares,Technology
M,NASDAQ,Macy's Inc Common Stock,Consumer Discretionary
MA,NASDAQ,Mastercard Incorporated Common Stock,Real Estate
MAA,NASDAQ,Mid-America Apartment Communities Inc. Common Stock,Real Estate
MAA$I,NYSE,,Unknown
MAAS,NASDAQ,Maase Inc. Class A Ordinary Shares,Finance
MAA^I,NASDAQ,Mid-America Apartment Communities Inc. 8.50% Series I Cumulative Redeemable Preferred Stock,Unknown
MAC,NASDAQ,Macerich Company (The) Common Stock,Real Estate
MACI,NASDAQ,Melar Acquisition Corp. I Class A Ordinary Shares,Unknown
MACIU,NASDAQ,Melar Acquisition Corp. I Unit,Finance
MACIW,NASDAQ,Melar Acquisition Corp. I Warrant,Finance
MAGN,NASDAQ,Magnera Corporation Common Stock,Basic Materials
MAIA,NASDAQ,MAIA Biotechnology Inc. Common Stock,Health Care
MAIN,NASDAQ,Main Street Capital Corporation Common Stock,Finance
MAMA,NASDAQ,Mama's Creations Inc. Common Stock,Consumer Staples
MAMO,NASDAQ,Massimo Group Common Stock,Consumer Discretionary
MAN,NASDAQ,ManpowerGroup Common Stock,Consumer Discretionary
MANE,NASDAQ,Veradermics Incorporated Common Stock,Health Care
MANH,NASDAQ,Manhattan Associates Inc. Common Stock,Technology
MANU,NASDAQ,Manchester United Ltd. Class A Ordinary Shares,Consumer Discretionary
MAPS,NASDAQ,WM Technology Inc. Class A Common Stock,Technology
MAPSW,NASDAQ,WM Technology Inc. Warrants,Technology
MAR,NASDAQ,Marriott International Class A Common Stock,Consumer Discretionary
MARA,NASDAQ,MARA Holdings Inc. Common Stock,Technology
MARPS,NASDAQ,Marine Petroleum Trust Units of Beneficial Interest,Energy
MAS,NASDAQ,Masco Corporation Common Stock,Industrials
MASI,NASDAQ,Masimo Corporation Common Stock,Health Care
MASK,NASDAQ,3 E Network Technology Group Ltd Class A Ordinary Shares,Technology
MASS,NASDAQ,908 Devices Inc. Common Stock,Industrials
MAT,NASDAQ,Mattel Inc. Common Stock,Consumer Discretionary
MATH,NASDAQ,Metalpha Technology Holding Limited Ordinary Shares,Finance
MATV,NASDAQ,Mativ Holdings Inc. Common Stock,Basic Materials
MATW,NASDAQ,Matthews International Corporation Class A Common Stock,Telecommunications
MATX,NASDAQ,Matson Inc. Common Stock,Consumer Discretionary
MAX,NASDAQ,MediaAlpha Inc. Class A Common Stock,Real Estate
MAXN,NASDAQ,Maxeon Solar Technologies Ltd. Ordinary Shares,Technology
MAYS,NASDAQ,J. W. Mays Inc. Common Stock,Real Estate
MAZE,NASDAQ,Maze Therapeutics Inc. Common Stock,Health Care
MB,NASDAQ,MasterBeef Group Ordinary Shares,Consumer Discretionary
MBAI,NASDAQ,Check-Cap Ltd. Ordinary Share,Health Care
MBAV,NASDAQ,M3-Brigade Acquisition V Corp. Class A Ordinary shares,Unknown
MBAVW,NASDAQ,M3-Brigade Acquisition V Corp. Warrant,Finance
MBBC,NASDAQ,Marathon Bancorp Inc. Common Stock,Finance
MBC,NASDAQ,MasterBrand Inc. Common Stock,Consumer Discretionary
MBI,NASDAQ,MBIA Inc. Common Stock,Finance
MBIN,NASDAQ,Merchants Bancorp Common Stock,Finance
MBINL,NASDAQ,Merchants Bancorp Depositary Shares Each Representing a 1/40thInterest in a Share of 7.25% Fixed Rate Series E Non-CumulativePerpetual Preferred Stock without par value,Finance
MBINM,NASDAQ,Merchants Bancorp Depositary Shares Each Representing a 1/40th Interest in a Share of 8.25% Fixed-Rate Reset Series D Non-Cumulative Perpetual Preferred Stock,Finance
MBINN,NASDAQ,Merchants Bancorp Depositary Shares Preferred Series C,Finance
MBIO,NASDAQ,Mustang Bio Inc. Common Stock,Health Care
MBLY,NASDAQ,Mobileye Global Inc. Class A Common Stock,Technology
MBNKO,NASDAQ,Medallion Bank Fixed-Rate Reset Non-Cumulative Perpetual Preferred Stock Series G par value $1.00 per share,Finance
MBOT,NASDAQ,Microbot Medical Inc. Common Stock,Health Care
MBRX,NASDAQ,Moleculin Biotech Inc. Common Stock,Health Care
MBUU,NASDAQ,Malibu Boats Inc. Class A Common Stock,Industrials
MBVI,NASDAQ,M3-Brigade Acquisition VI Corp. Class A Ordinary Shares,Unknown
MBVIW,NASDAQ,M3-Brigade Acquisition VI Corp. Warrant,Unknown
MBWM,NASDAQ,Mercantile Bank Corporation Common Stock,Finance
MBX,NASDAQ,MBX Biosciences Inc. Common Stock,Health Care
MC,NASDAQ,Moelis & Company Class A Common Stock,Finance
MCB,NASDAQ,Metropolitan Bank Holding Corp. Common Stock,Finance
MCBS,NASDAQ,MetroCity Bankshares Inc. Common Stock,Finance
MCD,NASDAQ,McDonald's Corporation Common Stock,Consumer Discretionary
MCFT,NASDAQ,MasterCraft Boat Holdings Inc. Common Stock,Industrials
MCGA,NASDAQ,Yorkville Acquisition Corp. Class A Ordinary Share,Utilities
MCGAU,NASDAQ,Yorkville Acquisition Corp. Unit,Finance
MCGAW,NASDAQ,Yorkville Acquisition Corp. Warrant,Unknown
MCHB,NASDAQ,Mechanics Bancorp Class A Common Stock,Finance
MCHP,NASDAQ,Microchip Technology Incorporated Common Stock,Technology
MCHPP,NASDAQ,Microchip Technology Incorporated Depositary Shares Each Representing a 1/20th Interest in a Share of 7.50% Series A Mandatory Convertible Preferred Stock,Technology
MCHX,NASDAQ,Marchex Inc. Class B Common Stock,Technology
MCI,NASDAQ,Barings Corporate Investors Common Stock,Finance
MCK,NASDAQ,McKesson Corporation Common Stock,Health Care
MCN,NASDAQ,XAI Madison Equity Premium Income Fund Common Shares,Unknown
MCO,NASDAQ,Moody's Corporation Common Stock,Finance
MCR,NASDAQ,MFS Charter Income Trust Common Stock,Finance
MCRB,NASDAQ,Seres Therapeutics Inc. Common Stock,Health Care
MCRI,NASDAQ,Monarch Casino & Resort Inc. Common Stock,Consumer Discretionary
MCRP,NASDAQ,Micropolis AI Robotics Ordinary Shares,Consumer Discretionary
MCS,NASDAQ,Marcus Corporation (The) Common Stock,Consumer Discretionary
MCW,NASDAQ,Mister Car Wash Inc. Common Stock,Consumer Discretionary
MCY,NASDAQ,Mercury General Corporation Common Stock,Finance
MD,NASDAQ,Pediatrix Medical Group Inc. Common Stock,Health Care
MDA,NASDAQ,MDA Space Ltd.,Unknown
MDAI,NASDAQ,Spectral AI Inc. Class A Common Stock,Health Care
MDAIW,NASDAQ,Spectral AI Inc. Warrants,Health Care
MDB,NASDAQ,MongoDB Inc. Class A Common Stock,Technology
MDBH,NASDAQ,MDB Capital Holdings LLC Class A common,Finance
MDCX,NASDAQ,Medicus Pharma Ltd. Common Stock,Unknown
MDCXW,NASDAQ,Medicus Pharma Ltd. Warrant,Unknown
MDGL,NASDAQ,Madrigal Pharmaceuticals Inc. Common Stock,Health Care
MDIA,NASDAQ,Mediaco Holding Inc. Class A Common Stock,Consumer Discretionary
MDLN,NASDAQ,Medline Inc. Class A Common Stock,Health Care
MDLZ,NASDAQ,Mondelez International Inc. Class A Common Stock,Consumer Staples
MDRR,NASDAQ,Medalist Diversified Inc. Common Stock,Real Estate
MDST,NYSE,,Unknown
MDT,NASDAQ,Medtronic plc. Ordinary Shares,Health Care
MDU,NASDAQ,MDU Resources Group Inc. Common Stock (Holding Company),Industrials
MDV,NASDAQ,Modiv Industrial Inc. Class C Common Stock,Real Estate
MDV$A,NYSE,,Unknown
MDV^A,NASDAQ,Modiv Industrial Inc. 7.375% Series A Cumulative Redeemable Perpetual Preferred Stock,Unknown
MDWD,NASDAQ,MediWound Ltd. Ordinary Shares,Health Care
MDXG,NASDAQ,MiMedx Group Inc Common Stock,Health Care
MDXH,NASDAQ,MDxHealth SA Ordinary Shares,Health Care
MEC,NASDAQ,Mayville Engineering Company Inc. Common Stock,Industrials
MED,NASDAQ,MEDIFAST INC Common Stock,Consumer Staples
MEDP,NASDAQ,Medpace Holdings Inc. Common Stock,Health Care
MEG,NASDAQ,Montrose Environmental Group Inc. Common Stock,Consumer Discretionary
MEGI,NASDAQ,NYLI CBRE Global Infrastructure Megatrends Term Fund Common Shares,Finance
MEGL,NASDAQ,Magic Empire Global Limited Class A Ordinary Shares,Finance
MEHA,NASDAQ,Functional Brands Inc. Common Stock,Health Care
MEI,NASDAQ,Methode Electronics Inc. Common Stock,Technology
MELI,NASDAQ,MercadoLibre Inc. Common Stock,Real Estate
MENS,NASDAQ,Jyong Biotech Ltd. Ordinary Shares,Health Care
MEOH,NASDAQ,Methanex Corporation Common Stock,Industrials
MER$K,NYSE,,Unknown
MERC,NASDAQ,Mercer International Inc. Common Stock,Basic Materials
MER^K,NASDAQ,Bank of America Corporation Income Capital Obligation Notes initially due December 15 2066,Unknown
MESH,NASDAQ,Meshflow Acquisition Corp. Class A Ordinary Shares,Unknown
MESHU,NASDAQ,Meshflow Acquisition Corp. Units,Unknown
MESHW,NASDAQ,Meshflow Acquisition Corp. Warrants,Unknown
MESO,NASDAQ,Mesoblast Limited American Depositary Shares,Health Care
MET,NASDAQ,MetLife Inc. Common Stock,Finance
MET$A,NYSE,,Unknown
MET$E,NYSE,,Unknown
MET$F,NYSE,,Unknown
META,NASDAQ,Meta Platforms Inc. Class A Common Stock,Technology
METC,NASDAQ,Ramaco Resources Inc. Class A Common Stock,Energy
METCB,NASDAQ,Ramaco Resources Inc. Class B Common Stock,Energy
METCI,NASDAQ,Ramaco Resources Inc. 8.250% Senior Notes due 2030,Unknown
METCZ,NASDAQ,Ramaco Resources Inc. 8.375% Senior Notes due 2029,Energy
MET^A,NASDAQ,MetLife Inc. Preferred Series A Floating Rate,Unknown
MET^E,NASDAQ,MetLife Inc. Depositary Shares,Unknown
MET^F,NASDAQ,MetLife Inc. Depositary Shares each representing a 1/1000th interest in a share of 4.75% Non-Cumulative Preferred Stock Series F,Unknown
MEVO,NASDAQ,M Evo Global Acquisition Corp II Class A Ordinary Shares,Finance
MEVOU,NASDAQ,M Evo Global Acquisition Corp II Units,Finance
MEVOW,NASDAQ,M Evo Global Acquisition Corp II Warrants,Finance
MFA,NASDAQ,MFA Financial Inc.,Real Estate
MFA$B,NYSE,,Unknown
MFA$C,NYSE,,Unknown
MFAN,NASDAQ,MFA Financial Inc. 8.875% Senior Notes due 2029,Real Estate
MFAO,NASDAQ,MFA Financial Inc. 9.000% Senior Notes due 2029,Real Estate
MFA^B,NASDAQ,MFA Financial Inc. Preferred Series B,Unknown
MFA^C,NASDAQ,MFA Financial Inc. 6.50% Series C Fixed-to-Floating Rate Cumulative Redeemable Preferred Stock,Unknown
MFC,NASDAQ,Manulife Financial Corporation Common Stock,Finance
MFG,NASDAQ,Mizuho Financial Group Inc. Sponosred ADR (Japan),Finance
MFI,NASDAQ,mF International Limited Class A Ordinary Shares,Technology
MFIC,NASDAQ,MidCap Financial Investment Corporation Common Stock,Finance
MFICL,NASDAQ,MidCap Financial Investment Corporation 8.00% Notes due 2028,Finance
MFIN,NASDAQ,Medallion Financial Corp. Common Stock,Finance
MFM,NASDAQ,MFS Municipal Income Trust Common Stock,Finance
MFSB,NYSE,,Unknown
MFSG,NYSE,,Unknown
MFSI,NYSE,,Unknown
MFSM,NYSE,,Unknown
MFSV,NYSE,,Unknown
MG,NASDAQ,Mistras Group Inc Common Stock,Consumer Discretionary
MGA,NASDAQ,Magna International Inc. Common Stock,Consumer Discretionary
MGEE,NASDAQ,MGE Energy Inc,Energy
MGF,NASDAQ,MFS Government Markets Income Trust Common Stock,Finance
MGIH,NASDAQ,Millennium Group International Holdings Limited Ordinary Shares,Consumer Discretionary
MGLD,NASDAQ,The Marygold Companies Inc. Common Stock,Finance
MGM,NASDAQ,MGM Resorts International Common Stock,Consumer Discretionary
MGN,NASDAQ,Megan Holdings Limited Class A Ordinary Shares,Consumer Staples
MGNI,NASDAQ,Magnite Inc. Common Stock,Technology
MGNX,NASDAQ,MacroGenics Inc. Common Stock,Health Care
MGPI,NASDAQ,MGP Ingredients Inc.,Consumer Staples
MGR,NASDAQ,Affiliated Managers Group Inc. 5.875% Junior Subordinated Notes due 2059,Finance
MGRB,NASDAQ,Affiliated Managers Group Inc. 4.750% Junior Subordinated Notes due 2060,Finance
MGRC,NASDAQ,McGrath RentCorp Common Stock,Consumer Discretionary
MGRD,NASDAQ,Affiliated Managers Group Inc. 4.200% Junior Subordinated Notes due 2061,Finance
MGRE,NASDAQ,Affiliated Managers Group Inc. 6.750% Junior Subordinated Notes due 2064,Finance
MGRT,NASDAQ,Mega Fortune Company Limited Ordinary Shares,Technology
MGRX,NASDAQ,Mangoceuticals Inc. Common Stock,Health Care
MGTX,NASDAQ,MeiraGTx Holdings plc Ordinary Shares,Health Care
MGX,NASDAQ,Metagenomi Therapeutics Inc. Common Stock,Health Care
MGY,NASDAQ,Magnolia Oil & Gas Corporation Class A Common Stock,Energy
MGYR,NASDAQ,Magyar Bancorp Inc. Common Stock,Finance
MH,NASDAQ,McGraw Hill Inc. Common Stock,Consumer Discretionary
MHD,NASDAQ,Blackrock MuniHoldings Fund Inc. Common Stock,Finance
MHF,NASDAQ,Western Asset Municipal High Income Fund Inc. Common Stock,Finance
MHH,NASDAQ,Mastech Digital Inc Common Stock,Consumer Discretionary
MHK,NASDAQ,Mohawk Industries Inc. Common Stock,Consumer Discretionary
MHLA,NASDAQ,Maiden Holdings Ltd. 6.625% Notes due 2046,Finance
MHNC,NASDAQ,Maiden Holdings North America Ltd. 7.75% Notes due 2043,Finance
MHO,NASDAQ,M/I Homes Inc. Common Stock,Consumer Discretionary
MI,NASDAQ,NFT Limited Class A Ordinary Share,Consumer Discretionary
MIAX,NASDAQ,Miami International Holdings Inc. Common Stock,Finance
MICC,NASDAQ,The Magnum Ice Cream Company N.V. Ordinary Shares,Consumer Staples
MIDD,NASDAQ,Middleby Corporation (The) Common Stock,Industrials
MIGI,NASDAQ,Mawson Infrastructure Group Inc. Common Stock,Finance
MIMI,NASDAQ,Mint Incorporation Limited Class A Ordinary Shares,Real Estate
MIN,NASDAQ,MFS Intermediate Income Trust Common Stock,Finance
MIND,NASDAQ,MIND Technology Inc. Common Stock (DE),Industrials
MINE,NASDAQ,Mayfair Gold Corp. Common Shares,Energy
MIR,NASDAQ,Mirion Technologies Inc. Class A Common Stock,Industrials
MIRA,NASDAQ,MIRA Pharmaceuticals Inc. Common Stock,Health Care
MIRM,NASDAQ,Mirum Pharmaceuticals Inc. Common Stock,Health Care
MIST,NASDAQ,Milestone Pharmaceuticals Inc. Common Shares,Health Care
MITK,NASDAQ,Mitek Systems Inc. Common Stock,Technology
MITN,NASDAQ,TPG Mortgage Investment Trust Inc. 9.500% Senior Notes due 2029,Real Estate
MITP,NASDAQ,TPG Mortgage Investment Trust Inc. 9.500% Senior Notes due 2029,Real Estate
MITQ,NASDAQ,Moving iMage Technologies Inc. Common Stock,Consumer Discretionary
MITT,NASDAQ,TPG Mortgage Investment Trust Inc. Common Stock,Real Estate
MITT$A,NYSE,,Unknown
MITT$B,NYSE,,Unknown
MITT$C,NYSE,,Unknown
MITT^A,NASDAQ,TPG Mortgage Investment Trust Inc. 8.25% Series A Cumulative Redeemable Preferred Stock,Unknown
MITT^B,NASDAQ,TPG Mortgage Investment Trust Inc. 8.00% Series B Cumulative Redeemable Preferred Stock,Unknown
MITT^C,NASDAQ,TPG Mortgage Investment Trust Inc. 8.00% Series C Fixed-to-Floating Rate Cumulative Redeemable Preferred Stock $0.01 par value per share,Unknown
MIY,NASDAQ,Blackrock MuniYield Michigan Quality Fund Inc. Common Stock,Finance
MKC,NASDAQ,McCormick & Company Incorporated Common Stock,Consumer Staples
MKDW,NASDAQ,MKDWELL Tech Inc. Ordinary Share,Technology
MKL,NASDAQ,Markel Group Inc. Common Stock,Finance
MKLYR,NASDAQ,McKinley Acquisition Corporation Rights,Unknown
MKLYU,NASDAQ,McKinley Acquisition Corporation Units,Finance
MKSI,NASDAQ,MKS Inc. Common Stock,Industrials
MKTW,NASDAQ,MarketWise Inc. Class A Common Stock,Technology
MKTX,NASDAQ,MarketAxess Holdings Inc. Common Stock,Finance
MKZR,NASDAQ,MacKenzie Realty Capital Inc. Common Stock,Real Estate
MLAAU,NASDAQ,Mountain Lake Acquisition Corp. II Units,Finance
MLAB,NASDAQ,Mesa Laboratories Inc. Common Stock,Industrials
MLAC,NASDAQ,Mountain Lake Acquisition Corp. Class A Ordinary Shares,Industrials
MLACR,NASDAQ,Mountain Lake Acquisition Corp. Right,Unknown
MLCI,NASDAQ,Mount Logan Capital Inc. Common Stock,Finance
MLCIL,NASDAQ,Mount Logan Capital Inc. 8.00% Notes Due 2031,Finance
MLCO,NASDAQ,Melco Resorts & Entertainment Limited American Depositary Shares,Consumer Discretionary
MLEC,NASDAQ,Moolec Science SA Ordinary Shares,Finance
MLECW,NASDAQ,Moolec Science SA Warrant,Finance
MLGO,NASDAQ,MicroAlgo Inc. Class A Ordinary Shares,Technology
MLI,NASDAQ,Mueller Industries Inc. Common Stock,Industrials
MLKN,NASDAQ,MillerKnoll Inc. Common Stock,Consumer Discretionary
MLM,NASDAQ,Martin Marietta Materials Inc. Common Stock,Industrials
MLP,NASDAQ,Maui Land & Pineapple Company Inc. Common Stock,Finance
MLR,NASDAQ,Miller Industries Inc. Common Stock,Consumer Discretionary
MLSS,NASDAQ,Milestone Scientific Inc. Common Stock,Health Care
MLTX,NASDAQ,MoonLake Immunotherapeutics Class A Ordinary Shares,Health Care
MLYS,NASDAQ,Mineralys Therapeutics Inc. Common Stock,Health Care
MMA,NASDAQ,Mixed Martial Arts Group Limited Ordinary Shares,Consumer Discretionary
MMD,NASDAQ,NYLI MacKay DefinedTerm Muni Opportunities Fund Common Shares,Finance
MMED,NASDAQ,MiniMed Group Inc. Common Stock,Health Care
MMI,NASDAQ,Marcus & Millichap Inc. Common Stock,Finance
MMID,NYSE,,Unknown
MMK,NYSE,,Unknown
MMKT,NYSE,,Unknown
MMLP,NASDAQ,Martin Midstream Partners L.P. Limited Partnership,Energy
MMM,NASDAQ,3M Company Common Stock,Health Care
MMS,NASDAQ,Maximus Inc. Common Stock,Real Estate
MMSI,NASDAQ,Merit Medical Systems Inc. Common Stock,Health Care
MMT,NASDAQ,MFS Multimarket Income Trust Common Stock,Finance
MMTX,NASDAQ,Miluna Acquisition Corp Class A Ordinary Share,Finance
MMTXW,NASDAQ,Miluna Acquisition Corp Warrant,Finance
MMU,NASDAQ,Western Asset Managed Municipals Fund Inc. Common Stock,Finance
MMYT,NASDAQ,MakeMyTrip Limited Ordinary Shares,Consumer Discretionary
MNDO,NASDAQ,MIND C.T.I. Ltd. Ordinary Shares,Technology
MNDR,NASDAQ,Mobile-health Network Solutions Class A Ordinary Shares,Technology
MNDY,NASDAQ,monday.com Ltd. Ordinary Shares,Technology
MNKD,NASDAQ,MannKind Corporation Common Stock,Health Care
MNOV,NASDAQ,Medicinova Inc Common Stock,Health Care
MNPR,NASDAQ,Monopar Therapeutics Inc. Common Stock,Health Care
MNR,NASDAQ,Mach Natural Resources LP Common Units representing Limited Partner Interests,Energy
MNRO,NASDAQ,Monro Inc. Common Stock,Consumer Discretionary
MNSB,NASDAQ,MainStreet Bancshares Inc. Common Stock,Finance
MNSBP,NASDAQ,MainStreet Bancshares Inc. Depositary Shares,Finance
MNSO,NASDAQ,MINISO Group Holding Limited American Depositary Shares each representing four Ordinary Shares,Consumer Discretionary
MNST,NASDAQ,Monster Beverage Corporation,Consumer Staples
MNTK,NASDAQ,Montauk Renewables Inc. Common Stock,Utilities
MNTN,NASDAQ,MNTN Inc. Class A Common Stock,Consumer Discretionary
MNTS,NASDAQ,Momentus Inc. Class A Common Stock,Industrials
MNTSW,NASDAQ,Momentus Inc. Warrant,Industrials
MNY,NASDAQ,MoneyHero Limited Class A Ordinary Shares,Real Estate
MNYWW,NASDAQ,MoneyHero Limited Warrants,Real Estate
MO,NASDAQ,Altria Group Inc.,Health Care
MOB,NASDAQ,Mobilicom Limited Ordinary Shares,Industrials
MOBBW,NASDAQ,Mobilicom Limited Warrants,Industrials
MOBX,NASDAQ,Mobix Labs Inc. Class A Common Stock,Technology
MOBXW,NASDAQ,Mobix Labs Inc Warrants,Technology
MOD,NASDAQ,Modine Manufacturing Company Common Stock,Consumer Discretionary
MODD,NASDAQ,Modular Medical Inc. Common Stock,Health Care
MOGU,NASDAQ,MOGU Inc. American Depositary Shares (each  representing 25 Class A Ordinary Shares),Real Estate
MOH,NASDAQ,Molina Healthcare Inc Common Stock,Health Care
MOLN,NASDAQ,Molecular Partners AG American Depositary Shares,Health Care
MOMO,NASDAQ,Hello Group Inc. American Depositary Shares,Technology
MORN,NASDAQ,Morningstar Inc. Common Stock,Finance
MOS,NASDAQ,Mosaic Company (The) Common Stock,Industrials
MOV,NASDAQ,Movado Group Inc. Common Stock,Consumer Discretionary
MOVE,NASDAQ,Movano Inc. Common Stock,Health Care
MP,NASDAQ,MP Materials Corp. Common Stock,Basic Materials
MPA,NASDAQ,Blackrock MuniYield Pennsylvania Quality Fund Common Stock,Finance
MPAA,NASDAQ,Motorcar Parts  of America Inc. Common Stock,Consumer Discretionary
MPB,NASDAQ,Mid Penn Bancorp Common Stock,Finance
MPC,NASDAQ,Marathon Petroleum Corporation Common Stock,Energy
MPLT,NASDAQ,MapLight Therapeutics Inc. Common Stock,Health Care
MPLX,NASDAQ,MPLX LP Common Units Representing Limited Partner Interests,Energy
MPT,NASDAQ,Medical Properties Trust Inc. common stock,Real Estate
MPTI,NASDAQ,M-tron Industries Inc. Common Stock,Technology
MPU,NASDAQ,Mega Matrix Inc. Class A Ordinary Shares,Consumer Discretionary
MPV,NASDAQ,Barings Participation Investors Common Stock,Finance
MPWR,NASDAQ,Monolithic Power Systems Inc. Common Stock,Technology
MPX,NASDAQ,Marine Products Corporation Common Stock,Industrials
MQ,NASDAQ,Marqeta Inc. Class A Common Stock,Technology
MQY,NASDAQ,Blackrock MuniYield Quality Fund Inc. Common Stock,Finance
MRAM,NASDAQ,Everspin Technologies Inc. Common Stock,Technology
MRBK,NASDAQ,Meridian Corporation Common Stock,Finance
MRCC,NASDAQ,Monroe Capital Corporation Common Stock,Finance
MRCY,NASDAQ,Mercury Systems Inc Common Stock,Technology
MRDN,NASDAQ,Meridian Holdings Inc. Common Stock,Technology
MREO,NASDAQ,Mereo BioPharma Group plc American Depositary Shares,Health Care
MRK,NASDAQ,Merck & Company Inc. Common Stock (new),Health Care
MRKR,NASDAQ,Marker Therapeutics Inc. Common Stock,Health Care
MRM,NASDAQ,MEDIROM Healthcare Technologies Inc. American Depositary Share,Consumer Discretionary
MRNA,NASDAQ,Moderna Inc. Common Stock,Health Care
MRNO,NASDAQ,Murano Global Investments PLC Ordinary Shares,Consumer Discretionary
MRNOW,NASDAQ,Murano Global Investments PLC Warrants,Consumer Discretionary
MRP,NASDAQ,Millrose Properties Inc. Class A Common Stock,Finance
MRSH,NASDAQ,Marsh Common Stock,Finance
MRT,NASDAQ,Marti Technologies Inc. Class A Ordinary Shares,Consumer Discretionary
MRTN,NASDAQ,Marten Transport Ltd. Common Stock,Industrials
MRVI,NASDAQ,Maravai LifeSciences Holdings Inc. Class A Common Stock,Health Care
MRVL,NASDAQ,Marvell Technology Inc. Common Stock,Technology
MRX,NASDAQ,Marex Group plc Ordinary Shares,Finance
MS,NASDAQ,Morgan Stanley Common Stock,Finance
MS$A,NYSE,,Unknown
MS$E,NYSE,,Unknown
MS$F,NYSE,,Unknown
MS$I,NYSE,,Unknown
MS$K,NYSE,,Unknown
MS$L,NYSE,,Unknown
MS$O,NYSE,,Unknown
MS$P,NYSE,,Unknown
MS$Q,NYSE,,Unknown
MSA,NASDAQ,MSA Safety Incorporated Common Stock,Health Care
MSAI,NASDAQ,MultiSensor AI Holdings Inc. Common Stock,Technology
MSAIW,NASDAQ,MultiSensor AI Holdings Inc. Warrant,Technology
MSB,NASDAQ,Mesabi Trust Common Stock,Industrials
MSBI,NASDAQ,Midland States Bancorp Inc. Common Stock,Finance
MSBIP,NASDAQ,Midland States Bancorp Inc. Depositary Shares Each Representing a 1/40th Interest in a Share of 7.750% Fixed-Rate Reset Non-Cumulative Perpetual Preferred Stock Series A,Finance
MSC,NASDAQ,Studio City International Holdings Limited American depositary shares each representing four  Class A ordinary shares,Consumer Discretionary
MSCI,NASDAQ,MSCI Inc. Common Stock,Real Estate
MSD,NASDAQ,Morgan Stanley Emerging Markets Debt Fund Inc. Common Stock,Finance
MSDL,NASDAQ,Morgan Stanley Direct Lending Fund Common Stock,Unknown
MSEX,NASDAQ,Middlesex Water Company Common Stock,Utilities
MSFT,NASDAQ,Microsoft Corporation Common Stock,Technology
MSGE,NASDAQ,Madison Square Garden Entertainment Corp. Class A Common Stock,Consumer Discretionary
MSGM,NASDAQ,Motorsport Games Inc. Class A Common Stock,Technology
MSGS,NASDAQ,Madison Square Garden Sports Corp. Class A Common Stock (New),Consumer Discretionary
MSGY,NASDAQ,Masonglory Limited Ordinary Shares,Unknown
MSI,NASDAQ,Motorola Solutions Inc. Common Stock,Technology
MSIF,NASDAQ,MSC Income Fund Inc. Common Stock,Finance
MSLE,NASDAQ,Satellos Bioscience Inc. Common Stock,Health Care
MSM,NASDAQ,MSC Industrial Direct Company Inc. Common Stock,Industrials
MSN,NASDAQ,Emerson Radio Corporation Common Stock,Consumer Staples
MSS,NASDAQ,Maison Solutions Inc. Class A Common Stock,Consumer Staples
MSTR,NASDAQ,Strategy Inc Common Stock Class A,Technology
MSW,NASDAQ,Ming Shing Group Holdings Limited Ordinary Shares,Consumer Discretionary
MS^A,NASDAQ,Morgan Stanley Dep Shs repstg 1/1000 Pfd Ser A,Unknown
MS^E,NASDAQ,Morgan Stanley DEPOSITARY SHARES REP 1/1000TH SHARES FIXED/FLTG PREFERRED STOCK SERIES E,Unknown
MS^F,NASDAQ,Morgan Stanley Dep Shs Rpstg 1/1000th Int Prd Ser F Fxd to Flag,Unknown
MS^I,NASDAQ,Morgan Stanley Depository Shares Representing 1/1000th Preferred Series 1 Fixed to Floating Non (Cum),Unknown
MS^K,NASDAQ,Morgan Stanley Depositary Shares each representing 1/1000th of a share of Fixed-to-Floating Rate Non-Cumulative Preferred Stock  Series K,Unknown
MS^L,NASDAQ,Morgan Stanley Depositary Shares each representing 1/1000th of a share of 4.875% Non-Cumulative Preferred Stock Series L,Unknown
MS^O,NASDAQ,Morgan Stanley Depositary Shares each representing 1/1000th of a share of 4.250% Non-Cumulative Preferred Stock Series O,Unknown
MS^P,NASDAQ,Morgan Stanley Depositary Shares each representing 1/1000th of a share of 6.500% Non-Cumulative Preferred Stock Series P,Unknown
MS^Q,NASDAQ,Morgan Stanley Depositary Shares each representing 1/1000th of a share of 6.625% Non-Cumulative Preferred Stock Series Q,Unknown
MT,NASDAQ,Arcelor Mittal NY Registry Shares NEW,Industrials
MTA,NASDAQ,Metalla Royalty & Streaming Ltd. Common Shares,Basic Materials
MTB,NASDAQ,M&T Bank Corporation Common Stock,Finance
MTB$H,NYSE,,Unknown
MTB$J,NYSE,,Unknown
MTB$K,NYSE,,Unknown
MTB^H,NASDAQ,M&T Bank Corporation Perpetual Fixed-to-Floating Rate Non-Cumulative Preferred Stock Series H,Unknown
MTB^J,NASDAQ,M&T Bank Corporation Depositary Shares each representing a 1/400th ownership interest in a share of Perpetual 7.500% Non-Cumulative Preferred Stock Series J,Unknown
MTB^K,NASDAQ,M&T Bank Corporation Depositary Shares each representing a 1/400th interest in a share of Perpetual 6.350% Non-Cumulative Preferred Stock Series K,Unknown
MTC,NASDAQ,MMTec Inc. Common Shares,Technology
MTCH,NASDAQ,Match Group Inc. Common Stock,Technology
MTD,NASDAQ,Mettler-Toledo International Inc. Common Stock,Industrials
MTDR,NASDAQ,Matador Resources Company Common Stock,Energy
MTEK,NASDAQ,Maris-Tech Ltd. Ordinary Shares,Telecommunications
MTEKW,NASDAQ,Maris-Tech Ltd. Warrants,Telecommunications
MTEN,NASDAQ,Mingteng International Corporation Inc. Class A Ordinary Shares,Industrials
MTEX,NASDAQ,Mannatech Incorporated Common Stock,Health Care
MTG,NASDAQ,MGIC Investment Corporation Common Stock,Finance
MTH,NASDAQ,Meritage Homes Corporation Common Stock,Consumer Discretionary
MTLS,NASDAQ,Materialise NV American Depositary Shares,Technology
MTN,NASDAQ,Vail Resorts Inc. Common Stock,Consumer Discretionary
MTNB,NASDAQ,Matinas Biopharma Holdings Inc. Common Stock,Health Care
MTR,NASDAQ,Mesa Royalty Trust Common Stock,Energy
MTRN,NASDAQ,Materion Corporation,Industrials
MTRX,NASDAQ,Matrix Service Company Common Stock,Consumer Discretionary
MTSI,NASDAQ,MACOM Technology Solutions Holdings Inc. Common Stock,Technology
MTUS,NASDAQ,Metallus Inc. Common Shares,Industrials
MTVA,NASDAQ,MetaVia Inc. Common Stock,Health Care
MTW,NASDAQ,Manitowoc Company Inc. (The) Common Stock,Industrials
MTX,NASDAQ,Minerals Technologies Inc. Common Stock,Basic Materials
MTZ,NASDAQ,MasTec Inc. Common Stock,Industrials
MU,NASDAQ,Micron Technology Inc. Common Stock,Technology
MUA,NASDAQ,Blackrock MuniAssets Fund Inc Common Stock,Finance
MUC,NASDAQ,Blackrock MuniHoldings California Quality Fund Inc.  Common Stock,Finance
MUFG,NASDAQ,Mitsubishi UFJ Financial Group Inc. Common Stock,Finance
MUJ,NASDAQ,Blackrock MuniHoldings New Jersey Quality Fund Inc. Common Stock,Finance
MUR,NASDAQ,Murphy Oil Corporation Common Stock,Energy
MUSA,NASDAQ,Murphy USA Inc. Common Stock,Consumer Discretionary
MUSE,NYSE,,Unknown
MUX,NASDAQ,McEwen Inc. Common Stock,Basic Materials
MUZEU,NASDAQ,Muzero Acquisition Corp Unit,Finance
MVBF,NASDAQ,MVB Financial Corp. Common Stock,Finance
MVIS,NASDAQ,MicroVision Inc. Common Stock,Technology
MVO,NASDAQ,MV Oil Trust Units of Beneficial Interests,Energy
MVST,NASDAQ,Microvast Holdings Inc. Common Stock,Miscellaneous
MVSTW,NASDAQ,Microvast Holdings Inc. Warrants,Miscellaneous
MWA,NASDAQ,MUELLER WATER PRODUCTS Common Stock,Industrials
MWG,NASDAQ,Multi Ways Holdings Limited Class A Ordinary Shares,Consumer Discretionary
MWH,NASDAQ,SOLV Energy Inc. Class A Common Stock,Industrials
MWYN,NASDAQ,Marwynn Holdings Inc. Common stock,Consumer Discretionary
MX,NASDAQ,Magnachip Semiconductor Corporation Common Stock,Technology
MXC,NASDAQ,Mexco Energy Corporation Common Stock,Energy
MXCT,NASDAQ,MaxCyte Inc. Common Stock,Health Care
MXE,NASDAQ,Mexico Equity and Income Fund Inc. (The) Common Stock,Finance
MXF,NASDAQ,Mexico Fund Inc. (The) Common Stock,Finance
MXL,NASDAQ,MaxLinear Inc. Common Stock,Technology
MYE,NASDAQ,Myers Industries Inc. Common Stock,Industrials
MYFW,NASDAQ,First Western Financial Inc. Common Stock,Finance
MYGN,NASDAQ,Myriad Genetics Inc. Common Stock,Health Care
MYI,NASDAQ,Blackrock MuniYield Quality Fund III Inc Common Stock,Finance
MYN,NASDAQ,Blackrock MuniYield New York Quality Fund Inc.Common Stock,Finance
MYND,NASDAQ,Mynd.ai Inc. American Depositary Shares,Real Estate
MYO,NASDAQ,Myomo Inc. Common Stock,Health Care
MYPS,NASDAQ,PLAYSTUDIOS Inc.  Class A Common Stock,Technology
MYPSW,NASDAQ,PLAYSTUDIOS Inc. Warrant,Technology
MYRG,NASDAQ,MYR Group Inc. Common Stock,Industrials
MYSE,NASDAQ,Myseum Inc. Common Stock,Telecommunications
MYSEW,NASDAQ,Myseum Inc. Series A Warrant,Telecommunications
MYSZ,NASDAQ,My Size Inc. Common Stock,Technology
MZTI,NASDAQ,The Marzetti Company Common Stock,Consumer Staples
NAAS,NASDAQ,NaaS Technology Inc. American Depositary Shares,Consumer Discretionary
NABL,NASDAQ,N-able Inc. Common Stock,Technology
NAC,NASDAQ,Nuveen California Quality Municipal Income Fund,Finance
NAD,NASDAQ,Nuveen Quality Municipal Income Fund Common Stock,Finance
NAGE,NASDAQ,Niagen Bioscience Inc. Common Stock,Health Care
NAII,NASDAQ,Natural Alternatives International Inc. Common Stock,Health Care
NAK,NASDAQ,Northern Dynasty Minerals Ltd. Common Stock,Basic Materials
NAKA,NASDAQ,Nakamoto Inc. Common Stock,Health Care
NAMI,NASDAQ,Jinxin Technology Holding Company American Depositary Shares,Real Estate
NAMM,NASDAQ,Namib Minerals Ordinary Shares,Basic Materials
NAMMW,NASDAQ,Namib Minerals Warrants,Basic Materials
NAMS,NASDAQ,NewAmsterdam Pharma Company N.V. Ordinary Shares,Health Care
NAMSW,NASDAQ,NewAmsterdam Pharma Company N.V. Warrant,Health Care
NAN,NASDAQ,Nuveen New York Quality Municipal Income Fund Common Stock,Finance
NAT,NASDAQ,Nordic American Tankers Limited Common Stock,Consumer Discretionary
NATH,NASDAQ,Nathan's Famous Inc. Common Stock,Consumer Discretionary
NATL,NASDAQ,NCR Atleos Corporation Common Stock,Miscellaneous
NATR,NASDAQ,Nature's Sunshine Products Inc. Common Stock,Health Care
NAUT,NASDAQ,Nautilus Biotechnology Inc. Common Stock,Industrials
NAVI,NASDAQ,Navient Corporation Common Stock,Finance
NAVN,NASDAQ,Navan Inc. Class A Common Stock,Technology
NAZ,NASDAQ,Nuveen Arizona Quality Municipal Income Fund Common Stock,Finance
NB,NASDAQ,NioCorp Developments Ltd. Common Stock,Basic Materials
NBB,NASDAQ,Nuveen Taxable Municipal Income Fund Common Shares of Beneficial Interest,Finance
NBBK,NASDAQ,NB Bancorp Inc. Common Stock,Finance
NBH,NASDAQ,Neuberger Municipal Fund Inc. Common Stock,Finance
NBHC,NASDAQ,National Bank Holdings Corporation Common Stock,Finance
NBIS,NASDAQ,Nebius Group N.V. Class A Ordinary Shares,Technology
NBIX,NASDAQ,Neurocrine Biosciences Inc. Common Stock,Health Care
NBN,NASDAQ,Northeast Bank Common Stock,Finance
NBP,NASDAQ,NovaBridge Biosciences American Depositary Shares,Health Care
NBR,NASDAQ,Nabors Industries Ltd.,Energy
NBTB,NASDAQ,NBT Bancorp Inc. Common Stock,Finance
NBTX,NASDAQ,Nanobiotix S.A. American Depositary Shares,Health Care
NBXG,NASDAQ,Neuberger Next Generation Connectivity Fund Inc. Common Stock,Finance
NBY,NASDAQ,NovaBay Pharmaceuticals Inc. Common Stock,Health Care
NC,NASDAQ,NACCO Industries Inc. Common Stock,Energy
NCA,NASDAQ,Nuveen California Municipal Value Fund,Finance
NCDL,NASDAQ,Nuveen Churchill Direct Lending Corp. Common Stock,Unknown
NCEL,NASDAQ,NewcelX Ltd. Ordinary Shares,Health Care
NCEW,NASDAQ,New Century Logistics (BVI) Limited Ordinary Shares,Industrials
NCI,NASDAQ,Neo-Concept International Group Holdings Limited Class A Ordinary Shares,Consumer Discretionary
NCL,NASDAQ,Northann Corp. Common Stock,Industrials
NCLH,NASDAQ,Norwegian Cruise Line Holdings Ltd. Ordinary Shares,Consumer Discretionary
NCMI,NASDAQ,National CineMedia Inc. Common Stock,Consumer Discretionary
NCNA,NASDAQ,NuCana plc American Depositary Share,Health Care
NCNO,NASDAQ,nCino Inc. Common Stock,Technology
NCPL,NASDAQ,Netcapital Inc. Common Stock,Finance
NCPLW,NASDAQ,Netcapital Inc. Warrants,Finance
NCRA,NASDAQ,Nocera Inc. Common Stock,Consumer Staples
NCSM,NASDAQ,NCS Multistage Holdings Inc. Common Stock,Energy
NCT,NASDAQ,Intercont (Cayman) Limited Class A Ordinary shares,Consumer Discretionary
NCTY,NASDAQ,The9 Limited American Depository Shares,Finance
NCV,NASDAQ,Virtus Convertible & Income Fund Common Shares of Beneficial Interest,Finance
NCV$A,NYSE,,Unknown
NCV^A,NASDAQ,Virtus Convertible & Income Fund 5.625% Series A Cumulative Preferred Shares,Unknown
NCZ,NASDAQ,Virtus Convertible & Income Fund II Common Shares of Beneficial Interest,Finance
NCZ$A,NYSE,,Unknown
NCZ^A,NASDAQ,Virtus Convertible & Income Fund II 5.50% Series A Cumulative Preferred Shares,Unknown
NDAQ,NASDAQ,Nasdaq Inc. Common Stock,Finance
NDLS,NASDAQ,Noodles & Company Class A Common Stock,Consumer Discretionary
NDMO,NASDAQ,Nuveen Dynamic Municipal Opportunities Fund Common Shares of Beneficial Interest,Finance
NDRA,NASDAQ,ENDRA Life Sciences Inc. Common Stock,Health Care
NDSN,NASDAQ,Nordson Corporation Common Stock,Industrials
NE,NASDAQ,Noble Corporation plc A Ordinary Shares,Energy
NEA,NASDAQ,Nuveen AMT-Free Quality Municipal Income Fund Common Shares of Beneficial Interest Par Value $.01,Finance
NECB,NASDAQ,NorthEast Community Bancorp Inc. Common Stock,Finance
NEE,NASDAQ,NextEra Energy Inc. Common Stock,Technology
NEE$N,NYSE,,Unknown
NEE$S,NYSE,,Unknown
NEE$T,NYSE,,Unknown
NEE$U,NYSE,,Unknown
NEE$V,NYSE,,Unknown
NEE^N,NASDAQ,NextEra Energy Inc. Series N Junior Subordinated Debentures due March 1 2079,Unknown
NEE^S,NASDAQ,NextEra Energy Inc. 7.299% Corporate Units,Unknown
NEE^T,NASDAQ,NextEra Energy Inc. 7.234% Corporate Units,Unknown
NEE^U,NASDAQ,NextEra Energy Inc. Series U Junior Subordinated Debentures due June 1 2085,Unknown
NEE^V,NASDAQ,NextEra Energy Inc. 7.375% Corporate Units,Unknown
NEGG,NASDAQ,Newegg Commerce Inc. Common Shares,Consumer Discretionary
NEM,NASDAQ,Newmont Corporation,Basic Materials
NEN,NASDAQ,New England Realty Associates Limited Partnership Class A Depositary Receipts Evidencing Units of Limited Partnership,Real Estate
NEO,NASDAQ,NeoGenomics Inc. Common Stock,Health Care
NEOG,NASDAQ,Neogen Corporation Common Stock,Health Care
NEON,NASDAQ,Neonode Inc. Common Stock,Technology
NEOV,NASDAQ,NeoVolta Inc. Common Stock,Miscellaneous
NEOVW,NASDAQ,NeoVolta Inc. Warrant,Miscellaneous
NEPH,NASDAQ,Nephros Inc. Common Stock,Health Care
NERV,NASDAQ,Minerva Neurosciences Inc Common Stock,Health Care
NESR,NASDAQ,National Energy Services Reunited Corp Ordinary Shares,Energy
NET,NASDAQ,Cloudflare Inc. Class A Common Stock,Technology
NEU,NASDAQ,NewMarket Corp Common Stock,Industrials
NEUP,NASDAQ,Neuphoria Therapeutics Inc. Common Stock,Health Care
NEWP,NASDAQ,New Pacific Metals Corp. Common Shares,Basic Materials
NEWT,NASDAQ,NewtekOne Inc. Common Stock,Finance
NEWTG,NASDAQ,NewtekOne Inc. 8.50% Fixed Rate Senior Notes due 2029,Finance
NEWTH,NASDAQ,NewtekOne Inc. 8.625% Fixed Rate Senior Notes due 2029,Finance
NEWTI,NASDAQ,NewtekOne Inc. 8.00% Fixed Rate Senior Notes due 2028,Finance
NEWTP,NASDAQ,NewtekOne Inc. Depositary Shares Non-Cumulative Perpetual Preferred Stock Series B,Finance
NEXA,NASDAQ,Nexa Resources S.A. Common Shares,Basic Materials
NEXM,NASDAQ,NexMetals Mining Corp. Common Shares,Unknown
NEXN,NASDAQ,Nexxen International Ltd. Ordinary Shares,Technology
NEXT,NASDAQ,NextDecade Corporation Common Stock,Utilities
NFBK,NASDAQ,Northfield Bancorp Inc. Common Stock (Delaware),Finance
NFE,NASDAQ,New Fortress Energy Inc. Class A Common Stock,Utilities
NFG,NASDAQ,National Fuel Gas Company Common Stock,Utilities
NFGC,NASDAQ,New Found Gold Corp Common Shares,Basic Materials
NFJ,NASDAQ,Virtus Dividend Interest & Premium Strategy Fund Common Shares of Beneficial Interest,Finance
NFLX,NASDAQ,Netflix Inc. Common Stock,Consumer Discretionary
NG,NASDAQ,Novagold Resources Inc.,Basic Materials
NGD,NASDAQ,New Gold Inc.,Basic Materials
NGEN,NASDAQ,NervGen Pharma Corp. Common stock,Unknown
NGG,NASDAQ,National Grid Transco PLC National Grid PLC (NEW) American Depositary Shares,Utilities
NGL,NASDAQ,NGL ENERGY PARTNERS LP Common Units representing Limited Partner Interests,Utilities
NGL$B,NYSE,,Unknown
NGL$C,NYSE,,Unknown
NGL^B,NASDAQ,NGL ENERGY PARTNERS LP 9.00% Class B Fixed-to-Floating Rate Cumulative Redeemable Perpetual Preferred Units representing limited partnership interests,Unknown
NGL^C,NASDAQ,NGL ENERGY PARTNERS LP 9.625% Class C Fixed-to-Floating Rate Cumulative  Redeemable Perpetual Preferred Units representing  limited partner interests,Unknown
NGNE,NASDAQ,Neurogene Inc. Common Stock,Health Care
NGS,NASDAQ,Natural Gas Services Group Inc. Common Stock,Energy
NGVC,NASDAQ,Natural Grocers by Vitamin Cottage Inc. Common Stock,Consumer Staples
NGVT,NASDAQ,Ingevity Corporation Common Stock,Industrials
NHC,NASDAQ,National HealthCare Corporation Common Stock,Health Care
NHI,NASDAQ,National Health Investors Inc. Common Stock,Real Estate
NHIC,NASDAQ,NewHold Investment Corp III Class A Ordinary Shares,Unknown
NHICU,NASDAQ,NewHold Investment Corp III Units,Finance
NHPAP,NASDAQ,National Healthcare Properties Inc. 7.375% Series A Cumulative Redeemable Perpetual Preferred Stock,Real Estate
NHPBP,NASDAQ,National Healthcare Properties Inc. 7.125% Series B Cumulative Redeemable Perpetual Preferred Stock,Real Estate
NHS,NASDAQ,Neuberger High Yield Strategies Fund Inc. Common Stock,Finance
NHTC,NASDAQ,Natural Health Trends Corp. Common Stock,Consumer Discretionary
NI,NASDAQ,NiSource Inc Common Stock,Utilities
NIC,NASDAQ,Nicolet Bankshares Inc. Common Stock,Finance
NICE,NASDAQ,NICE Ltd American Depositary Shares,Technology
NIE,NASDAQ,Virtus Equity & Convertible Income Fund Common Shares of Beneficial Interest,Finance
NIM,NASDAQ,Nuveen Select Maturities Municipal Fund Common Stock,Finance
NIO,NASDAQ,NIO Inc. American depositary shares each  representing one Class A ordinary share,Industrials
NIOBW,NASDAQ,NioCorp Developments Ltd. Warrant,Basic Materials
NIPG,NASDAQ,NIP Group Inc. American Depositary Shares,Consumer Discretionary
NIQ,NASDAQ,NIQ Global Intelligence plc Ordinary Shares,Technology
NIU,NASDAQ,Niu Technologies American Depositary Shares,Industrials
NIVF,NASDAQ,NewGenIvf Group Limited Class A Ordinary Shares,Health Care
NIVFW,NASDAQ,NewGenIvf Group Limited Warrants,Health Care
NIXX,NASDAQ,Nixxy Inc. Common Stock,Technology
NIXXW,NASDAQ,Nixxy Inc. Warrant,Technology
NJR,NASDAQ,NewJersey Resources Corporation Common Stock,Utilities
NKE,NASDAQ,Nike Inc. Common Stock,Consumer Discretionary
NKLR,NASDAQ,Terra Innovatum Global N.V. Ordinary shares,Industrials
NKSH,NASDAQ,National Bankshares Inc. Common Stock,Finance
NKTR,NASDAQ,Nektar Therapeutics  Common Stock,Health Care
NKTX,NASDAQ,Nkarta Inc. Common Stock,Health Care
NKX,NASDAQ,Nuveen California AMT-Free Quality Municipal Income Fund,Finance
NL,NASDAQ,NL Industries Inc. Common Stock,Basic Materials
NLOP,NASDAQ,Net Lease Office Properties Common Shares of Beneficial Interest,Real Estate
NLY,NASDAQ,Annaly Capital Management Inc. Common Stock,Real Estate
NLY$F,NYSE,,Unknown
NLY$G,NYSE,,Unknown
NLY$I,NYSE,,Unknown
NLY$J,NYSE,,Unknown
NLY^F,NASDAQ,Annaly Capital Management Inc 6.95% Series F,Unknown
NLY^G,NASDAQ,Annaly Capital Management Inc 6.50% Series G Fixed-to-Floating Rate Cumulative Redeemable Preferred Stock,Unknown
NLY^I,NASDAQ,Annaly Capital Management Inc 6.750% Series I Fixed-to-Floating Rate Cumulative Redeemable Preferred Stock,Unknown
NLY^J,NASDAQ,Annaly Capital Management Inc. 8.875% Series J Fixed-Rate Cumulative Redeemable Preferred Stock,Unknown
NMAI,NASDAQ,Nuveen Multi-Asset Income Fund Common Shares of Beneficial Interest,Finance
NMAX,NASDAQ,Newsmax Inc. Class B Common Stock,Industrials
NMCO,NASDAQ,Nuveen Municipal Credit Opportunities Fund Common Shares,Finance
NMFC,NASDAQ,New Mountain Finance Corporation Common Stock,Finance
NMFCZ,NASDAQ,New Mountain Finance Corporation 8.250% Notes due 2028,Unknown
NMG,NASDAQ,Nouveau Monde Graphite Inc. Common Shares,Basic Materials
NMI,NASDAQ,Nuveen Municipal Income Fund Inc. Common Stock,Finance
NMIH,NASDAQ,NMI Holdings Inc. Common Stock,Finance
NML,NASDAQ,Neuberger Energy Infrastructure and Income Fund Inc. Common Stock,Finance
NMM,NASDAQ,Navios Maritime Partners LP Common Units Representing Limited Partner Interests,Consumer Discretionary
NMP,NASDAQ,NMP Acquisition Corp. Class A Ordinary Shares,Finance
NMPAR,NASDAQ,NMP Acquisition Corp. Right,Finance
NMPAU,NASDAQ,NMP Acquisition Corp. Units,Finance
NMR,NASDAQ,Nomura Holdings Inc ADR American Depositary Shares,Finance
NMRA,NASDAQ,Neumora Therapeutics Inc. Common Stock,Health Care
NMRK,NASDAQ,Newmark Group Inc. Class A Common Stock,Finance
NMS,NASDAQ,Nuveen Minnesota Quality Municipal Income Fund,Finance
NMT,NASDAQ,Nuveen Massachusetts Quality Municipal Income Fund Common Stock,Finance
NMTC,NASDAQ,NeuroOne Medical Technologies Corporation Common Stock,Health Care
NMZ,NASDAQ,Nuveen Municipal High Income Opportunity Fund Common Stock $0.01 par value per share,Finance
NN,NASDAQ,NextNav Inc. Common Stock,Industrials
NNAVW,NASDAQ,NextNav Inc. Warrant,Industrials
NNBR,NASDAQ,NN Inc. Common Stock,Industrials
NNDM,NASDAQ,Nano Dimension Ltd. American Depositary Shares,Technology
NNE,NASDAQ,Nano Nuclear Energy Inc. Common Stock,Utilities
NNI,NASDAQ,Nelnet Inc. Common Stock,Finance
NNN,NASDAQ,NNN REIT Inc. Common Stock,Real Estate
NNNN,NASDAQ,Anbio Biotechnology Class A Ordinary Shares,Health Care
NNOX,NASDAQ,NANO-X IMAGING LTD Ordinary Shares,Health Care
NNVC,NASDAQ,NanoViricides Inc. Common Stock,Health Care
NNY,NASDAQ,Nuveen New York Municipal Value Fund Common Stock,Finance
NOA,NASDAQ,North American Construction Group Ltd. Common Shares (no par),Energy
NOAH,NASDAQ,Noah Holdings Limited American Depositary Shares,Finance
NOC,NASDAQ,Northrop Grumman Corporation Common Stock,Industrials
NODK,NASDAQ,NI Holdings Inc. Common Stock,Finance
NOEM,NASDAQ,CO2 Energy Transition Corp. Common Stock,Unknown
NOG,NASDAQ,Northern Oil and Gas Inc. Common Stock,Energy
NOK,NASDAQ,Nokia Corporation Sponsored American Depositary Shares,Technology
NOM,NASDAQ,Nuveen Missouri Quality Municipal Income Fund,Finance
NOMA,NASDAQ,NOMADAR Corp. Class A Common Stock,Consumer Discretionary
NOMD,NASDAQ,Nomad Foods Limited Ordinary Shares,Consumer Staples
NOTE,NASDAQ,FiscalNote Holdings Inc. Class A common stock,Real Estate
NOTV,NASDAQ,Inotiv Inc. Common Stock,Health Care
NOV,NASDAQ,NOV Inc. Common Stock,Consumer Discretionary
NOVT,NASDAQ,Novanta Inc. Common Stock,Miscellaneous
NOVTU,NASDAQ,Novanta Inc. Tangible Equity Units,Miscellaneous
NOW,NASDAQ,ServiceNow Inc. Common Stock,Technology
NP,NASDAQ,Neptune Insurance Holdings Inc. Class A Common Stock,Finance
NPAC,NASDAQ,New Providence Acquisition Corp. III Class A Ordinary Shares,Unknown
NPACU,NASDAQ,New Providence Acquisition Corp. III Units,Finance
NPACW,NASDAQ,New Providence Acquisition Corp. III Warrants,Finance
NPB,NASDAQ,Northpointe Bancshares Inc. Common Stock,Finance
NPCE,NASDAQ,Neuropace Inc. Common Stock,Health Care
NPCT,NASDAQ,Nuveen Core Plus Impact Fund Common Shares of Beneficial Interest,Finance
NPFD,NASDAQ,Nuveen Variable Rate Preferred & Income Fund Common Shares,Finance
NPK,NASDAQ,National Presto Industries Inc. Common Stock,Industrials
NPKI,NASDAQ,NPK International Inc. Common Stock,Consumer Discretionary
NPO,NASDAQ,Enpro Inc. Common Stock,Industrials
NPT,NASDAQ,Texxon Holding Limited Ordinary shares,Consumer Discretionary
NPV,NASDAQ,Nuveen Virginia Quality Municipal Income Fund Common Stock,Finance
NPWR,NASDAQ,NET Power Inc. Class A Common Stock,Energy
NQP,NASDAQ,Nuveen Pennsylvania Quality Municipal Income Fund Common Stock,Finance
NRC,NASDAQ,National Research Corporation Common Stock (Delaware),Health Care
NRDS,NASDAQ,NerdWallet Inc. Class A Common Stock,Technology
NRDY,NASDAQ,Nerdy Inc. Class A Common Stock,Real Estate
NREF,NASDAQ,NexPoint Real Estate Finance Inc. Common Stock,Real Estate
NREF$A,NYSE,,Unknown
NREF^A,NASDAQ,NexPoint Real Estate Finance Inc. 8.50% Series A Cumulative Redeemable Preferred Stock,Unknown
NRG,NASDAQ,NRG Energy Inc. Common Stock,Utilities
NRGV,NASDAQ,Energy Vault Holdings Inc. Common Stock,Miscellaneous
NRIM,NASDAQ,Northrim BanCorp Inc Common Stock,Finance
NRIX,NASDAQ,Nurix Therapeutics Inc. Common stock,Health Care
NRK,NASDAQ,Nuveen New York AMT-Free Quality Municipal Income Fund,Finance
NRO,NASDAQ,Neuberger Real Estate Securities Income Fund Inc. Common Stock,Finance
NRP,NASDAQ,Natural Resource Partners LP Limited Partnership,Energy
NRSN,NASDAQ,NeuroSense Therapeutics Ltd. Ordinary Shares,Health Care
NRT,NASDAQ,North European Oil Royality Trust Common Stock,Energy
NRUC,NASDAQ,National Rural Utilities Cooperative Finance Corporation 5.500% Subordinated Notes due 2064 (Subordinated Deferrable Interest Notes),Finance
NRXP,NASDAQ,NRX Pharmaceuticals Inc. Common Stock,Health Care
NRXPW,NASDAQ,NRX Pharmaceuticals Inc. Warrant,Health Care
NRXS,NASDAQ,Neuraxis Inc. Common Stock,Health Care
NSA,NASDAQ,National Storage Affiliates Trust Common Shares of Beneficial Interest,Real Estate
NSA$A,NYSE,,Unknown
NSA$B,NYSE,,Unknown
NSA^A,NASDAQ,National Storage Affiliates Trust 6.000% Series A Cumulative Redeemable Preferred Shares of Beneficial Interest (Liquidation Preference $25.00 per share),Unknown
NSA^B,NASDAQ,National Storage Affiliates Trust 6.000% Series B Cumulative Redeemable Preferred Shares of Beneficial Interest,Unknown
NSC,NASDAQ,Norfolk Southern Corporation Common Stock,Industrials
NSIT,NASDAQ,Insight Enterprises Inc. Common Stock,Consumer Discretionary
NSP,NASDAQ,Insperity Inc. Common Stock,Consumer Discretionary
NSPR,NASDAQ,InspireMD Inc. Common Stock,Health Care
NSRX,NASDAQ,Nasus Pharma Ltd. Ordinary Shares,Health Care
NSSC,NASDAQ,NAPCO Security Technologies Inc. Common Stock,Telecommunications
NSTS,NASDAQ,NSTS Bancorp Inc. Common Stock,Finance
NSYS,NASDAQ,Nortech Systems Incorporated Common Stock,Technology
NTAP,NASDAQ,NetApp Inc. Common Stock,Technology
NTB,NASDAQ,Bank of N.T. Butterfield & Son Limited (The) Voting Ordinary Shares,Finance
NTCL,NASDAQ,NETCLASS TECHNOLOGY INC Class A Ordinary Shares,Technology
NTCT,NASDAQ,NetScout Systems Inc. Common Stock,Technology
NTES,NASDAQ,NetEase Inc. American Depositary Shares,Technology
NTGR,NASDAQ,NETGEAR Inc. Common Stock,Utilities
NTHI,NASDAQ,NeOnc Technologies Holdings Inc. Common Stock,Health Care
NTIC,NASDAQ,Northern Technologies International Corporation Common Stock,Industrials
NTIP,NASDAQ,Network-1 Technologies Inc. Common Stock,Miscellaneous
NTLA,NASDAQ,Intellia Therapeutics Inc. Common Stock,Health Care
NTNX,NASDAQ,Nutanix Inc. Class A Common Stock,Technology
NTR,NASDAQ,Nutrien Ltd. Common Shares,Industrials
NTRA,NASDAQ,Natera Inc. Common Stock,Health Care
NTRB,NASDAQ,Nutriband Inc. Common Stock,Health Care
NTRP,NASDAQ,NextTrip Inc. Common Stock,Consumer Discretionary
NTRS,NASDAQ,Northern Trust Corporation Common Stock,Finance
NTRSO,NASDAQ,Northern Trust Corporation Depositary Shares Each Representing a 1/1000th Interest in a Share of Series E Non-Cumulative Perpetual Preferred Stock,Finance
NTSK,NASDAQ,Netskope Inc. Class A Common Stock,Technology
NTST,NASDAQ,NetSTREIT Corp. Common Stock,Real Estate
NTWK,NASDAQ,NetSol Technologies Inc. Common  Stock,Technology
NTWO,NASDAQ,Newbury Street II Acquisition Corp Class A Ordinary Shares,Unknown
NTWOW,NASDAQ,Newbury Street II Acquisition Corp Warrant,Unknown
NTZ,NASDAQ,Natuzzi S.p.A.,Consumer Discretionary
NU,NASDAQ,Nu Holdings Ltd. Class A Ordinary Shares,Finance
NUAI,NASDAQ,New Era Energy & Digital Inc. Common Stock,Energy
NUAIW,NASDAQ,New Era Energy & Digital Inc. Warrants,Energy
NUCL,NASDAQ,Eagle Nuclear Energy Corp. Common stock,Basic Materials
NUCLW,NASDAQ,Eagle Nuclear Energy Corp. Warrants,Basic Materials
NUE,NASDAQ,Nucor Corporation Common Stock,Industrials
NUS,NASDAQ,Nu Skin Enterprises Inc. Common Stock,Health Care
NUTX,NASDAQ,Nutex Health Inc. Common Stock,Real Estate
NUV,NASDAQ,Nuveen Municipal Value Fund Inc. Common Stock,Finance
NUVB,NASDAQ,Nuvation Bio Inc. Class A Common Stock,Health Care
NUVL,NASDAQ,Nuvalent Inc. Class A Common Stock,Health Care
NUW,NASDAQ,Nuveen AMT-Free Municipal Value Fund,Finance
NUWE,NASDAQ,Nuwellis Inc. Common Stock,Health Care
NVA,NASDAQ,Nova Minerals Limited American Depositary Shares,Basic Materials
NVAWW,NASDAQ,Nova Minerals Limited Warrant,Basic Materials
NVAX,NASDAQ,Novavax Inc. Common Stock,Health Care
NVCR,NASDAQ,NovoCure Limited Ordinary Shares,Health Care
NVCT,NASDAQ,Nuvectis Pharma Inc. Common Stock,Health Care
NVDA,NASDAQ,NVIDIA Corporation Common Stock,Technology
NVEC,NASDAQ,NVE Corporation Common Stock,Technology
NVG,NASDAQ,Nuveen AMT-Free Municipal Credit Income Fund,Finance
NVGS,NASDAQ,Navigator Holdings Ltd. Ordinary Shares (Marshall Islands),Consumer Discretionary
NVMI,NASDAQ,Nova Ltd. Ordinary Shares,Technology
NVNI,NASDAQ,Nvni Group Limited Ordinary Shares,Technology
NVNIW,NASDAQ,Nvni Group Limited Warrants,Technology
NVNO,NASDAQ,enVVeno Medical Corporation Common Stock,Health Care
NVO,NASDAQ,Novo Nordisk A/S Common Stock,Health Care
NVR,NASDAQ,NVR Inc. Common Stock,Consumer Discretionary
NVRI,NASDAQ,Enviri Corporation Common Stock,Miscellaneous
NVS,NASDAQ,Novartis AG Common Stock,Health Care
NVST,NASDAQ,Envista Holdings Corporation Common Stock,Health Care
NVT,NASDAQ,nVent Electric plc Ordinary Shares,Industrials
NVTS,NASDAQ,Navitas Semiconductor Corporation Common Stock,Technology
NVVE,NASDAQ,Nuvve Holding Corp. Common Stock,Industrials
NVVEW,NASDAQ,Nuvve Holding Corp. Warrant,Industrials
NVX,NASDAQ,NOVONIX Limited American Depository Shares,Miscellaneous
NWAX,NASDAQ,New America Acquisition I Corp. Class A Common Stock,Finance
NWBI,NASDAQ,Northwest Bancshares Inc. Common Stock,Finance
NWE,NASDAQ,NorthWestern Energy Group Inc. Common Stock,Utilities
NWFL,NASDAQ,Norwood Financial Corp. Common Stock,Finance
NWG,NASDAQ,NatWest Group plc American Depositary Shares (each representing two (2) Ordinary Shares),Finance
NWGL,NASDAQ,CL Workshop Group Limited American Depositary Shares,Energy
NWL,NASDAQ,Newell Brands Inc. Common Stock,Industrials
NWN,NASDAQ,Northwest Natural Holding Company Common Stock,Utilities
NWPX,NASDAQ,NWPX Infrastructure Inc. Common Stock,Industrials
NWS,NASDAQ,News Corporation Class B Common Stock,Consumer Discretionary
NWSA,NASDAQ,News Corporation Class A Common Stock,Consumer Discretionary
NWTG,NASDAQ,Newton Golf Company Inc. Common Stock,Consumer Discretionary
NX,NASDAQ,Quanex Building Products Corporation Common Stock,Industrials
NXDR,NASDAQ,Nextdoor Holdings Inc. Class A Common Stock,Technology
NXDT,NASDAQ,NexPoint Diversified Real Estate Trust Common Stock,Real Estate
NXDT$A,NYSE,,Unknown
NXDT^A,NASDAQ,NexPoint Diversified Real Estate Trust 5.50% Series A Cumulative Preferred Shares ($25.00 liquidation preference per share),Unknown
NXE,NASDAQ,Nexgen Energy Ltd. Common Shares,Basic Materials
NXG,NASDAQ,NXG NextGen Infrastructure Income Fund Common Shares of Beneficial Interest,Unknown
NXGL,NASDAQ,NexGel Inc Common Stock,Health Care
NXGLW,NASDAQ,NexGel Inc Warrant,Health Care
NXJ,NASDAQ,Nuveen New Jersey Qualified Municipal Fund,Finance
NXL,NASDAQ,Nexalin Technology Inc. Common Stock,Health Care
NXP,NASDAQ,Nuveen Select Tax Free Income Portfolio Common Stock,Finance
NXPI,NASDAQ,NXP Semiconductors N.V. Common Stock,Technology
NXPL,NASDAQ,NextPlat Corp Common Stock,Telecommunications
NXPLW,NASDAQ,NextPlat Corp Warrants,Telecommunications
NXRT,NASDAQ,NexPoint Residential Trust Inc. Common Stock,Real Estate
NXST,NASDAQ,Nexstar Media Group Inc. Common Stock,Industrials
NXT,NASDAQ,Nextpower Inc. Class A Common Stock,Industrials
NXTC,NASDAQ,NextCure Inc. Common Stock,Health Care
NXTS,NASDAQ,Nexentis Technologies Inc. Common Stock,Industrials
NXTT,NASDAQ,Next Technology Holding Inc. Ordinary Shares,Technology
NXXT,NASDAQ,NextNRG Inc. Common Stock,Consumer Discretionary
NYAX,NASDAQ,Nayax Ltd. Ordinary Shares,Technology
NYC,NASDAQ,American Strategic Investment Co. Class A Common Stock,Real Estate
NYT,NASDAQ,New York Times Company (The) Common Stock,Consumer Discretionary
NYXH,NASDAQ,Nyxoah SA Ordinary Shares,Health Care
NZF,NASDAQ,Nuveen Municipal Credit Income Fund,Finance
O,NASDAQ,Realty Income Corporation Common Stock,Real Estate
OABI,NASDAQ,OmniAb Inc. Common Stock,Health Care
OABIW,NASDAQ,OmniAb Inc. Warrant,Health Care
OACC,NASDAQ,Oaktree Acquisition Corp. III Life Sciences Class A Ordinary Share,Finance
OACCU,NASDAQ,Oaktree Acquisition Corp. III Life Sciences Unit,Finance
OACCW,NASDAQ,Oaktree Acquisition Corp. III Life Sciences Warrant,Finance
OAK$A,NYSE,,Unknown
OAK$B,NYSE,,Unknown
OAKUR,NASDAQ,Oak Woods Acquisition Corporation Right,Finance
OAKUW,NASDAQ,Oak Woods Acquisition Corporation Warrant,Finance
OAK^A,NASDAQ,Brookfield Oaktree Holdings LLC 6.625% Series A Preferred Units,Unknown
OAK^B,NASDAQ,Brookfield Oaktree Holdings LLC 6.550% Series B Preferred Units,Unknown
OBA,NASDAQ,Oxley Bridge Acquisition Limited Class A Ordinary Shares,Finance
OBAI,NASDAQ,Our Bond Inc. Common Stock,Consumer Discretionary
OBDC,NASDAQ,Blue Owl Capital Corporation Common Stock,Finance
OBE,NASDAQ,Obsidian Energy Ltd. Common Shares,Energy
OBIO,NASDAQ,Orchestra BioMed Holdings Inc. Ordinary Shares,Health Care
OBK,NASDAQ,Origin Bancorp Inc. Common Stock,Finance
OBT,NASDAQ,Orange County Bancorp Inc. Common Stock,Finance
OBTC,NASDAQ,Osprey Bitcoin Trust Common Units of Beneficial Interest,Finance
OC,NASDAQ,Owens Corning Inc Common Stock New,Industrials
OCC,NASDAQ,Optical Cable Corporation Common Stock,Industrials
OCCI,NASDAQ,OFS Credit Company Inc. Common Stock,Finance
OCCIM,NASDAQ,OFS Credit Company Inc. 7.875% Series F Term Preferred Stock,Unknown
OCCIN,NASDAQ,OFS Credit Company Inc. 5.25% Series E Term Preferred Stock Due 2026,Finance
OCCIO,NASDAQ,OFS Credit Company Inc. 6.125% Series C Term Preferred Stock,Finance
OCFC,NASDAQ,OceanFirst Financial Corp. Common Stock,Finance
OCG,NASDAQ,Oriental Culture Holding LTD Ordinary Shares,Consumer Discretionary
OCGN,NASDAQ,Ocugen Inc. Common Stock,Health Care
OCS,NASDAQ,Oculis Holding AG Ordinary shares,Health Care
OCSAW,NASDAQ,Oculis Holding AG Warrants,Health Care
OCSL,NASDAQ,Oaktree Specialty Lending Corporation Common Stock,Finance
OCUL,NASDAQ,Ocular Therapeutix Inc. Common Stock,Health Care
ODC,NASDAQ,Oil-Dri Corporation Of America Common Stock,Consumer Discretionary
ODD,NASDAQ,ODDITY Tech Ltd. Class A Ordinary Shares,Consumer Discretionary
ODFL,NASDAQ,Old Dominion Freight Line Inc. Common Stock,Industrials
ODV,NASDAQ,Osisko Development Corp. Common Shares,Basic Materials
ODVWZ,NASDAQ,Osisko Development Corp. Warrant expiring 5/27/2027,Basic Materials
ODYS,NASDAQ,Odysight.ai Inc. Common Stock,Technology
OEC,NASDAQ,Orion S.A. Common Shares,Industrials
OESX,NASDAQ,Orion Energy Systems Inc. Common Stock,Consumer Discretionary
OFAL,NASDAQ,OFA Group Class A Ordinary Shares,Consumer Discretionary
OFG,NASDAQ,OFG Bancorp Common Stock,Finance
OFIX,NASDAQ,Orthofix Medical Inc. Common Stock (DE),Health Care
OFLX,NASDAQ,Omega Flex Inc. Common Stock,Industrials
OFRM,NASDAQ,Once Upon a Farm PBC Common Stock,Consumer Staples
OFS,NASDAQ,OFS Capital Corporation Common Stock,Finance
OFSSH,NASDAQ,OFS Capital Corporation 4.95% Notes due 2028,Finance
OFSSO,NASDAQ,OFS Capital Corporation 7.50% Notes due 2028,Unknown
OGE,NASDAQ,OGE Energy Corp Common Stock,Utilities
OGEN,NASDAQ,Oragenics Inc. Common Stock,Health Care
OGI,NASDAQ,Organigram Global Inc. Common Shares,Health Care
OGN,NASDAQ,Organon & Co. Common Stock,Health Care
OGS,NASDAQ,ONE Gas Inc. Common Stock,Utilities
OHI,NASDAQ,Omega Healthcare Investors Inc. Common Stock,Real Estate
OI,NASDAQ,O-I Glass Inc. Common Stock,Consumer Discretionary
OIA,NASDAQ,Invesco Municipal Income Opportunities Trust Common Stock,Finance
OII,NASDAQ,Oceaneering International Inc. Common Stock,Energy
OIM,NASDAQ,OneIM Acquisition Corp. Class A Ordinary Shares,Unknown
OIMAU,NASDAQ,OneIM Acquisition Corp. Units,Finance
OIMAW,NASDAQ,OneIM Acquisition Corp. Warrant,Unknown
OIO,NASDAQ,OIO Group Ordinary Shares,Utilities
OIOWW,NASDAQ,OIO Group Warrants,Utilities
OIS,NASDAQ,Oil States International Inc. Common Stock,Consumer Discretionary
OKE,NASDAQ,ONEOK Inc. Common Stock,Utilities
OKLO,NASDAQ,Oklo Inc. Class A common stock,Utilities
OKTA,NASDAQ,Okta Inc. Class A Common Stock,Technology
OKUR,NASDAQ,OnKure Therapeutics Inc. Class A Common Stock,Health Care
OKYO,NASDAQ,OKYO Pharma Limited Ordinary Shares,Health Care
OLB,NASDAQ,The OLB Group Inc. Common Stock,Real Estate
OLED,NASDAQ,Universal Display Corporation Common Stock,Technology
OLLI,NASDAQ,Ollie's Bargain Outlet Holdings Inc. Common Stock,Consumer Discretionary
OLMA,NASDAQ,Olema Pharmaceuticals Inc. Common Stock,Health Care
OLN,NASDAQ,Olin Corporation Common Stock,Industrials
OLOX,NASDAQ,Olenox Industries Inc. Common Stock,Consumer Discretionary
OLP,NASDAQ,One Liberty Properties Inc. Common Stock,Real Estate
OLPX,NASDAQ,Olaplex Holdings Inc. Common Stock,Consumer Discretionary
OM,NASDAQ,Outset Medical Inc. Common Stock,Health Care
OMAB,NASDAQ,Grupo Aeroportuario del Centro Norte S.A.B. de C.V. ADS,Consumer Discretionary
OMC,NASDAQ,Omnicom Group Inc. Common Stock,Consumer Discretionary
OMCL,NASDAQ,Omnicell Inc. Common Stock ($0.001 par value),Technology
OMDA,NASDAQ,Omada Health Inc. Common Stock,Health Care
OMER,NASDAQ,Omeros Corporation Common Stock,Health Care
OMEX,NASDAQ,Odyssey Marine Exploration Inc. Common Stock,Consumer Discretionary
OMF,NASDAQ,OneMain Holdings Inc. Common Stock,Finance
OMH,NASDAQ,Ohmyhome Limited Class A Ordinary Shares,Finance
OMSE,NASDAQ,OMS Energy Technologies Inc. Ordinary Shares,Consumer Discretionary
ON,NASDAQ,ON Semiconductor Corporation Common Stock,Technology
ONB,NASDAQ,Old National Bancorp Common Stock,Finance
ONBPO,NASDAQ,Old National Bancorp Depositary Shares Each Representing a 1/40th Interest in a Share of Series C Preferred Stock,Finance
ONBPP,NASDAQ,Old National Bancorp Depositary Shares Each Representing a 1/40th Interest in a Share of Series A Preferred Stock,Finance
ONC,NASDAQ,BeOne Medicines Ltd. American Depositary Shares,Health Care
ONCH,NASDAQ,1RT Acquisition Corp. Class A Ordinary Share,Unknown
ONCHU,NASDAQ,1RT Acquisition Corp. Units,Unknown
ONCHW,NASDAQ,1RT Acquisition Corp. Warrant,Finance
ONCO,NASDAQ,Onconetix Inc. Common Stock,Health Care
ONCY,NASDAQ,Oncolytics Biotech Inc. Common Shares,Health Care
ONDS,NASDAQ,Ondas Inc. Common Stock,Technology
ONEG,NASDAQ,OneConstruction Group Limited Ordinary Shares,Consumer Discretionary
ONEW,NASDAQ,OneWater Marine Inc. Class A Common Stock,Consumer Discretionary
ONFO,NASDAQ,Onfolio Holdings Inc. Common Stock,Technology
ONIT,NASDAQ,Onity Group Inc. Common Stock,Finance
ONL,NASDAQ,Orion Properties Inc. Common Stock,Real Estate
ONMD,NASDAQ,OneMedNet Corp Class A Common Stock,Health Care
ONMDW,NASDAQ,OneMedNet Corp Warrant,Health Care
ONON,NASDAQ,On Holding AG Class A Ordinary Shares,Consumer Discretionary
ONTF,NASDAQ,ON24 Inc. Common Stock,Technology
ONTO,NASDAQ,Onto Innovation Inc. Common Stock,Industrials
OOMA,NASDAQ,Ooma Inc. Common Stock,Technology
OPAD,NASDAQ,Offerpad Solutions Inc. Class A Common Stock,Finance
OPAL,NASDAQ,OPAL Fuels Inc. Class A Common Stock,Utilities
OPBK,NASDAQ,OP Bancorp Common Stock,Finance
OPCH,NASDAQ,Option Care Health Inc. Common Stock,Health Care
OPEN,NASDAQ,Opendoor Technologies Inc Common Stock,Finance
OPENL,NASDAQ,Opendoor Technologies Inc  Series A Warrants each whole warrant exercisable to purchase one share of Common Stock at an exercise price of $13.00 per warrant,Finance
OPENW,NASDAQ,Opendoor Technologies Inc  Series K Warrants each whole warrant exercisable to purchase one share of Common Stock at an exercise price of $9.00 per warrant,Finance
OPENZ,NASDAQ,Opendoor Technologies Inc  Series Z Warrants each whole warrant exercisable to purchase one share of Common Stock at an exercise price of $17.00 per warrant,Finance
OPFI,NASDAQ,OppFi Inc. Class A Common Stock,Finance
OPHC,NASDAQ,OptimumBank Holdings Inc. Common Stock,Finance
OPK,NASDAQ,OPKO Health Inc. Common Stock,Health Care
OPLN,NASDAQ,OPENLANE Inc. Common Stock,Consumer Discretionary
OPP,NASDAQ,RiverNorth/DoubleLine Strategic Opportunity Fund Inc. Common Stock,Finance
OPP$A,NYSE,,Unknown
OPP$B,NYSE,,Unknown
OPP^A,NASDAQ,RiverNorth/DoubleLine Strategic Opportunity Fund Inc. 4.375% Series A Cumulative Preferred Stock,Unknown
OPP^B,NASDAQ,RiverNorth/DoubleLine Strategic Opportunity Fund Inc. 4.75% Series B Cumulative Preferred Stock,Unknown
OPP^C,NASDAQ,RiverNorth/DoubleLine Strategic Opportunity Fund Inc. 6.00% Series C Term Preferred Stock (Liquidation Preference $10.00 per share),Unknown
OPRA,NASDAQ,Opera Limited American Depositary Shares,Technology
OPRT,NASDAQ,Oportun Financial Corporation Common Stock,Finance
OPRX,NASDAQ,OptimizeRx Corporation Common Stock,Real Estate
OPTT,NASDAQ,Ocean Power Technologies Inc. Common Stock,Utilities
OPTU,NASDAQ,Optimum Communications Inc. Class A common stock,Telecommunications
OPTX,NASDAQ,Syntec Optics Holdings Inc. Class A Common Stock,Technology
OPTXW,NASDAQ,Syntec Optics Holdings Inc. Warrant,Technology
OPXS,NASDAQ,Optex Systems Holdings Inc. Common Stock,Technology
OPY,NASDAQ,Oppenheimer Holdings Inc. Class A Common Stock (DE),Finance
OR,NASDAQ,OR Royalties Inc. Common Shares,Basic Materials
ORA,NASDAQ,Ormat Technologies Inc. Common Stock,Utilities
ORBS,NASDAQ,Eightco Holdings Inc. Common Stock,Unknown
ORC,NASDAQ,Orchid Island Capital Inc. Common Stock,Real Estate
ORCL,NASDAQ,Oracle Corporation Common Stock,Technology
ORCL$D,NYSE,,Unknown
ORCL^D,NASDAQ,Oracle Corporation Depositary Shares each representing a 1/2000th interest in a sh of 6.50% Series D Mandatory Convertible Preferred Stock,Unknown
ORGN,NASDAQ,Origin Materials Inc. Common Stock,Industrials
ORGNW,NASDAQ,Origin Materials Inc. Warrants,Industrials
ORGO,NASDAQ,Organogenesis Holdings Inc. Class A Common Stock,Health Care
ORI,NASDAQ,Old Republic International Corporation Common Stock,Finance
ORIC,NASDAQ,Oric Pharmaceuticals Inc. Common Stock,Health Care
ORIO,NASDAQ,Orion Digital Corp. Common Shares,Finance
ORIS,NASDAQ,Oriental Rise Holdings Limited Ordinary Shares,Consumer Staples
ORKA,NASDAQ,Oruka Therapeutics Inc. Common Stock,Health Care
ORKT,NASDAQ,Orangekloud Technology Inc. Class A Ordinary Shares,Technology
ORLA,NASDAQ,Orla Mining Ltd. Common Shares,Basic Materials
ORLY,NASDAQ,O'Reilly Automotive Inc. Common Stock,Consumer Discretionary
ORMP,NASDAQ,Oramed Pharmaceuticals Inc. Common Stock,Health Care
ORN,NASDAQ,Orion Group Holdings Inc. Common,Industrials
ORRF,NASDAQ,Orrstown Financial Services Inc. Common Stock,Finance
OS,NASDAQ,OneStream Inc. Class A Common Stock,Technology
OSBC,NASDAQ,Old Second Bancorp Inc. Common Stock,Finance
OSCR,NASDAQ,Oscar Health Inc. Class A Common Stock,Health Care
OSG,NASDAQ,Octave Specialty Group Inc. Common Stock,Finance
OSIS,NASDAQ,OSI Systems Inc. Common Stock (DE),Technology
OSK,NASDAQ,Oshkosh Corporation (Holding Company)Common Stock,Industrials
OSPN,NASDAQ,OneSpan Inc. Common Stock,Technology
OSRH,NASDAQ,OSR Holdings Inc. Common Stock,Health Care
OSRHW,NASDAQ,OSR Holdings Inc. Warrant,Health Care
OSS,NASDAQ,One Stop Systems Inc. Common Stock,Technology
OSTX,NASDAQ,OS Therapies Incorporated Common Stock,Health Care
OSUR,NASDAQ,OraSure Technologies Inc. Common Stock,Health Care
OSW,NASDAQ,OneSpaWorld Holdings Limited Common Shares,Consumer Discretionary
OTEX,NASDAQ,Open Text Corporation Common Shares,Technology
OTF,NASDAQ,Blue Owl Technology Finance Corp. Common Stock,Unknown
OTGA,NASDAQ,OTG Acquisition Corp. I Class A Ordinary Share,Finance
OTGAU,NASDAQ,OTG Acquisition Corp. I Unit,Finance
OTGAW,NASDAQ,OTG Acquisition Corp. I Warrants,Finance
OTH,NASDAQ,Off The Hook YS Inc. Common Stock,Industrials
OTIS,NASDAQ,Otis Worldwide Corporation Common Stock,Technology
OTLK,NASDAQ,Outlook Therapeutics Inc. Common Stock,Health Care
OTLY,NASDAQ,Oatly Group AB American Depositary Shares,Consumer Staples
OTTR,NASDAQ,Otter Tail Corporation Common Stock,Utilities
OUST,NASDAQ,Ouster Inc. Common Stock,Industrials
OUT,NASDAQ,OUTFRONT Media Inc. Common Stock,Real Estate
OVBC,NASDAQ,Ohio Valley Banc Corp. Common Stock,Finance
OVID,NASDAQ,Ovid Therapeutics Inc. Common Stock,Health Care
OVLY,NASDAQ,Oak Valley Bancorp (CA) Common Stock,Finance
OVV,NASDAQ,Ovintiv Inc. (DE),Energy
OWL,NASDAQ,Blue Owl Capital Inc. Class A Common Stock,Finance
OWLS,NASDAQ,OBOOK Holdings Inc. Class A Common Shares,Technology
OWLT,NASDAQ,Owlet Inc. Class A Common Stock,Industrials
OXBR,NASDAQ,Oxbridge Re Holdings Limited Ordinary Shares,Finance
OXBRW,NASDAQ,Oxbridge Re Holdings Limited Warrant expiring 3/26/2029,Finance
OXLC,NASDAQ,Oxford Lane Capital Corp. Common Stock,Finance
OXLCG,NASDAQ,Oxford Lane Capital Corp. 7.95% Notes due 2032,Finance
OXLCI,NASDAQ,Oxford Lane Capital Corp. 8.75% Notes due 2030,Unknown
OXLCL,NASDAQ,Oxford Lane Capital Corp. 6.75% Notes due 2031,Finance
OXLCN,NASDAQ,Oxford Lane Capital Corp. 7.125% Series 2029 Term Preferred Stock,Finance
OXLCO,NASDAQ,Oxford Lane Capital Corp. Preferred Stock Shares 6.00% Series 2029,Finance
OXLCP,NASDAQ,Oxford Lane Capital Corp. 6.25% Series 2027 Term Preferred Shares,Finance
OXLCZ,NASDAQ,Oxford Lane Capital Corp. 5.00% Notes due 2027,Finance
OXM,NASDAQ,Oxford Industries Inc. Common Stock,Industrials
OXSQ,NASDAQ,Oxford Square Capital Corp. Common Stock,Finance
OXSQG,NASDAQ,Oxford Square Capital Corp. 5.50% Notes due 2028,Consumer Discretionary
OXSQH,NASDAQ,Oxford Square Capital Corp. 7.75% Notes due 2030,Finance
OXY,NASDAQ,Occidental Petroleum Corporation Common Stock,Energy
OYSER,NASDAQ,Oyster Enterprises II Acquisition Corp Rights,Finance
OYSEU,NASDAQ,Oyster Enterprises II Acquisition Corp Units,Finance
OZ,NASDAQ,Belpointe PREP LLC Class A Units,Real Estate
OZK,NASDAQ,Bank OZK Common Stock,Finance
OZKAP,NASDAQ,Bank OZK 4.625% Series A Non-Cumulative Perpetual Preferred Stock,Finance
PAA,NASDAQ,Plains All American Pipeline L.P. Common Units representing Limited Partner Interests,Energy
PAACU,NASDAQ,Proem Acquisition Corp I Units,Unknown
PAAS,NASDAQ,Pan American Silver Corp. Common Stock,Basic Materials
PAC,NASDAQ,Grupo Aeroportuario Del Pacifico S.A. B. de C.V. Grupo Aeroportuario Del Pacifico S.A. de C.V. (each representing 10 Series B shares),Consumer Discretionary
PACB,NASDAQ,Pacific Biosciences of California Inc. Common Stock,Industrials
PACH,NASDAQ,Pioneer Acquisition I Corp Class A Ordinary Shares,Unknown
PACHW,NASDAQ,Pioneer Acquisition I Corp Warrants,Unknown
PACK,NASDAQ,Ranpak Holdings Corp Class A Common Stock,Consumer Discretionary
PACS,NASDAQ,PACS Group Inc. Common Stock,Health Care
PAG,NASDAQ,Penske Automotive Group Inc. Common Stock,Consumer Discretionary
PAGP,NASDAQ,Plains GP Holdings L.P. Class A Units representing Limited Partner Interests,Energy
PAGS,NASDAQ,PagSeguro Digital Ltd. Class A Common Shares,Technology
PAHC,NASDAQ,Phibro Animal Health Corporation Class A Common Stock,Health Care
PAI,NASDAQ,Western Asset Investment Grade Income Fund Inc.,Finance
PAII,NASDAQ,Pyrophyte Acquisition Corp. II Class A Ordinary Shares,Unknown
PAL,NASDAQ,Proficient Auto Logistics Inc. Common Stock,Consumer Discretionary
PALI,NASDAQ,Palisade Bio Inc. Common Stock,Health Care
PALOU,NASDAQ,Paloma Acquisition Corp I Units,Finance
PAM,NASDAQ,Pampa Energia S.A.,Utilities
PAMT,NASDAQ,PAMT CORP Common Stock,Industrials
PANL,NASDAQ,Pangaea Logistics Solutions Ltd. Common Shares,Consumer Discretionary
PANW,NASDAQ,Palo Alto Networks Inc. Common Stock,Technology
PAPL,NASDAQ,Pineapple Financial Inc. Common Stock,Finance
PAR,NASDAQ,PAR Technology Corporation Common Stock,Miscellaneous
PARK,NASDAQ,Park Dental Partners Inc. Common Stock,Health Care
PARR,NASDAQ,Par Pacific Holdings Inc.  Common Stock,Energy
PASG,NASDAQ,Passage Bio Inc. Common Stock,Health Care
PASW,NASDAQ,Ping An Biomedical Co. Ltd. Ordinary Shares,Consumer Discretionary
PATH,NASDAQ,UiPath Inc. Class A Common Stock,Technology
PATK,NASDAQ,Patrick Industries Inc. Common Stock,Consumer Discretionary
PAVM,NASDAQ,PAVmed Inc. Common Stock,Health Care
PAVS,NASDAQ,Paranovus Entertainment Technology Ltd. Class A Ordinary Shares,Health Care
PAX,NASDAQ,Patria Investments Limited Class A Common Shares,Finance
PAXS,NASDAQ,PIMCO Access Income Fund Common Shares of Beneficial Interest,Finance
PAY,NASDAQ,Paymentus Holdings Inc. Class A Common Stock,Real Estate
PAYC,NASDAQ,Paycom Software Inc. Common Stock,Technology
PAYO,NASDAQ,Payoneer Global Inc. Common Stock,Real Estate
PAYP,NASDAQ,PayPay Corporation American Depository Shares,Unknown
PAYS,NASDAQ,Paysign Inc. Common Stock,Technology
PAYX,NASDAQ,Paychex Inc. Common Stock,Industrials
PB,NASDAQ,Prosperity Bancshares Inc. Common Stock,Finance
PBA,NASDAQ,Pembina Pipeline Corp. Ordinary Shares (Canada),Energy
PBF,NASDAQ,PBF Energy Inc. Class A Common Stock,Energy
PBFS,NASDAQ,Pioneer Bancorp Inc. Common Stock,Finance
PBH,NASDAQ,Prestige Consumer Healthcare Inc. Common Stock,Health Care
PBHC,NASDAQ,Pathfinder Bancorp Inc. Common Stock (MD),Finance
PBI,NASDAQ,Pitney Bowes Inc. Common Stock,Miscellaneous
PBI$B,NYSE,,Unknown
PBI^B,NASDAQ,Pitney Bowes Inc 6.70% Notes Due 2043,Unknown
PBM,NASDAQ,Psyence Biomedical Ltd. Common Shares,Health Care
PBMWW,NASDAQ,Psyence Biomedical Ltd. Warrant,Health Care
PBR,NASDAQ,Petroleo Brasileiro S.A. Petrobras ADS,Energy
PBT,NASDAQ,Permian Basin Royalty Trust Common Stock,Energy
PBYI,NASDAQ,Puma Biotechnology Inc Common Stock,Health Care
PCAP,NASDAQ,ProCap Acquisition Corp Class A Ordinary Shares,Finance
PCAPU,NASDAQ,ProCap Acquisition Corp Unit,Unknown
PCAPW,NASDAQ,ProCap Acquisition Corp Warrant,Finance
PCAR,NASDAQ,PACCAR Inc. Common Stock,Consumer Discretionary
PCB,NASDAQ,PCB Bancorp Common Stock,Finance
PCF,NASDAQ,High Income Securities Fund Common Stock,Finance
PCG,NASDAQ,Pacific Gas & Electric Co. Common Stock,Utilities
PCG$X,NYSE,,Unknown
PCG^A,NASDAQ,Pacific Gas & Electric Co. 6% Preferred Stock,Unknown
PCG^B,NASDAQ,Pacific Gas & Electric Co. 5 1/2% Preferred Stock,Unknown
PCG^C,NASDAQ,Pacific Gas & Electric Co. 5% 1st Preferred Stock,Unknown
PCG^D,NASDAQ,Pacific Gas & Electric Co. 5% 1st  Red. Preferred Stock,Unknown
PCG^E,NASDAQ,Pacific Gas & Electric Co. 5% 1st A Preferred Stock,Unknown
PCG^G,NASDAQ,Pacific Gas & Electric Co. 4.80% 1st Preferred Stock,Unknown
PCG^H,NASDAQ,Pacific Gas & Electric Co. 4.50% 1st Preferred Stock,Unknown
PCG^I,NASDAQ,Pacific Gas & Electric Co. 4.36% 1st Preferred Stock,Unknown
PCG^X,NASDAQ,PG&E Corp 6.000% Series A Mandatory Convertible Preferred Stock,Unknown
PCLA,NASDAQ,PicoCELA Inc. American Depositary Shares,Consumer Discretionary
PCM,NASDAQ,PCM Fund Inc. Common Stock,Finance
PCN,NASDAQ,Pimco Corporate & Income Strategy Fund Common Stock,Finance
PCOR,NASDAQ,Procore Technologies Inc. Common Stock,Technology
PCQ,NASDAQ,PIMCO California Municipal Income Fund Common Stock,Finance
PCRX,NASDAQ,Pacira BioSciences Inc. Common Stock,Health Care
PCSA,NASDAQ,Processa Pharmaceuticals Inc. Common Stock,Health Care
PCSC,NASDAQ,Perceptive Capital Solutions Corp Class A Ordinary Shares,Unknown
PCT,NASDAQ,PureCycle Technologies Inc. Common stock,Industrials
PCTTU,NASDAQ,PureCycle Technologies Inc. Unit,Industrials
PCTTW,NASDAQ,PureCycle Technologies Inc. Warrant,Industrials
PCTY,NASDAQ,Paylocity Holding Corporation Common Stock,Technology
PCVX,NASDAQ,Vaxcyte Inc. Common Stock,Health Care
PCYO,NASDAQ,Pure Cycle Corporation Common Stock,Utilities
PD,NASDAQ,PagerDuty Inc. Common Stock,Technology
PDC,NASDAQ,Perpetuals.com Ltd American Depositary Shares,Technology
PDCC,NASDAQ,Pearl Diver Credit Company Inc. Common Stock,Unknown
PDD,NASDAQ,PDD Holdings Inc. American Depositary Shares,Technology
PDEX,NASDAQ,Pro-Dex Inc. Common Stock,Health Care
PDFS,NASDAQ,PDF Solutions Inc. Common Stock,Technology
PDI,NASDAQ,PIMCO Dynamic Income Fund Common Stock,Finance
PDLB,NASDAQ,Ponce Financial Group Inc. Common Stock,Finance
PDM,NASDAQ,Piedmont Realty Trust Inc. Class A Common Stock,Real Estate
PDO,NASDAQ,PIMCO Dynamic Income Opportunities Fund Common Shares of Beneficial Interest,Finance
PDPA,NASDAQ,Pearl Diver Credit Company Inc. 8.00% Series A Preferred Stock Due 2029,Unknown
PDS,NASDAQ,Precision Drilling Corporation Common Stock,Energy
PDSB,NASDAQ,PDS Biotechnology Corporation Common Stock,Health Care
PDT,NASDAQ,John Hancock Premium Dividend Fund,Finance
PDX,NASDAQ,PIMCO Dynamic Income Strategy Fund Common Shares of Beneficial Interest,Finance
PDYN,NASDAQ,Palladyne AI Corp. Common Stock,Technology
PDYNW,NASDAQ,Palladyne AI Corp Warrants,Technology
PEB,NASDAQ,Pebblebrook Hotel Trust Common Shares of Beneficial Interest,Real Estate
PEB$E,NYSE,,Unknown
PEB$F,NYSE,,Unknown
PEB$G,NYSE,,Unknown
PEB$H,NYSE,,Unknown
PEBK,NASDAQ,Peoples Bancorp of North Carolina Inc. Common Stock,Finance
PEBO,NASDAQ,Peoples Bancorp Inc. Common Stock,Finance
PEB^E,NASDAQ,Pebblebrook Hotel Trust 6.375% Series E Cumulative Redeemable Preferred Shares of Beneficial Interest,Unknown
PEB^F,NASDAQ,Pebblebrook Hotel Trust 6.3% Series F Cumulative Redeemable Preferred Shares of Beneficial Interest,Unknown
PEB^G,NASDAQ,Pebblebrook Hotel Trust 6.375% Series G Cumulative Redeemable Preferred Shares of Beneficial Interest,Unknown
PEB^H,NASDAQ,Pebblebrook Hotel Trust 5.700% Series H Cumulative Redeemable Preferred Shares of Beneficial Interest,Unknown
PECO,NASDAQ,Phillips Edison & Company Inc. Common Stock,Real Estate
PED,NASDAQ,Pedevco Corp. Common Stock,Energy
PEG,NASDAQ,Public Service Enterprise Group Incorporated Common Stock,Utilities
PEGA,NASDAQ,Pegasystems Inc. Common Stock,Technology
PELI,NASDAQ,Pelican Acquisition Corporation Ordinary Shares,Finance
PELIR,NASDAQ,Pelican Acquisition Corporation Right,Finance
PELIU,NASDAQ,Pelican Acquisition Corporation Unit,Finance
PEN,NASDAQ,Penumbra Inc. Common Stock,Health Care
PENG,NASDAQ,Penguin Solutions Inc. Common Stock,Technology
PENN,NASDAQ,PENN Entertainment Inc. Common Stock,Consumer Discretionary
PEO,NASDAQ,Adams Natural Resources Fund Inc. Common Stock,Finance
PEP,NASDAQ,PepsiCo Inc. Common Stock,Consumer Staples
PEPG,NASDAQ,PepGen Inc. Common Stock,Health Care
PERF,NASDAQ,Perfect Corp. Class A Ordinary Share,Technology
PERI,NASDAQ,Perion Network Ltd. Ordinary Shares,Technology
PESI,NASDAQ,Perma-Fix Environmental Services Inc. Common Stock,Industrials
PETS,NASDAQ,PetMed Express Inc. Common Stock,Consumer Staples
PETZ,NASDAQ,TDH Holdings Inc. Common Shares,Industrials
PEW,NASDAQ,GrabAGun Digital Holdings Inc. Common Stock,Consumer Discretionary
PFAI,NASDAQ,Pinnacle Food Group Limited Class A Common Shares,Consumer Staples
PFBC,NASDAQ,Preferred Bank Common Stock,Finance
PFD,NASDAQ,Flaherty & Crumrine Preferred and Income Fund Incorporated,Finance
PFE,NASDAQ,Pfizer Inc. Common Stock,Health Care
PFG,NASDAQ,Principal Financial Group Inc Common Stock,Finance
PFGC,NASDAQ,Performance Food Group Company Common Stock,Consumer Discretionary
PFH,NASDAQ,Prudential Financial Inc. 4.125% Junior Subordinated Notes due 2060,Finance
PFIS,NASDAQ,Peoples Financial Services Corp. Common Stock,Finance
PFL,NASDAQ,PIMCO Income Strategy Fund Shares of Beneficial Interest,Finance
PFLT,NASDAQ,PennantPark Floating Rate Capital Ltd. Common Stock,Finance
PFN,NASDAQ,PIMCO Income Strategy Fund II,Finance
PFO,NASDAQ,Flaherty & Crumrine Preferred and Income Opportunity Fund Incorporated,Finance
PFS,NASDAQ,Provident Financial Services Inc Common Stock,Finance
PFSA,NASDAQ,Profusa Inc. Common Stock,Health Care
PFSI,NASDAQ,PennyMac Financial Services Inc. Common Stock,Finance
PFX,NASDAQ,PhenixFIN Corporation Common Stock,Finance
PFXNZ,NASDAQ,PhenixFIN Corporation  5.25% Notes due 2028,Finance
PG,NASDAQ,Procter & Gamble Company (The) Common Stock,Consumer Discretionary
PGAC,NASDAQ,Pantages Capital Acquisition Corporation Class A Ordinary Shares,Unknown
PGACR,NASDAQ,Pantages Capital Acquisition Corporation Right,Unknown
PGC,NASDAQ,Peapack-Gladstone Financial Corporation Common Stock,Finance
PGEN,NASDAQ,Precigen Inc. Common Stock,Health Care
PGNY,NASDAQ,Progyny Inc. Common Stock,Health Care
PGP,NASDAQ,Pimco Global StocksPlus & Income Fund Common Shares of Beneficial Interest,Finance
PGR,NASDAQ,Progressive Corporation (The) Common Stock,Finance
PGY,NASDAQ,Pagaya Technologies Ltd. Class A Ordinary Shares,Finance
PGYWW,NASDAQ,Pagaya Technologies Ltd. Warrants,Finance
PGZ,NASDAQ,Principal Real Estate Income Fund Common Shares of Beneficial Interest,Finance
PH,NASDAQ,Parker-Hannifin Corporation Common Stock,Industrials
PHAR,NASDAQ,Pharming Group N.V. ADS each representing 10 ordinary shares,Health Care
PHAT,NASDAQ,Phathom Pharmaceuticals Inc. Common Stock,Health Care
PHG,NASDAQ,Koninklijke Philips N.V. NY Registry Shares,Health Care
PHGE,NASDAQ,BiomX Inc. COmmon Stock,Health Care
PHI,NASDAQ,PLDT Inc. Sponsored ADR,Telecommunications
PHIN,NASDAQ,PHINIA Inc. Common Stock,Consumer Discretionary
PHIO,NASDAQ,Phio Pharmaceuticals Corp. Common Stock,Health Care
PHK,NASDAQ,Pimco High Income Fund,Finance
PHM,NASDAQ,PulteGroup Inc. Common Stock,Consumer Discretionary
PHOE,NASDAQ,Phoenix Asia Holdings Limited Ordinary Shares,Consumer Discretionary
PHR,NASDAQ,Phreesia Inc. Common Stock,Real Estate
PHUN,NASDAQ,Phunware Inc. Common Stock,Technology
PHVS,NASDAQ,Pharvaris N.V. Ordinary Shares,Health Care
PHXE^,NASDAQ,Phoenix Energy One LLC Series A Cumulative Redeemable Preferred Shares,Unknown
PI,NASDAQ,Impinj Inc. Common Stock,Technology
PICS,NASDAQ,PicS N.V. Class A Common Shares,Finance
PII,NASDAQ,Polaris Inc. Common Stock,Consumer Discretionary
PIII,NASDAQ,P3 Health Partners Inc. Class A Common Stock,Health Care
PIIIW,NASDAQ,P3 Health Partners Inc. Warrant,Health Care
PIM,NASDAQ,Putnam Master Intermediate Income Trust Common Stock,Finance
PINE,NASDAQ,Alpine Income Property Trust Inc. Common Stock,Real Estate
PINE$A,NYSE,,Unknown
PINE^A,NASDAQ,Alpine Income Property Trust Inc. 8.00% Series A Cumulative Redeemable Preferred Stock,Unknown
PINS,NASDAQ,Pinterest Inc. Class A Common Stock,Technology
PIPR,NASDAQ,Piper Sandler Companies Common Stock,Finance
PJT,NASDAQ,PJT Partners Inc. Class A Common Stock,Finance
PK,NASDAQ,Park Hotels & Resorts Inc. Common Stock,Consumer Discretionary
PKBK,NASDAQ,Parke Bancorp Inc. Common Stock,Finance
PKE,NASDAQ,Park Aerospace Corp. Common Stock,Industrials
PKG,NASDAQ,Packaging Corporation of America Common Stock,Consumer Discretionary
PKOH,NASDAQ,Park-Ohio Holdings Corp. Common Stock,Industrials
PKST,NASDAQ,Peakstone Realty Trust Common Shares,Real Estate
PKX,NASDAQ,POSCO HOLDINGS INC. American Depositary Shares (Each representing 1/4th of a share of Common Stock),Industrials
PL,NASDAQ,Planet Labs PBC Class A Common Stock,Technology
PLAB,NASDAQ,Photronics Inc. Common Stock,Technology
PLAG,NASDAQ,Planet Green Holdings Corp. Common Stock,Consumer Staples
PLAY,NASDAQ,Dave & Buster's Entertainment Inc. Common Stock,Consumer Discretionary
PLBC,NASDAQ,Plumas Bancorp,Finance
PLBL,NASDAQ,Polibeli Group Ltd Class A Ordinary Shares,Consumer Discretionary
PLBY,NASDAQ,Playboy Inc. Common Stock,Consumer Discretionary
PLCE,NASDAQ,Children's Place Inc. (The) Common Stock,Consumer Discretionary
PLD,NASDAQ,Prologis Inc. Common Stock,Real Estate
PLG,NASDAQ,Platinum Group Metals Ltd. Ordinary Shares (Canada),Basic Materials
PLMK,NASDAQ,Plum Acquisition Corp. IV Class A Ordinary Shares,Unknown
PLMKU,NASDAQ,Plum Acquisition Corp. IV Unit,Unknown
PLMKW,NASDAQ,Plum Acquisition Corp. IV Warrants,Unknown
PLMR,NASDAQ,Palomar Holdings Inc. Common stock,Finance
PLNT,NASDAQ,Planet Fitness Inc. Common Stock,Consumer Discretionary
PLOW,NASDAQ,Douglas Dynamics Inc. Common Stock,Industrials
PLPC,NASDAQ,Preformed Line Products Company Common Stock,Industrials
PLRX,NASDAQ,Pliant Therapeutics Inc. Common Stock,Health Care
PLRZ,NASDAQ,Polyrizon Ltd. Ordinary Shares,Health Care
PLSE,NASDAQ,Pulse Biosciences Inc Common Stock (DE),Health Care
PLSM,NASDAQ,Pulsenmore Ltd. Ordinary Shares,Health Care
PLTK,NASDAQ,Playtika Holding Corp. Common Stock,Technology
PLTR,NASDAQ,Palantir Technologies Inc. Class A Common Stock,Technology
PLUG,NASDAQ,Plug Power Inc. Common Stock,Energy
PLUR,NASDAQ,Pluri Inc. Common Stock,Health Care
PLUS,NASDAQ,ePlus inc. Common Stock,Technology
PLUT,NASDAQ,Plutus Financial Group Limited Ordinary Shares,Finance
PLX,NASDAQ,Protalix BioTherapeutics Inc. (DE) Common Stock,Health Care
PLXS,NASDAQ,Plexus Corp. Common Stock,Technology
PLYX,NASDAQ,Polaryx Therapeutics Inc. Common Stock,Health Care
PM,NASDAQ,Philip Morris International Inc Common Stock,Health Care
PMAX,NASDAQ,Powell Max Limited Class A Ordinary Shares,Consumer Discretionary
PMCB,NASDAQ,PharmaCyte  Biotech Inc. Common Stock,Health Care
PMEC,NASDAQ,Primech Holdings Ltd. Ordinary Shares,Consumer Discretionary
PMI,NASDAQ,Picard Medical Inc. Common Stock,Health Care
PML,NASDAQ,Pimco Municipal Income Fund II Common Shares of Beneficial Interest,Finance
PMM,NASDAQ,Putnam Managed Municipal Income Trust Common Stock,Finance
PMMF,NYSE,,Unknown
PMN,NASDAQ,ProMIS Neurosciences Inc. Common Shares (ON),Health Care
PMNT,NASDAQ,Perfect Moment Ltd. Common Stock,Consumer Discretionary
PMO,NASDAQ,Putnam Municipal Opportunities Trust Common Stock,Finance
PMT,NASDAQ,PennyMac Mortgage Investment Trust Common Shares of Beneficial Interest,Real Estate
PMT$A,NYSE,,Unknown
PMT$B,NYSE,,Unknown
PMT$C,NYSE,,Unknown
PMTR,NASDAQ,Perimeter Acquisition Corp. I Class A Ordinary Shares,Finance
PMTRU,NASDAQ,Perimeter Acquisition Corp. I Unit,Finance
PMTRW,NASDAQ,Perimeter Acquisition Corp. I Warrant,Finance
PMTS,NASDAQ,CPI Card Group Inc. Common Stock,Consumer Discretionary
PMTU,NASDAQ,PennyMac Mortgage Investment Trust 8.50% Senior Notes due 2028,Real Estate
PMTV,NASDAQ,PennyMac Mortgage Investment Trust 9.00% Senior Notes due 2030,Real Estate
PMTW,NASDAQ,PennyMac Mortgage Investment Trust 9.00% Senior Notes due 2030,Real Estate
PMT^A,NASDAQ,PennyMac Mortgage Investment Trust 8.125% Series A Fixed-to-Floating Rate Cumulative Redeemable Preferred Shares of Beneficial Interest,Unknown
PMT^B,NASDAQ,PennyMac Mortgage Investment Trust 8.00% Series B Fixed-to-Floating Rate Cumulative Redeemable Preferred Shares of Beneficial Interest,Unknown
PMT^C,NASDAQ,PennyMac Mortgage Investment Trust 6.75% Series C Cumulative Redeemable Preferred Shares of Beneficial Interest,Unknown
PMVP,NASDAQ,PMV Pharmaceuticals Inc. Common Stock,Health Care
PN,NASDAQ,Skycorp Solar Group Limited Ordinary Shares,Technology
PNBK,NASDAQ,Patriot National Bancorp Inc. Common Stock,Finance
PNC,NASDAQ,PNC Financial Services Group Inc. (The) Common Stock,Finance
PNFP,NASDAQ,Pinnacle Financial Partners Inc. Common stock,Finance
PNFP$A,NYSE,,Unknown
PNFP$B,NYSE,,Unknown
PNFP$C,NYSE,,Unknown
PNFP^A,NASDAQ,Pinnacle Financial Partners Inc. Fixed-to-Floating Rate Non-Cumulative Perpetual Preferred Stock Series A,Unknown
PNFP^B,NASDAQ,Pinnacle Financial Partners Inc. Fixed-to-Floating Rate Non-Cumulative Perpetual Preferred Stock Series B,Unknown
PNFP^C,NASDAQ,Pinnacle Financial Partners Inc. Fixed-to-Floating Rate Non-Cumulative Perpetual Preferred Stock Series C,Unknown
PNI,NASDAQ,Pimco New York Municipal Income Fund II Common Shares of Beneficial Interest,Finance
PNNT,NASDAQ,PennantPark Investment Corporation Common Stock,Finance
PNR,NASDAQ,Pentair plc. Ordinary Share,Industrials
PNRG,NASDAQ,PrimeEnergy Resources Corporation Common Stock,Energy
PNTG,NASDAQ,The Pennant Group Inc. Common Stock,Health Care
PNW,NASDAQ,Pinnacle West Capital Corporation Common Stock,Utilities
POAS,NASDAQ,Phaos Technology Holdings (Cayman) Limited Class A Ordinary Shares,Industrials
POCI,NASDAQ,Precision Optics Corporation Inc. Common stock,Health Care
PODC,NASDAQ,PodcastOne Inc. Common Stock,Technology
PODD,NASDAQ,Insulet Corporation Common Stock,Health Care
POET,NASDAQ,POET Technologies Inc. Common Shares,Technology
POLA,NASDAQ,Polar Power Inc. Common Stock,Miscellaneous
POLE,NASDAQ,Andretti Acquisition Corp. II Class A Ordinary Shares,Unknown
POLEW,NASDAQ,Andretti Acquisition Corp. II Warrant,Unknown
POM,NASDAQ,POMDOCTOR LIMITED American Depositary Shares,Consumer Discretionary
PONY,NASDAQ,Pony AI Inc. American Depositary Shares,Technology
POOL,NASDAQ,Pool Corporation Common Stock,Consumer Discretionary
POR,NASDAQ,Portland General Electric Co Common Stock,Utilities
POST,NASDAQ,Post Holdings Inc. Common Stock,Consumer Staples
POWI,NASDAQ,Power Integrations Inc. Common Stock,Technology
POWL,NASDAQ,Powell Industries Inc. Common Stock,Energy
POWW,NASDAQ,Outdoor Holding Company Common Stock,Industrials
POWWP,NASDAQ,Outdoor Holding Company 8.75% Series A Cumulative Redeemable Perpetual Preferred Stock,Industrials
PPBT,NASDAQ,Purple Biotech Ltd. American Depositary Shares,Health Care
PPC,NASDAQ,Pilgrim's Pride Corporation Common Stock,Consumer Staples
PPCB,NASDAQ,Propanc Biopharma Inc. Common Stock,Health Care
PPG,NASDAQ,PPG Industries Inc. Common Stock,Consumer Discretionary
PPHC,NASDAQ,Public Policy Holding Company Inc. Common Stock,Unknown
PPIH,NASDAQ,Perma-Pipe International Holdings Inc. Common Stock,Industrials
PPL,NASDAQ,PPL Corporation Common Stock,Utilities
PPLC,NASDAQ,PPL Corporation Corporate Units,Utilities
PPSI,NASDAQ,Pioneer Power Solutions Inc. Common Stock,Industrials
PPT,NASDAQ,Putnam Premier Income Trust Common Stock,Finance
PPTA,NASDAQ,Perpetua Resources Corp. Common Shares,Basic Materials
PR,NASDAQ,Permian Resources Corporation Class A Common Stock,Energy
PRA,NASDAQ,ProAssurance Corporation Common Stock,Finance
PRAA,NASDAQ,PRA Group Inc. Common Stock,Finance
PRAX,NASDAQ,Praxis Precision Medicines Inc. Common Stock,Health Care
PRCH,NASDAQ,Porch Group Inc. Common Stock,Technology
PRCS,NYSE,,Unknown
PRCT,NASDAQ,PROCEPT BioRobotics Corporation Common Stock,Health Care
PRDO,NASDAQ,Perdoceo Education Corporation Common Stock,Real Estate
PRE,NASDAQ,Prenetics Global Limited Class A Ordinary Share,Finance
PRENW,NASDAQ,Prenetics Global Limited Warrant,Finance
PRFX,NASDAQ,PRF Technologies Ltd. Ordinary Shares,Health Care
PRG,NASDAQ,PROG Holdings Inc. Common Stock,Consumer Discretionary
PRGO,NASDAQ,Perrigo Company plc Ordinary Shares,Health Care
PRGS,NASDAQ,Progress Software Corporation Common Stock (DE),Technology
PRH,NASDAQ,Prudential Financial Inc. 5.950% Junior Subordinated Notes due 2062,Finance
PRHI,NASDAQ,Presurance Holdings Inc. Common Stock,Finance
PRHIZ,NASDAQ,Presurance Holdings Inc. 9.75% Senior Unsecured Notes due 2028,Finance
PRI,NASDAQ,Primerica Inc. Common Stock,Finance
PRIF$D,NYSE,,Unknown
PRIF$J,NYSE,,Unknown
PRIF$K,NYSE,,Unknown
PRIF$L,NYSE,,Unknown
PRIF^D,NASDAQ,Priority Income Fund Inc. 7.00% Series D Term Preferred Stock due 2029,Unknown
PRIF^J,NASDAQ,Priority Income Fund Inc. 6.000% Series J Term Preferred Stock due 2028,Unknown
PRIF^K,NASDAQ,Priority Income Fund Inc. 7.000% Series K Cumulative Preferred Stock,Unknown
PRIF^L,NASDAQ,Priority Income Fund Inc. 6.375% Series L Term Preferred Stock Due 2029,Unknown
PRIM,NASDAQ,Primoris Services Corporation Common Stock,Industrials
PRK,NASDAQ,Park National Corporation Common Stock,Finance
PRKS,NASDAQ,United Parks & Resorts Inc. Common Stock,Health Care
PRLB,NASDAQ,Proto Labs Inc. Common stock,Industrials
PRLD,NASDAQ,Prelude Therapeutics Incorporated Common Stock,Health Care
PRM,NASDAQ,Perimeter Solutions SA Common Stock,Industrials
PRMB,NASDAQ,Primo Brands Corporation Class A Common Stock,Consumer Staples
PRME,NASDAQ,Prime Medicine Inc. Common Stock,Health Care
PROF,NASDAQ,Profound Medical Corp. Common Stock,Health Care
PROK,NASDAQ,ProKidney Corp. Class A Ordinary Shares,Health Care
PROP,NASDAQ,Prairie Operating Co. Common Stock,Finance
PROV,NASDAQ,Provident Financial Holdings Inc. Common Stock,Finance
PRPL,NASDAQ,Purple Innovation Inc. Common Stock,Consumer Discretionary
PRPO,NASDAQ,Precipio Inc.  Common Stock,Industrials
PRQR,NASDAQ,ProQR Therapeutics N.V. Ordinary Shares,Health Care
PRS,NASDAQ,Prudential Financial Inc. 5.625% Junior Subordinated Notes due 2058,Finance
PRSO,NASDAQ,Peraso Inc. Common Stock,Technology
PRSU,NASDAQ,Pursuit Attractions and Hospitality Inc. Common Stock,Real Estate
PRT,NASDAQ,PermRock Royalty Trust Units of Beneficial Interest,Energy
PRTA,NASDAQ,Prothena Corporation plc Ordinary Shares,Health Care
PRTC,NASDAQ,PureTech Health plc American Depositary Shares,Health Care
PRTH,NASDAQ,Priority Technology Holdings Inc. Common Stock,Real Estate
PRTS,NASDAQ,CarParts.com Inc. Common Stock,Consumer Discretionary
PRU,NASDAQ,Prudential Financial Inc. Common Stock,Finance
PRVA,NASDAQ,Privia Health Group Inc. Common Stock,Health Care
PRVS,NYSE,,Unknown
PRZO,NASDAQ,ParaZero Technologies Ltd. Ordinary Shares,Industrials
PSA,NASDAQ,Public Storage Common Stock,Real Estate
PSA$F,NYSE,,Unknown
PSA$G,NYSE,,Unknown
PSA$H,NYSE,,Unknown
PSA$I,NYSE,,Unknown
PSA$J,NYSE,,Unknown
PSA$K,NYSE,,Unknown
PSA$L,NYSE,,Unknown
PSA$M,NYSE,,Unknown
PSA$N,NYSE,,Unknown
PSA$O,NYSE,,Unknown
PSA$P,NYSE,,Unknown
PSA$Q,NYSE,,Unknown
PSA$R,NYSE,,Unknown
PSA$S,NYSE,,Unknown
PSA^F,NASDAQ,Public Storage Depositary Shares Each Representing 1/1000 of a 5.15% Cumulative Preferred Share of Beneficial Interest Series F par value $0.01 per share,Unknown
PSA^G,NASDAQ,Public Storage Depositary Shares Each Representing 1/1000 of a 5.05% Cumulative Preferred Share of Beneficial Interest Series G,Unknown
PSA^H,NASDAQ,Public Storage Depositary Shares Each Representing 1/1000 of a  5.60% Cumulative Preferred  Share of Beneficial Interest Series H,Unknown
PSA^I,NASDAQ,Public Storage Depositary Shares Each Representing 1/1000 of a 4.875% Cumulative Preferred Share of Beneficial Interest Series I par value $0.01 per share,Unknown
PSA^J,NASDAQ,Public Storage Depositary Shares Each Representing 1/1000 of a 4.700% Cumulative Preferred Share of Beneficial Interest Series J par value $0.01 per share,Unknown
PSA^K,NASDAQ,Public Storage Depositary Shares Each Representing 1/1000 of a 4.75% Cumulative Preferred Share of Beneficial Interest Series K,Unknown
PSA^L,NASDAQ,Public Storage Depositary Shares Each Representing 1/1000 of a 4.625% Cumulative Preferred Share of Beneficial Interest Series L par value $0.01 per share,Unknown
PSA^M,NASDAQ,Public Storage Depositary Shares Each Representing 1/1000 of a 4.125% Cumulative Preferred Share of Beneficial Interest Series M,Unknown
PSA^N,NASDAQ,Public Storage Depositary Shares Each Representing 1/1000 of a 3.875% Cumulative Preferred Share of Beneficial Interest Series N,Unknown
PSA^O,NASDAQ,Public Storage Depositary Shares Each Representing 1/1000 of a 3.900% Cumulative Preferred Share of Beneficial Interest Series O,Unknown
PSA^P,NASDAQ,Public Storage Depositary Shares Each Representing 1/1000 of a 4.000% Cumulative Preferred Share of Bene cial Interest Series P,Unknown
PSA^Q,NASDAQ,Public Storage Depositary Shares Each Representing 1/1000 of a 3.950% Cumulative Preferred Share of Beneficial Interest Series Q par value $0.01 per share,Unknown
PSA^R,NASDAQ,Public Storage Depositary Shares Each Representing 1/1000 of a 4.00% Cumulative Preferred Share of Bene cial Interest Series R,Unknown
PSA^S,NASDAQ,Public Storage Depositary Shares Each Representing 1/1000 of a 4.100% Cumulative Preferred Share of Beneficial Interest Series S,Unknown
PSBD,NASDAQ,Palmer Square Capital BDC Inc. Common Stock,Unknown
PSEC,NASDAQ,Prospect Capital Corporation Common Stock,Finance
PSEC$A,NYSE,,Unknown
PSEC^A,NASDAQ,Prospect Capital Corporation 5.35% Series A Fixed Rate Cumulative Perpetual Preferred Stock,Unknown
PSF,NASDAQ,Cohen & Steers Select Preferred and Income Fund Inc. Common Stock,Finance
PSFE,NASDAQ,Paysafe Limited Common Shares,Real Estate
PSHG,NASDAQ,Performance Shipping Inc. Common Shares,Consumer Discretionary
PSIG,NASDAQ,PS International Group Ltd. Ordinary Shares,Industrials
PSIX,NASDAQ,Power Solutions International Inc. Common Stock,Industrials
PSKY,NASDAQ,Paramount Skydance Corporation Class B Common Stock,Industrials
PSMT,NASDAQ,PriceSmart Inc. Common Stock,Consumer Discretionary
PSN,NASDAQ,Parsons Corporation Common Stock,Technology
PSNL,NASDAQ,Personalis Inc. Common Stock,Health Care
PSNY,NASDAQ,Polestar Automotive Holding UK PLC Class A ADS,Industrials
PSNYW,NASDAQ,Polestar Automotive Holding UK PLC Class C-1 ADS (ADW),Industrials
PSO,NASDAQ,Pearson Plc Common Stock,Consumer Discretionary
PSQH,NASDAQ,PSQ Holdings Inc. Class A Common Stock,Consumer Discretionary
PSTG,NASDAQ,Everpure Inc. Class A common stock,Technology
PSTL,NASDAQ,Postal Realty Trust Inc. Class A Common Stock,Real Estate
PSTV,NASDAQ,PLUS THERAPEUTICS Inc. Common Stock,Health Care
PSX,NASDAQ,Phillips 66 Common Stock,Energy
PTA,NASDAQ,Cohen & Steers Tax-Advantaged Preferred Securities and Income Fund Common Shares of Beneficial Interest,Finance
PTC,NASDAQ,PTC Inc. Common Stock,Technology
PTCT,NASDAQ,PTC Therapeutics Inc. Common Stock,Health Care
PTEN,NASDAQ,Patterson-UTI Energy Inc. Common Stock,Energy
PTGX,NASDAQ,Protagonist Therapeutics Inc. Common Stock,Health Care
PTHS,NASDAQ,Pelthos Therapeutics Inc. Common Stock,Health Care
PTLE,NASDAQ,PTL LTD Class A Ordinary Shares,Energy
PTLO,NASDAQ,Portillo's Inc. Class A Common Stock,Consumer Discretionary
PTN,NASDAQ,Palatin Technologies Inc. Common Stock,Health Care
PTON,NASDAQ,Peloton Interactive Inc. Class A Common Stock,Consumer Discretionary
PTORU,NASDAQ,Praetorian Acquisition Corp. Units,Unknown
PTRN,NASDAQ,Pattern Group Inc. Series A Common Stock,Consumer Discretionary
PTY,NASDAQ,Pimco Corporate & Income Opportunity Fund,Finance
PUBM,NASDAQ,PubMatic Inc. Class A Common Stock,Technology
PUK,NASDAQ,Prudential Public Limited Company Common Stock,Finance
PULM,NASDAQ,Pulmatrix Inc. Common Stock,Health Care
PUMP,NASDAQ,ProPetro Holding Corp. Common Stock,Energy
PURR,NASDAQ,Hyperliquid Strategies Inc Common Stock,Finance
PVH,NASDAQ,PVH Corp. Common Stock,Industrials
PVL,NASDAQ,Permianville Royalty Trust Units of Beneficial Interest,Energy
PVLA,NASDAQ,Palvella Therapeutics Inc. Common Stock,Health Care
PW,NASDAQ,Power REIT (MD) Common Stock,Real Estate
PWP,NASDAQ,Perella Weinberg Partners Class A Common Stock,Finance
PWR,NASDAQ,Quanta Services Inc. Common Stock,Industrials
PW^A,NASDAQ,Power REIT 7.75% Series A Cumulative Perpetual Preferred Stock,Unknown
PXED,NASDAQ,Phoenix Education Partners Inc. Common Stock,Real Estate
PXLW,NASDAQ,Pixelworks Inc.  Common Stock,Technology
PXS,NASDAQ,Pyxis Tankers Inc. Common Stock,Consumer Discretionary
PYPD,NASDAQ,PolyPid Ltd. Ordinary Shares,Health Care
PYPL,NASDAQ,PayPal Holdings Inc. Common Stock,Industrials
PYT,NASDAQ,PPlus Tr GSC-2 Tr Ctf Fltg Rate,Finance
PYXS,NASDAQ,Pyxis Oncology Inc. Common Stock,Health Care
PZG,NASDAQ,Paramount Gold Nevada Corp. Common Stock,Basic Materials
PZZA,NASDAQ,Papa John's International Inc. Common Stock,Consumer Discretionary
Q,NASDAQ,Qnity Electronics Inc. Common Stock,Technology
QBTS,NASDAQ,D-Wave Quantum Inc. Common Shares,Technology
QCLS,NASDAQ,Q/C Technologies Inc. Common Stock,Health Care
QCOM,NASDAQ,QUALCOMM Incorporated Common Stock,Technology
QCRH,NASDAQ,QCR Holdings Inc. Common Stock,Finance
QDEL,NASDAQ,QuidelOrtho Corporation Common Stock,Health Care
QETA,NASDAQ,Quetta Acquisition Corporation Common Stock,Finance
QETAR,NASDAQ,Quetta Acquisition Corporation Right,Finance
QFIN,NASDAQ,Qfin Holdings Inc. American Depositary Shares,Finance
QGEN,NASDAQ,Qiagen N.V. Common Shares,Health Care
QH,NASDAQ,Quhuo Limited American Depository Shares,Real Estate
QIPT,NASDAQ,Quipt Home Medical Corp. Common Shares,Health Care
QLYS,NASDAQ,Qualys Inc. Common Stock,Technology
QMCO,NASDAQ,Quantum Corporation Common Stock,Technology
QNC,NASDAQ,Quantum eMotion Corp. Common Shares,Unknown
QNCX,NASDAQ,Quince Therapeutics Inc. Common Stock,Health Care
QNRX,NASDAQ,Quoin Pharmaceuticals Ltd. American Depositary Shares,Health Care
QNST,NASDAQ,QuinStreet Inc. Common Stock,Real Estate
QNTM,NASDAQ,Quantum Biopharma Ltd. Class B Subordinate Voting Shares,Health Care
QQQX,NASDAQ,Nuveen NASDAQ 100 Dynamic Overwrite Fund Shares of Beneficial Interest,Finance
QRHC,NASDAQ,Quest Resource Holding Corporation Common Stock,Utilities
QRVO,NASDAQ,Qorvo Inc. Common Stock,Technology
QS,NASDAQ,QuantumScape Corporation Class A Common Stock,Miscellaneous
QSEA,NASDAQ,Quartzsea Acquisition Corporation Ordinary Shares,Finance
QSEAR,NASDAQ,Quartzsea Acquisition Corporation Rights,Finance
QSI,NASDAQ,Quantum-Si Incorporated Class A Common Stock,Industrials
QSIAW,NASDAQ,Quantum-Si Incorporated Warrant,Industrials
QSR,NASDAQ,Restaurant Brands International Inc. Common Shares,Consumer Discretionary
QTI,NASDAQ,QT Imaging Holdings Inc. Common Stock,Health Care
QTRX,NASDAQ,Quanterix Corporation Common Stock,Industrials
QTTB,NASDAQ,Q32 Bio Inc. Common Stock,Health Care
QTWO,NASDAQ,Q2 Holdings Inc. Common Stock,Technology
QUAD,NASDAQ,Quad Graphics Inc Class A Common Stock,Consumer Discretionary
QUBT,NASDAQ,Quantum Computing Inc. Common Stock,Technology
QUCY,NASDAQ,Mainz Biomed N.V. Ordinary Shares,Unknown
QUIK,NASDAQ,QuickLogic Corporation Common Stock,Technology
QUMS,NASDAQ,Quantumsphere Acquisition Corp. Ordinary Shares,Unknown
QUMSR,NASDAQ,Quantumsphere Acquisition Corp. Rights,Unknown
QUMSU,NASDAQ,Quantumsphere Acquisition Corp. Units,Unknown
QURE,NASDAQ,uniQure N.V. Ordinary Shares,Health Care
QVCC,NASDAQ,QVC Inc. 6.250% Senior Secured Notes due 2068,Consumer Discretionary
QVCD,NASDAQ,QVC Inc. 6.375% Senior Secured Notes due 2067,Consumer Discretionary
QVCGA,NASDAQ,QVC Group Inc. Series A Common Stock,Consumer Discretionary
QVCGP,NASDAQ,QVC Group Inc. 8.0% Fixed Rate Cumulative Redeemable Preferred Stock,Consumer Discretionary
QXO,NASDAQ,QXO Inc. Common Stock,Consumer Discretionary
QXO$B,NYSE,,Unknown
QXO^B,NASDAQ,QXO Inc.  Depositary Shares each representing a 1/20th interest in a share of 5.50% Series B Mandatory Convertible Preferred Stock,Unknown
R,NASDAQ,Ryder System Inc. Common Stock,Consumer Discretionary
RA,NASDAQ,Brookfield Real Assets Income Fund Inc. Common Stock,Finance
RAAQ,NASDAQ,Real Asset Acquisition Corp. Class A Ordinary Share,Finance
RAAQU,NASDAQ,Real Asset Acquisition Corp. Unit,Finance
RAAQW,NASDAQ,Real Asset Acquisition Corp. Warrants,Finance
RAC,NASDAQ,Rithm Acquisition Corp. Class A Ordinary Shares,Unknown
RACE,NASDAQ,Ferrari N.V. Common Shares,Industrials
RADX,NASDAQ,Radiopharm Theranostics Limited American Depositary Shares,Health Care
RAIL,NASDAQ,FreightCar America Inc. Common Stock,Industrials
RAIN,NASDAQ,Rain Enhancement Technologies Holdco Inc. Class A Common Stock,Technology
RAINW,NASDAQ,Rain Enhancement Technologies Holdco Inc. Warrants,Technology
RAL,NASDAQ,Ralliant Corporation Common Stock,Industrials
RAMP,NASDAQ,LiveRamp Holdings Inc. Common Stock,Technology
RAND,NASDAQ,Rand Capital Corporation Common Stock,Finance
RANG,NASDAQ,Range Capital Acquisition Corp. Ordinary Shares,Unknown
RANGR,NASDAQ,Range Capital Acquisition Corp. Rights,Unknown
RANGU,NASDAQ,Range Capital Acquisition Corp. Units,Unknown
RANI,NASDAQ,Rani Therapeutics Holdings Inc. Class A Common Stock,Health Care
RAPP,NASDAQ,Rapport Therapeutics Inc. Common Stock,Health Care
RARE,NASDAQ,Ultragenyx Pharmaceutical Inc. Common Stock,Health Care
RAVE,NASDAQ,Rave Restaurant Group Inc. Common Stock,Consumer Discretionary
RAY,NASDAQ,Raytech Holding Limited Ordinary Shares,Consumer Discretionary
RAYA,NASDAQ,Erayak Power Solution Group Inc. Class A Ordinary Shares,Consumer Discretionary
RBA,NASDAQ,RB Global Inc. Common Stock,Real Estate
RBB,NASDAQ,RBB Bancorp Common Stock,Finance
RBBN,NASDAQ,Ribbon Communications Inc. Common Stock,Technology
RBC,NASDAQ,RBC Bearings Incorporated Common Stock,Industrials
RBCAA,NASDAQ,Republic Bancorp Inc. Class A Common Stock,Finance
RBKB,NASDAQ,Rhinebeck Bancorp Inc. Common Stock,Finance
RBLX,NASDAQ,Roblox Corporation Class A Common Stock,Technology
RBNE,NASDAQ,Robin Energy Ltd. Common Stock,Consumer Discretionary
RBRK,NASDAQ,Rubrik Inc. Class A Common Stock,Technology
RC,NASDAQ,Ready Capital Corporation Common Stock,Real Estate
RC$C,NYSE,,Unknown
RC$E,NYSE,,Unknown
RCAT,NASDAQ,Red Cat Holdings Inc. Common Stock,Technology
RCB,NASDAQ,Ready Capital Corporation 6.20% Senior Notes due 2026,Real Estate
RCD,NASDAQ,Ready Capital Corporation 9.00% Senior Notes due 2029,Real Estate
RCEL,NASDAQ,Avita Medical Inc. Common Stock,Health Care
RCG,NASDAQ,RENN Fund Inc Common Stock,Finance
RCI,NASDAQ,Rogers Communication Inc. Common Stock,Telecommunications
RCKT,NASDAQ,Rocket Pharmaceuticals Inc. Common Stock,Health Care
RCKTW,NASDAQ,Rocket Pharmaceuticals Inc. Warrant,Health Care
RCKY,NASDAQ,Rocky Brands Inc. Common Stock,Consumer Discretionary
RCL,NASDAQ,Royal Caribbean Cruises Ltd. Common Stock,Consumer Discretionary
RCMT,NASDAQ,RCM Technologies Inc. Common Stock,Consumer Discretionary
RCON,NASDAQ,Recon Technology Ltd. Class A Ordinary Shares,Energy
RCS,NASDAQ,PIMCO Strategic Income Fund Inc.,Finance
RCT,NASDAQ,RedCloud Holdings plc Ordinary Shares,Technology
RCUS,NASDAQ,Arcus Biosciences Inc. Common Stock,Health Care
RC^C,NASDAQ,Ready Capital Corporation 6.25% Series C Cumulative Convertible Preferred Stock,Unknown
RC^E,NASDAQ,Ready Capital Corporation 6.50% Series E Cumulative Redeemable Preferred Stock,Unknown
RDAC,NASDAQ,Rising Dragon Acquisition Corp. Ordinary Shares,Unknown
RDAG,NASDAQ,Republic Digital Acquisition Company Class A Ordinary Shares,Finance
RDAGU,NASDAQ,Republic Digital Acquisition Company Unit,Finance
RDCM,NASDAQ,Radcom Ltd. Ordinary Shares,Technology
RDDT,NASDAQ,Reddit Inc. Class A Common Stock,Technology
RDGT,NASDAQ,Ridgetech Inc. Ordinary Shares,Consumer Staples
RDHL,NASDAQ,Redhill Biopharma Ltd. American Depositary Shares,Health Care
RDI,NASDAQ,Reading International Inc Class A Common Stock,Consumer Discretionary
RDIB,NASDAQ,Reading International Inc Class B Common Stock,Consumer Discretionary
RDN,NASDAQ,Radian Group Inc. Common Stock,Finance
RDNT,NASDAQ,RadNet Inc. Common Stock,Health Care
RDNW,NASDAQ,RideNow Group Inc. Class B Common Stock,Technology
RDVT,NASDAQ,Red Violet Inc. Common Stock,Technology
RDW,NASDAQ,Redwire Corporation Common Stock,Industrials
RDWR,NASDAQ,Radware Ltd. Ordinary Shares,Real Estate
RDY,NASDAQ,Dr. Reddy's Laboratories Ltd Common Stock,Health Care
RDZN,NASDAQ,Roadzen Inc. Ordinary Shares,Finance
RDZNW,NASDAQ,Roadzen Inc. Warrants,Finance
REAL,NASDAQ,The RealReal Inc. Common Stock,Consumer Discretionary
REAX,NASDAQ,The Real Brokerage Inc. Common Shares,Finance
REBN,NASDAQ,Reborn Coffee Inc. Common Stock,Consumer Discretionary
RECT,NASDAQ,Rectitude Holdings Ltd Ordinary Shares,Consumer Discretionary
REE,NASDAQ,REE Automotive Ltd. Class A Ordinary Shares,Industrials
REED,NASDAQ,Reed's Inc. Common Stock,Unknown
REFI,NASDAQ,Chicago Atlantic Real Estate Finance Inc. Common Stock,Real Estate
REFR,NASDAQ,Research Frontiers Incorporated Common Stock,Miscellaneous
REG,NASDAQ,Regency Centers Corporation Common Stock,Real Estate
REGCO,NASDAQ,Regency Centers Corporation 5.875% Series B Cumulative Redeemable Preferred Stock,Real Estate
REGCP,NASDAQ,Regency Centers Corporation 6.25% Series A Cumulative Redeemable Preferred Stock,Real Estate
REGN,NASDAQ,Regeneron Pharmaceuticals Inc. Common Stock,Health Care
REI,NASDAQ,Ring Energy Inc. Common Stock,Energy
REKR,NASDAQ,Rekor Systems Inc. Common Stock,Telecommunications
RELL,NASDAQ,Richardson Electronics Ltd. Common Stock,Technology
RELX,NASDAQ,RELX PLC PLC American Depositary Shares (Each representing One Ordinary Share),Real Estate
RELY,NASDAQ,Remitly Global Inc. Common Stock,Real Estate
RENT,NASDAQ,Rent the Runway Inc. Class A Common Stock,Consumer Discretionary
RENX,NASDAQ,RenX Enterprises Corp. Common Stock,Finance
REPL,NASDAQ,Replimune Group Inc. Common Stock,Health Care
REPX,NASDAQ,Riley Exploration Permian Inc. Common Stock,Energy
RERE,NASDAQ,ATRenew Inc. American Depositary Shares (every three of which representing two Class A ordinary shares),Consumer Discretionary
RES,NASDAQ,RPC Inc. Common Stock,Energy
RETO,NASDAQ,ReTo Eco-Solutions Inc. Class A Shares,Industrials
REVB,NASDAQ,Revelation Biosciences Inc. Common Stock,Health Care
REX,NASDAQ,REX American Resources Corporation,Industrials
REXR,NASDAQ,Rexford Industrial Realty Inc. Common Stock,Real Estate
REXR$B,NYSE,,Unknown
REXR$C,NYSE,,Unknown
REXR^B,NASDAQ,Rexford Industrial Realty Inc. 5.875% Series B Cumulative Redeemable Preferred Stock,Unknown
REXR^C,NASDAQ,Rexford Industrial Realty Inc. 5.625% Series C Cumulative Redeemable Preferred Stock par value $0.01 per share,Unknown
REYN,NASDAQ,Reynolds Consumer Products Inc. Common Stock,Consumer Discretionary
REZI,NASDAQ,Resideo Technologies Inc. Common Stock,Industrials
RF,NASDAQ,Regions Financial Corporation Common Stock,Finance
RF$C,NYSE,,Unknown
RF$E,NYSE,,Unknown
RF$F,NYSE,,Unknown
RFAI,NASDAQ,RF Acquisition Corp II Ordinary Shares,Unknown
RFAIR,NASDAQ,RF Acquisition Corp II Right,Technology
RFAM,NASDAQ,RF Acquisition Corp III Ordinary Shares,Unknown
RFAMR,NASDAQ,RF Acquisition Corp III Rights,Unknown
RFAMU,NASDAQ,RF Acquisition Corp III Units,Finance
RFI,NASDAQ,Cohen & Steers Total Return Realty Fund Inc. Common Stock,Finance
RFIL,NASDAQ,RF Industries Ltd. Common Stock,Technology
RFL,NASDAQ,Rafael Holdings Inc. Class B Common Stock,Finance
RFM,NASDAQ,RiverNorth Flexible Municipal Income Fund Inc. Common Stock,Finance
RFMZ,NASDAQ,RiverNorth Flexible Municipal Income Fund II Inc. Common Stock,Finance
RF^C,NASDAQ,Regions Financial Corporation Depositary Shares each Representing a 1/40th Interest in a  Share of 5.700% Fixed-to-Floating Rate Non-Cumulative  Perpetual Preferred Stock Series C,Unknown
RF^E,NASDAQ,Regions Financial Corporation Depositary Shares Each Representing a 1/40th Interest in a Share of 4.45% Non-Cumulative Perpetual Preferred Stock Series E,Unknown
RF^F,NASDAQ,Regions Financial Corporation Depositary Shares Each Representing a 1/40th Interest in a Share of Non-Cumulative Perpetual Preferred Stock Series F,Unknown
RGA,NASDAQ,Reinsurance Group of America Incorporated Common Stock,Finance
RGC,NASDAQ,Regencell Bioscience Holdings Limited Ordinary Shares,Health Care
RGCO,NASDAQ,RGC Resources Inc. Common Stock,Utilities
RGEN,NASDAQ,Repligen Corporation Common Stock,Health Care
RGLD,NASDAQ,Royal Gold Inc. Common Stock,Industrials
RGNT,NASDAQ,Regentis Biomaterials Ltd. Ordinary Shares,Health Care
RGNX,NASDAQ,REGENXBIO Inc. Common Stock,Health Care
RGP,NASDAQ,Resources Connection Inc. Common Stock,Real Estate
RGR,NASDAQ,Sturm Ruger & Company Inc. Common Stock,Industrials
RGS,NASDAQ,Regis Corporation Common Stock,Consumer Discretionary
RGT,NASDAQ,Royce Global Trust Inc. Common Stock,Finance
RGTI,NASDAQ,Rigetti Computing Inc. Common Stock,Technology
RGTIW,NASDAQ,Rigetti Computing Inc. Warrants,Technology
RH,NASDAQ,RH Common Stock,Consumer Discretionary
RHI,NASDAQ,Robert Half Inc. Common Stock,Consumer Discretionary
RHLD,NASDAQ,Resolute Holdings Management Common Stock,Finance
RHP,NASDAQ,Ryman Hospitality Properties Inc. (REIT),Real Estate
RIBB,NASDAQ,Ribbon Acquisition Corp Class A Ordinary Shares,Unknown
RICK,NASDAQ,RCI Hospitality Holdings Inc. Common Stock,Consumer Discretionary
RIG,NASDAQ,Transocean Ltd (Switzerland) Common Stock,Energy
RIGL,NASDAQ,Rigel Pharmaceuticals Inc. Common Stock,Health Care
RILY,NASDAQ,BRC Group Holdings Inc. Common Stock,Finance
RILYG,NASDAQ,BRC Group Holdings Inc. 5.00% Senior Notes due 2026,Finance
RILYK,NASDAQ,BRC Group Holdings Inc. 5.50% Senior Notes Due 2026,Finance
RILYL,NASDAQ,BRC Group Holdings Inc. Depositary Shares each representing 1/1000th in a share of 7.375% Series B Cumulative Perpetual Preferred Stock par value $0.0001,Finance
RILYN,NASDAQ,BRC Group Holdings Inc. 6.50% Senior Notes Due 2026,Finance
RILYP,NASDAQ,BRC Group Holdings Inc. Depositary Shares each representing a 1/1000th fractional interest in a share of Series A Cumulative Perpetual Preferred Stock,Finance
RILYT,NASDAQ,BRC Group Holdings Inc. 6.00% Senior Notes Due 2028,Finance
RILYZ,NASDAQ,BRC Group Holdings Inc. 5.25% Senior Notes due 2028,Finance
RIME,NASDAQ,Algorhythm Holdings Inc. Common Stock,Consumer Staples
RIO,NASDAQ,Rio Tinto Plc Common Stock,Basic Materials
RIOT,NASDAQ,Riot Platforms Inc. Common Stock,Finance
RITM,NASDAQ,Rithm Capital Corp. Common Stock,Real Estate
RITM$A,NYSE,,Unknown
RITM$B,NYSE,,Unknown
RITM$C,NYSE,,Unknown
RITM$D,NYSE,,Unknown
RITM$E,NYSE,,Unknown
RITM$F,NYSE,,Unknown
RITM^A,NASDAQ,Rithm Capital Corp. 7.50% Series A Fixed-to-Floating Rate Cumulative Redeemable Preferred Stock,Unknown
RITM^B,NASDAQ,Rithm Capital Corp. 7.125% Series B Fixed-to-Floating Rate Cumulative Redeemable Preferred Stock,Unknown
RITM^C,NASDAQ,Rithm Capital Corp. 6.375% Series C Fixed-to-Floating Rate Cumulative Redeemable Preferred Stock,Unknown
RITM^D,NASDAQ,Rithm Capital Corp. 7.00% Fixed-Rate Reset Series D Cumulative Redeemable Preferred Stock,Unknown
RITM^E,NASDAQ,Rithm Capital Corp. 8.75% Series E Fixed-Rate Cumulative Redeemable Preferred Stock,Unknown
RITM^F,NASDAQ,Rithm Capital Corp. 8.750% Series F Fixed-Rate Reset Cumulative Redeemable Preferred Stock,Unknown
RITR,NASDAQ,Reitar Logtech Holdings Limited Ordinary shares,Finance
RIV,NASDAQ,RiverNorth Opportunities Fund Inc. Common Stock,Finance
RIV$A,NYSE,,Unknown
RIVN,NASDAQ,Rivian Automotive Inc. Class A Common Stock,Industrials
RIV^A,NASDAQ,RiverNorth Opportunities Fund Inc. 6.00% Series A Perpetual Preferred Stock,Unknown
RJET,NASDAQ,Republic Airways Holdings Inc. Common Stock,Consumer Discretionary
RJF,NASDAQ,Raymond James Financial Inc. Common Stock,Finance
RKDA,NASDAQ,Arcadia Biosciences Inc. Common Stock,Consumer Staples
RKLB,NASDAQ,Rocket Lab Corporation Common Stock,Industrials
RKT,NASDAQ,Rocket Companies Inc. Class A Common Stock,Finance
RL,NASDAQ,Ralph Lauren Corporation Common Stock,Industrials
RLAY,NASDAQ,Relay Therapeutics Inc. Common Stock,Health Care
RLGT,NASDAQ,Radiant Logistics Inc. Common Stock,Industrials
RLI,NASDAQ,RLI Corp. Common Stock (DE),Finance
RLJ,NASDAQ,RLJ Lodging Trust Common Shares of Beneficial Interest $0.01 par value,Real Estate
RLJ$A,NYSE,,Unknown
RLJ^A,NASDAQ,RLJ Lodging Trust $1.95 Series A Cumulative Convertible  Preferred Shares,Unknown
RLMD,NASDAQ,Relmada Therapeutics Inc. Common Stock,Health Care
RLTY,NASDAQ,Cohen & Steers Real Estate Opportunities and Income Fund Common Shares of Beneficial Interest,Finance
RLX,NASDAQ,RLX Technology Inc. American Depositary Shares each representing the right to receive one (1) Class A ordinary share,Health Care
RLYB,NASDAQ,Rallybio Corporation Common Stock,Health Care
RM,NASDAQ,Regional Management Corp. Common Stock,Finance
RMAX,NASDAQ,RE/MAX Holdings Inc. Class A Common Stock,Finance
RMBI,NASDAQ,Richmond Mutual Bancorporation Inc. Common Stock,Finance
RMBS,NASDAQ,Rambus Inc. Common Stock,Technology
RMCF,NASDAQ,Rocky Mountain Chocolate Factory Inc. Common Stock,Consumer Staples
RMCO,NASDAQ,Royalty Management Holding Corporation Class A Common Stock,Miscellaneous
RMCOW,NASDAQ,Royalty Management Holding Corporation Warrant,Miscellaneous
RMD,NASDAQ,ResMed Inc. Common Stock,Health Care
RMI,NASDAQ,RiverNorth Opportunistic Municipal Income Fund Inc. Common Stock,Finance
RMM,NASDAQ,RiverNorth Managed Duration Municipal Income Fund Inc. Common Stock,Finance
RMMZ,NASDAQ,RiverNorth Managed Duration Municipal Income Fund II Inc. Common Stock,Finance
RMNI,NASDAQ,Rimini Street Inc. (DE) Common Stock,Real Estate
RMR,NASDAQ,The RMR Group Inc. Class A Common Stock,Consumer Discretionary
RMSG,NASDAQ,Real Messenger Corporation Ordinary Shares,Technology
RMSGW,NASDAQ,Real Messenger Corporation Warrants,Technology
RMT,NASDAQ,Royce Micro-Cap Trust Inc. Common Stock,Finance
RMTI,NASDAQ,Rockwell Medical Inc. Common Stock,Health Care
RNA,NASDAQ,Atrium Therapeutics Inc. Common Stock,Health Care
RNAC,NASDAQ,Cartesian Therapeutics Inc. Common Stock,Health Care
RNAZ,NASDAQ,TransCode Therapeutics Inc. Common Stock,Health Care
RNG,NASDAQ,RingCentral Inc. Class A Common Stock,Technology
RNGR,NASDAQ,Ranger Energy Services Inc. Class A Common Stock,Energy
RNGT,NASDAQ,Range Capital Acquisition Corp II Class A Ordinary Shares,Finance
RNGTW,NASDAQ,Range Capital Acquisition Corp II Warrants,Finance
RNP,NASDAQ,Cohen & Steers REIT and Preferred and Income Fund Inc. Common Shares,Finance
RNR,NASDAQ,RenaissanceRe Holdings Ltd. Common Stock,Finance
RNR$F,NYSE,,Unknown
RNR$G,NYSE,,Unknown
RNR^F,NASDAQ,RenaissanceRe Holdings Ltd. Depositary Shares each Representing a 1/1000th Interest in a 5.750% Series F Preference Share,Unknown
RNR^G,NASDAQ,RenaissanceRe Holdings Ltd. Depositary Shares each representing a 1/1000th interest in a share of 4.20% Series G Preference Shares,Unknown
RNST,NASDAQ,Renasant Corporation Common Stock,Finance
RNTX,NASDAQ,Rein Therapeutics Inc. Common Stock,Health Care
RNW,NASDAQ,ReNew Energy Global plc Class A Ordinary Shares,Utilities
RNWWW,NASDAQ,ReNew Energy Global plc Warrant,Utilities
RNXT,NASDAQ,RenovoRx Inc. Common Stock,Health Care
ROAD,NASDAQ,Construction Partners Inc. Class A Common Stock,Industrials
ROC,NASDAQ,Rank One Computing Corporation Common stock,Technology
ROCK,NASDAQ,Gibraltar Industries Inc. Common Stock,Industrials
ROG,NASDAQ,Rogers Corporation Common Stock,Industrials
ROIV,NASDAQ,Roivant Sciences Ltd. Common Shares,Health Care
ROK,NASDAQ,Rockwell Automation Inc. Common Stock,Industrials
ROKU,NASDAQ,Roku Inc. Class A Common Stock,Telecommunications
ROL,NASDAQ,Rollins Inc. Common Stock,Consumer Discretionary
ROLR,NASDAQ,High Roller Technologies Inc. Common Stock,Consumer Discretionary
ROMA,NASDAQ,Roma Green Finance Limited Class A Ordinary Shares,Consumer Discretionary
RONB,NYSE,,Unknown
ROOT,NASDAQ,Root Inc. Class A Common Stock,Finance
ROP,NASDAQ,Roper Technologies Inc. Common Stock,Technology
ROST,NASDAQ,Ross Stores Inc. Common Stock,Consumer Discretionary
RPAY,NASDAQ,Repay Holdings Corporation Class A Common Stock,Real Estate
RPC,NASDAQ,Ridgepost Capital Inc. Class A Common Stock,Finance
RPD,NASDAQ,Rapid7 Inc. Common Stock,Technology
RPGL,NASDAQ,Republic Power Group Limited Class A Ordinary Shares,Technology
RPID,NASDAQ,Rapid Micro Biosystems Inc. Class A Common Stock,Industrials
RPM,NASDAQ,RPM International Inc. Common Stock,Consumer Discretionary
RPRX,NASDAQ,Royalty Pharma plc Class A Ordinary Shares,Health Care
RPT,NASDAQ,Rithm Property Trust Inc. Common stock,Real Estate
RPT$C,NYSE,,Unknown
RPT^C,NASDAQ,Rithm Property Trust Inc. 9.875% Series C Fixed-to-Floating Rate Cumulative Redeemable Preferred Stock,Unknown
RQI,NASDAQ,Cohen & Steers Quality Income Realty Fund Inc Common Shares,Finance
RR,NASDAQ,Richtech Robotics Inc. Class B Common Stock,Industrials
RRBI,NASDAQ,Red River Bancshares Inc. Common Stock,Consumer Discretionary
RRC,NASDAQ,Range Resources Corporation Common Stock,Energy
RRGB,NASDAQ,Red Robin Gourmet Burgers Inc. Common Stock,Consumer Discretionary
RRR,NASDAQ,Red Rock Resorts Inc. Class A Common Stock,Consumer Discretionary
RRX,NASDAQ,Regal Rexnord Corporation Common Stock,Consumer Discretionary
RS,NASDAQ,Reliance Inc. Common Stock,Industrials
RSF,NASDAQ,RiverNorth Capital and Income Fund Common Stock,Finance
RSG,NASDAQ,Republic Services Inc. Common Stock,Utilities
RSI,NASDAQ,Rush Street Interactive Inc. Class A Common Stock,Consumer Discretionary
RSKD,NASDAQ,Riskified Ltd. Class A Ordinary Shares,Real Estate
RSSS,NASDAQ,Research Solutions Inc Common Stock,Technology
RSVR,NASDAQ,Reservoir Media Inc. Common Stock,Consumer Discretionary
RSVRW,NASDAQ,Reservoir Media Inc. Warrant,Consumer Discretionary
RTAC,NASDAQ,Renatus Tactical Acquisition Corp I Class A Ordinary Shares,Finance
RTACU,NASDAQ,Renatus Tactical Acquisition Corp I Unit,Finance
RTACW,NASDAQ,Renatus Tactical Acquisition Corp I Warrant,Finance
RTO,NASDAQ,Rentokil Initial plc American Depositary Shares (each representing five (5) Ordinary Shares),Consumer Discretionary
RTX,NASDAQ,RTX Corporation Common Stock,Industrials
RUBI,NASDAQ,Rubico Inc. Common Stock,Consumer Discretionary
RUM,NASDAQ,Rumble Inc. Class A Common Stock,Technology
RUMBW,NASDAQ,Rumble Inc. Warrant,Technology
RUN,NASDAQ,Sunrun Inc. Common Stock,Miscellaneous
RUSHA,NASDAQ,Rush Enterprises Inc. Common Stock Cl A,Consumer Discretionary
RUSHB,NASDAQ,Rush Enterprises Inc. Class B,Consumer Discretionary
RVI,NASDAQ,Robinhood Ventures Fund I Common Shares of Beneficial Interest,Unknown
RVLV,NASDAQ,Revolve Group Inc. Class A Common Stock,Consumer Discretionary
RVMD,NASDAQ,Revolution Medicines Inc. Common Stock,Health Care
RVMDW,NASDAQ,Revolution Medicines Inc. Warrant,Health Care
RVP,NASDAQ,Retractable Technologies Inc. Common Stock,Health Care
RVPH,NASDAQ,Reviva Pharmaceuticals Holdings Inc. Common Stock,Health Care
RVSB,NASDAQ,Riverview Bancorp Inc Common Stock,Finance
RVSN,NASDAQ,Rail Vision Ltd. Ordinary Share,Industrials
RVSNW,NASDAQ,Rail Vision Ltd. Warrant,Industrials
RVT,NASDAQ,Royce Small-Cap Trust Inc. Common Stock,Finance
RVTY,NASDAQ,Revvity Inc. Common Stock,Industrials
RVYL,NASDAQ,Ryvyl Inc. Common Stock,Consumer Discretionary
RWAY,NASDAQ,Runway Growth Finance Corp. Common Stock,Finance
RWAYI,NASDAQ,Runway Growth Finance Corp. 7.25% Notes due 2031,Finance
RWAYL,NASDAQ,Runway Growth Finance Corp. 7.50% Notes due 2027,Finance
RWT,NASDAQ,Redwood Trust Inc. Common Stock,Real Estate
RWT$A,NYSE,,Unknown
RWTN,NASDAQ,Redwood Trust Inc. 9.125% Senior Notes Due 2029,Real Estate
RWTO,NASDAQ,Redwood Trust Inc. 9.00% Senior Notes Due 2029,Real Estate
RWTP,NASDAQ,Redwood Trust Inc. 9.125% Senior Notes Due 2030,Real Estate
RWTQ,NASDAQ,Redwood Trust Inc. 9.500% Senior Notes Due 2030,Real Estate
RWT^A,NASDAQ,Redwood Trust Inc. 10.00% Series A Fixed-Rate Reset Cumulative Redeemable Preferred Stock,Unknown
RXO,NASDAQ,RXO Inc. Common Stock,Consumer Discretionary
RXRX,NASDAQ,Recursion Pharmaceuticals Inc. Class A Common Stock,Health Care
RXST,NASDAQ,RxSight Inc. Common Stock,Health Care
RXT,NASDAQ,Rackspace Technology Inc. Common Stock,Technology
RY,NASDAQ,Royal Bank Of Canada Common Stock,Finance
RYAAY,NASDAQ,Ryanair Holdings plc American Depositary Shares,Consumer Discretionary
RYAM,NASDAQ,Rayonier Advanced Materials Inc. Common Stock,Basic Materials
RYAN,NASDAQ,Ryan Specialty Holdings Inc. Class A Common Stock,Finance
RYDE,NASDAQ,Ryde Group Ltd. Class A Ordinary Shares,Real Estate
RYET,NASDAQ,Ruanyun Edai Technology Inc. Ordinary shares,Technology
RYM,NASDAQ,RYTHM Inc. Common Stock,Consumer Staples
RYN,NASDAQ,Rayonier Inc. REIT Common Stock,Real Estate
RYOJ,NASDAQ,rYojbaba Co. Ltd. Common Shares,Consumer Discretionary
RYTM,NASDAQ,Rhythm Pharmaceuticals Inc. Common Stock,Health Care
RYZ,NASDAQ,Ryerson Holding Corporation Common Stock,Industrials
RZB,NASDAQ,Reinsurance Group of America Incorporated 5.75% Fixed-To-Floating Rate Subordinated Debentures due 2056,Finance
RZC,NASDAQ,Reinsurance Group of America Incorporated 7.125% Fixed-Rate Reset Subordinated Debentures due 2052,Finance
RZLT,NASDAQ,Rezolute Inc. Common Stock (NV),Health Care
RZLV,NASDAQ,Rezolve AI PLC Ordinary Shares,Technology
RZLVW,NASDAQ,Rezolve AI PLC Warrants,Technology
S,NASDAQ,SentinelOne Inc. Class A Common Stock,Technology
SA,NASDAQ,Seabridge Gold Inc. Ordinary Shares (Canada),Basic Materials
SAAQU,NASDAQ,Space Asset Acquisition Corp. Units,Finance
SABA,NASDAQ,Saba Capital Income & Opportunities Fund II Shares of Beneficial Interest,Unknown
SABR,NASDAQ,Sabre Corporation Common Stock,Technology
SABS,NASDAQ,SAB Biotherapeutics Inc. Common Stock,Health Care
SABSW,NASDAQ,SAB Biotherapeutics Inc. Warrant,Health Care
SAC,NASDAQ,Safeguard Acquisition Corp. Class A Ordinary Shares,Finance
SACH,NASDAQ,Sachem Capital Corp. Common Shares,Real Estate
SACH^A,NASDAQ,Sachem Capital Corp. 7.75% Series A Cumulative Redeemable Preferred Stock,Unknown
SAFE,NASDAQ,Safehold Inc. New Common Stock,Real Estate
SAFT,NASDAQ,Safety Insurance Group Inc. Common Stock,Finance
SAFX,NASDAQ,XCF Global Inc. Class A Common Stock,Industrials
SAGT,NASDAQ,SAGTEC GLOBAL LIMITED Class A Ordinary shares,Technology
SAH,NASDAQ,Sonic Automotive Inc. Common Stock,Consumer Discretionary
SAIA,NASDAQ,Saia Inc. Common Stock,Industrials
SAIC,NASDAQ,Science Applications International Corporation Common Stock,Technology
SAIH,NASDAQ,SAIHEAT Limited Class A Ordinary Shares,Technology
SAIL,NASDAQ,SailPoint Inc. Common Stock,Technology
SAJ,NASDAQ,Saratoga Investment Corp 8.00% Notes due 2027,Finance
SAM,NASDAQ,Boston Beer Company Inc. (The) Common Stock,Consumer Staples
SAMG,NASDAQ,Silvercrest Asset Management Group Inc. Class A Common Stock,Finance
SAN,NASDAQ,Banco Santander S.A. Sponsored ADR (Spain),Finance
SANA,NASDAQ,Sana Biotechnology Inc. Common Stock,Health Care
SANG,NASDAQ,Sangoma Technologies Corporation Common Shares,Technology
SANM,NASDAQ,Sanmina Corporation Common Stock,Technology
SAP,NASDAQ,SAP  SE ADS,Technology
SAR,NASDAQ,Saratoga Investment Corp New,Finance
SARO,NASDAQ,StandardAero Inc. Common Stock,Industrials
SAT,NASDAQ,Saratoga Investment Corp 6.00% Notes due 2027,Finance
SATA,NASDAQ,Strive Inc. Variable Rate Series A Perpetual Preferred Stock,Unknown
SATL,NASDAQ,Satellogic Inc. Class A Common Stock,Technology
SATLW,NASDAQ,Satellogic Inc. Warrant,Technology
SATS,NASDAQ,EchoStar  Corporation Common Stock,Consumer Discretionary
SAV,NASDAQ,Saratoga Investment Corp 7.50% Notes due 2031,Finance
SAY,NASDAQ,Saratoga Investment Corp 8.125% Notes due 2027,Finance
SAZ,NASDAQ,Saratoga Investment Corp 8.50% Notes due 2028,Finance
SB,NASDAQ,Safe Bulkers Inc Common Stock ($0.001 par value),Consumer Discretionary
SB$C,NYSE,,Unknown
SB$D,NYSE,,Unknown
SBAC,NASDAQ,SBA Communications Corporation Class A Common Stock,Real Estate
SBC,NASDAQ,SBC Medical Group Holdings Incorporated Common Stock,Health Care
SBCF,NASDAQ,Seacoast Banking Corporation of Florida Common Stock,Finance
SBCWW,NASDAQ,SBC Medical Group Holdings Incorporated Warrants,Health Care
SBDS,NASDAQ,Solo Brands Inc. Class A Common Stock,Consumer Discretionary
SBET,NASDAQ,Sharplink Inc. Common Stock,Technology
SBEV,NASDAQ,Splash Beverage Group Inc. (NV) Common Stock,Consumer Staples
SBFG,NASDAQ,SB Financial Group Inc. Common Stock,Finance
SBFM,NASDAQ,Sunshine Biopharma Inc. Common Stock,Health Care
SBFMW,NASDAQ,Sunshine Biopharma Inc. Warrant,Health Care
SBGI,NASDAQ,Sinclair Inc. Class A Common Stock,Industrials
SBH,NASDAQ,Sally Beauty Holdings Inc. (Name to be changed from Sally Holdings Inc.) Common Stock,Consumer Discretionary
SBI,NASDAQ,Western Asset Intermediate Muni Fund Inc Common Stock,Finance
SBLK,NASDAQ,Star Bulk Carriers Corp. Common Shares,Consumer Discretionary
SBLX,NASDAQ,StableX Technologies Inc. Common Stock,Consumer Discretionary
SBR,NASDAQ,Sabine Royalty Trust Common Stock,Energy
SBRA,NASDAQ,Sabra Health Care REIT Inc. Common Stock,Real Estate
SBS,NASDAQ,Companhia de saneamento Basico Do Estado De Sao Paulo - Sabesp American Depositary Shares (Each repstg 250 Common Shares),Utilities
SBSI,NASDAQ,Southside Bancshares Inc. Common Stock,Finance
SBSW,NASDAQ,D/B/A Sibanye-Stillwater Limited ADS,Basic Materials
SBUX,NASDAQ,Starbucks Corporation Common Stock,Consumer Discretionary
SBXD,NASDAQ,SilverBox Corp IV Class A Ordinary Shares,Unknown
SBXE,NYSE,,Unknown
SB^C,NASDAQ,Safe Bulkers Inc Cumulative Redeemable Perpetual Preferred Series C (Marshall Islands),Unknown
SB^D,NASDAQ,Safe Bulkers Inc Perpetual Preferred Series D (Marshall Islands),Unknown
SCAG,NASDAQ,Scage Future American Depositary Shares,Consumer Discretionary
SCAGW,NASDAQ,Scage Future Warrants,Consumer Discretionary
SCCD,NASDAQ,Sachem Capital Corp. 6.00% Notes due 2026,Real Estate
SCCE,NASDAQ,Sachem Capital Corp. 6.00% Notes due 2027,Real Estate
SCCF,NASDAQ,Sachem Capital Corp. 7.125% Notes due 2027,Real Estate
SCCG,NASDAQ,Sachem Capital Corp. 8.00% Notes due 2027,Real Estate
SCCO,NASDAQ,Southern Copper Corporation Common Stock,Basic Materials
SCD,NASDAQ,LMP Capital and Income Fund Inc. Common Stock,Finance
SCE$G,NYSE,,Unknown
SCE$K,NYSE,,Unknown
SCE$L,NYSE,,Unknown
SCE$M,NYSE,,Unknown
SCE$N,NYSE,,Unknown
SCE^G,NASDAQ,SCE Trust II Trust Preferred Securities,Unknown
SCE^K,NASDAQ,Southern California Edison Company 5.45% Fixed-to-Floating Rate Trust Preference Securities,Unknown
SCE^L,NASDAQ,SCE TRUST VI,Unknown
SCE^M,NASDAQ,SCE Trust VII 7.50% Trust Preference Securities,Unknown
SCE^N,NASDAQ,SCE Trust VIII 6.95% Trust Preference Securities,Unknown
SCHL,NASDAQ,Scholastic Corporation Common Stock,Consumer Discretionary
SCHW,NASDAQ,Charles Schwab Corporation (The) Common Stock,Finance
SCHW$D,NYSE,,Unknown
SCHW$J,NYSE,,Unknown
SCHW^D,NASDAQ,The Charles Schwab Corporation Depositary Shares each representing 1/40th interest in a share of 5.95% Non-Cumulative Perpetual Preferred Stock Series D,Unknown
SCHW^J,NASDAQ,The Charles Schwab Corporation Depositary Shares Each Representing a 1/40th Interest in a Share of 4.450% Non-Cumulative Perpetual Preferred Stock Series J,Unknown
SCI,NASDAQ,Service Corporation International Common Stock,Consumer Discretionary
SCII,NASDAQ,SC II Acquisition Corp. Class A ordinary share,Unknown
SCIIR,NASDAQ,SC II Acquisition Corp. Rights,Unknown
SCIIU,NASDAQ,SC II Acquisition Corp. Units,Unknown
SCKT,NASDAQ,Socket Mobile Inc. Common Stock,Technology
SCL,NASDAQ,Stepan Company Common Stock,Consumer Discretionary
SCLX,NASDAQ,Scilex Holding Company Common Stock,Health Care
SCLXW,NASDAQ,Scilex Holding Company Warrant,Health Care
SCM,NASDAQ,Stellus Capital Investment Corporation Common Stock,Finance
SCNI,NASDAQ,Scinai Immunotherapeutics Ltd. American Depositary Shares,Health Care
SCNX,NASDAQ,Scienture Holdings Inc. Common Stock,Health Care
SCOR,NASDAQ,comScore Inc. Common Stock,Real Estate
SCPQ,NASDAQ,Social Commerce Partners Corporation Class A Ordinary Shares,Unknown
SCPQU,NASDAQ,Social Commerce Partners Corporation Unit,Unknown
SCSC,NASDAQ,ScanSource Inc. Common Stock,Technology
SCVL,NASDAQ,Shoe Carnival Inc. Common Stock,Consumer Discretionary
SCWO,NASDAQ,374Water Inc. Common Stock,Consumer Discretionary
SCYX,NASDAQ,SCYNEXIS Inc. Common Stock,Health Care
SCZM,NASDAQ,Santacruz Silver Mining Ltd. Common Shares,Unknown
SD,NASDAQ,SandRidge Energy Inc. Common Stock,Energy
SDA,NASDAQ,SunCar Technology Group Inc. Class A Ordinary Shares,Consumer Discretionary
SDAWW,NASDAQ,SunCar Technology Group Inc. Warrant,Consumer Discretionary
SDGR,NASDAQ,Schrodinger Inc. Common Stock,Health Care
SDHC,NASDAQ,Smith Douglas Homes Corp. Class A Common Stock,Consumer Discretionary
SDHI,NASDAQ,Siddhi Acquisition Corp Class A Common stock,Finance
SDHIU,NASDAQ,Siddhi Acquisition Corp Unit,Finance
SDHY,NASDAQ,PGIM Short Duration High Yield Opportunities Fund Common Shares,Finance
SDOT,NASDAQ,Sadot Group Inc. Common Stock,Consumer Discretionary
SDRL,NASDAQ,Seadrill Limited Common Shares,Energy
SDST,NASDAQ,Stardust Power Inc. Common Stock,Industrials
SDSTW,NASDAQ,Stardust Power Inc. Warrant,Industrials
SE,NASDAQ,Sea Limited American Depositary Shares each representing one Class A Ordinary Share,Consumer Discretionary
SEAL$A,NYSE,,Unknown
SEAL$B,NYSE,,Unknown
SEAL^A,NASDAQ,Seapeak LLC 9.00% Series A Cumulative Redeemable Perpetual Preferred Units,Unknown
SEAL^B,NASDAQ,Seapeak LLC 8.50% Series B Fixed-to-Floating Rate Cumulative Redeemable Perpetual Preferred Units,Unknown
SEAT,NASDAQ,Vivid Seats Inc. Class A Common Stock,Consumer Discretionary
SEATW,NASDAQ,Vivid Seats Inc. Warrant,Consumer Discretionary
SEB,NASDAQ,Seaboard Corporation Common Stock,Industrials
SEDG,NASDAQ,SolarEdge Technologies Inc. Common Stock,Technology
SEE,NASDAQ,Sealed Air Corporation Common Stock,Industrials
SEED,NASDAQ,Origin Agritech Limited Common Stock,Consumer Staples
SEER,NASDAQ,Seer Inc. Class A Common Stock,Industrials
SEG,NASDAQ,Seaport Entertainment Group Inc. Common Stock,Consumer Discretionary
SEGG,NASDAQ,Sports Entertainment Gaming Global Corporation Common Stock,Technology
SEI,NASDAQ,Solaris Energy Infrastructure Inc. Class A Common Stock,Consumer Discretionary
SEIC,NASDAQ,SEI Investments Company Common Stock,Finance
SELF,NASDAQ,Global Self Storage Inc. Common Stock,Real Estate
SELX,NASDAQ,Semilux International Ltd. Ordinary Shares,Technology
SEM,NASDAQ,Select Medical Holdings Corporation Common Stock,Health Care
SEMR,NASDAQ,SEMrush Holdings Inc. Class A Common Stock,Technology
SENEA,NASDAQ,Seneca Foods Corp. Class A Common Stock,Consumer Staples
SENEB,NASDAQ,Seneca Foods Corp. Class B Common Stock,Consumer Staples
SENS,NASDAQ,Senseonics Holdings Inc. Common Stock,Health Care
SEPN,NASDAQ,Septerna Inc. Common Stock,Health Care
SER,NASDAQ,Serina Therapeutics Inc. Common Stock,Health Care
SERA,NASDAQ,Sera Prognostics Inc. Class A Common Stock,Health Care
SERV,NASDAQ,Serve Robotics Inc. Common Stock,Consumer Discretionary
SES,NASDAQ,SES AI Corporation Class A Common Stock,Miscellaneous
SEV,NASDAQ,Aptera Motors Corp. Class B Common Stock,Industrials
SEVN,NASDAQ,Seven Hills Realty Trust Common Stock,Real Estate
SEZL,NASDAQ,Sezzle Inc. Common Stock,Finance
SF,NASDAQ,Stifel Financial Corporation Common Stock,Finance
SF$B,NYSE,,Unknown
SF$C,NYSE,,Unknown
SF$D,NYSE,,Unknown
SFB,NASDAQ,Stifel Financial Corporation 5.20% Senior Notes due 2047,Finance
SFBC,NASDAQ,Sound Financial Bancorp Inc. Common Stock,Finance
SFBS,NASDAQ,ServisFirst Bancshares Inc. Common Stock,Finance
SFD,NASDAQ,Smithfield Foods Inc. Common Stock,Consumer Staples
SFHG,NASDAQ,Samfine Creation Holdings Group Limited Class A Ordinary Share,Consumer Discretionary
SFIX,NASDAQ,Stitch Fix Inc. Class A Common Stock,Consumer Discretionary
SFL,NASDAQ,SFL Corporation Ltd,Consumer Discretionary
SFM,NASDAQ,Sprouts Farmers Market Inc. Common Stock,Consumer Staples
SFNC,NASDAQ,Simmons First National Corporation Class A Common Stock,Finance
SFST,NASDAQ,Southern First Bancshares Inc. Common Stock,Finance
SFWL,NASDAQ,Shengfeng Development Limited Class A Ordinary Shares,Industrials
SF^B,NASDAQ,Stifel Financial Corporation Depositary Shares Each Representing 1/1000th  Interest in a Share of 6.25% Non-Cumulative  Preferred Stock Series B,Unknown
SF^C,NASDAQ,Stifel Financial Corporation Depositary Shares Each Representing 1/1000th Interest in a Share of 6.125% Non Cumulative Preferred Stock Series C,Unknown
SF^D,NASDAQ,Stifel Financial Corporation Depositary Shares Each Representing 1/1000th Interest in a Share of 4.50% Non-Cumulative Preferred Stock Series D,Unknown
SG,NASDAQ,Sweetgreen Inc. Class A Common Stock,Consumer Discretionary
SGA,NASDAQ,Saga Communications Inc. Class A Common Stock (FL),Consumer Discretionary
SGC,NASDAQ,Superior Group of Companies Inc. Common Stock,Consumer Discretionary
SGHC,NASDAQ,Super Group (SGHC) Limited Ordinary Shares,Consumer Discretionary
SGHT,NASDAQ,Sight Sciences Inc. Common Stock,Health Care
SGI,NASDAQ,Somnigroup International Inc. Common Stock,Consumer Discretionary
SGLY,NASDAQ,Singularity Future Technology Ltd. Common Stock,Industrials
SGML,NASDAQ,Sigma Lithium Corporation Common Shares,Basic Materials
SGMO,NASDAQ,Sangamo Therapeutics Inc. Common Stock,Health Care
SGMT,NASDAQ,Sagimet Biosciences Inc. Series A Common Stock,Health Care
SGN,NASDAQ,Signing Day Sports Inc. Common Stock,Technology
SGOV,NYSE,,Unknown
SGP,NASDAQ,SpyGlass Pharma Inc. Common Stock,Health Care
SGRP,NASDAQ,SPAR Group Inc. Common Stock,Real Estate
SGRY,NASDAQ,Surgery Partners Inc. Common Stock,Health Care
SGU,NASDAQ,Star Group L.P. Common Stock,Consumer Discretionary
SHAK,NASDAQ,Shake Shack Inc. Class A Common Stock,Consumer Discretionary
SHAZ,NASDAQ,SharonAI Holdings Inc. Class A Common Stock,Technology
SHBI,NASDAQ,Shore Bancshares Inc Common Stock,Finance
SHC,NASDAQ,Sotera Health Company Common Stock,Health Care
SHEL,NASDAQ,Shell PLC American Depositary Shares (each representing two (2) Ordinary Shares),Energy
SHEN,NASDAQ,Shenandoah Telecommunications Co Common Stock,Telecommunications
SHFS,NASDAQ,SHF Holdings Inc. Class A Common Stock,Finance
SHFSW,NASDAQ,SHF Holdings Inc. Warrants,Finance
SHG,NASDAQ,Shinhan Financial Group Co Ltd American Depositary Shares,Finance
SHIM,NASDAQ,Shimmick Corporation Common Stock,Industrials
SHIP,NASDAQ,Seanergy Maritime Holdings Corp. Common Stock,Consumer Discretionary
SHLS,NASDAQ,Shoals Technologies Group Inc. Class A Common Stock,Technology
SHMD,NASDAQ,SCHMID Group N.V. Class A Ordinary Shares,Technology
SHMDW,NASDAQ,SCHMID Group N.V. Warrants,Technology
SHO,NASDAQ,Sunstone Hotel Investors Inc. Sunstone Hotel Investors Inc. Common Shares,Consumer Discretionary
SHO$H,NYSE,,Unknown
SHO$I,NYSE,,Unknown
SHOC,NYSE,,Unknown
SHOO,NASDAQ,Steven Madden Ltd. Common Stock,Consumer Discretionary
SHOP,NASDAQ,Shopify Inc. Class A Subordinate Voting Shares,Technology
SHO^H,NASDAQ,Sunstone Hotel Investors Inc. 6.125% Series H Cumulative Redeemable Preferred Stock,Unknown
SHO^I,NASDAQ,Sunstone Hotel Investors Inc. 5.70% Series I Cumulative Redeemable Preferred Stock,Unknown
SHPH,NASDAQ,Shuttle Pharmaceuticals Holdings Inc. Common Stock,Health Care
SHV,NYSE,,Unknown
SHW,NASDAQ,Sherwin-Williams Company (The) Common Stock,Consumer Discretionary
SI,NASDAQ,Shoulder Innovations Inc. Common Stock,Health Care
SIBN,NASDAQ,SI-BONE Inc. Common Stock,Health Care
SID,NASDAQ,Companhia Siderurgica Nacional S.A. Common Stock,Industrials
SIDU,NASDAQ,Sidus Space Inc. Class A Common Stock,Telecommunications
SIEB,NASDAQ,Siebert Financial Corp. Common Stock,Finance
SIF,NASDAQ,SIFCO Industries Inc. Common Stock,Industrials
SIFY,NASDAQ,Sify Technologies Limited American Depositary Shares,Technology
SIG,NASDAQ,Signet Jewelers Limited Common Shares,Consumer Discretionary
SIGA,NASDAQ,SIGA Technologies Inc. Common Stock,Health Care
SIGI,NASDAQ,Selective Insurance Group Inc. Common Stock,Finance
SIGIP,NASDAQ,Selective Insurance Group Inc. Depositary Shares each representing a 1/1000th interest in a share of 4.60% Non-Cumulative Preferred Stock Series B,Finance
SII,NASDAQ,Sprott Inc. Common Shares,Finance
SILA,NASDAQ,Sila Realty Trust Inc. Common Stock,Real Estate
SILC,NASDAQ,Silicom Ltd Ordinary Shares,Telecommunications
SILO,NASDAQ,Silo Pharma Inc. Common Stock,Consumer Discretionary
SIM,NASDAQ,Grupo Simec S.A.B. de C.V. American Depositary Shares,Industrials
SIMA,NASDAQ,SIM Acquisition Corp. I Class A Ordinary Shares,Miscellaneous
SIMAW,NASDAQ,SIM Acquisition Corp. I Warrant,Finance
SIMO,NASDAQ,Silicon Motion Technology Corporation American Depositary Shares,Technology
SINT,NASDAQ,SiNtx Technologies Inc. Common Stock,Health Care
SION,NASDAQ,Sionna Therapeutics Inc. Common Stock,Health Care
SIRI,NASDAQ,SiriusXM Holdings Inc. Common Stock,Consumer Discretionary
SITC,NASDAQ,SITE Centers Corp. Common Stock,Real Estate
SITE,NASDAQ,SiteOne Landscape Supply Inc. Common Stock,Consumer Discretionary
SITM,NASDAQ,SiTime Corporation Common Stock,Technology
SJ,NASDAQ,Scienjoy Holding Corporation Class A Ordinary Shares,Technology
SJM,NASDAQ,The J.M. Smucker Company Common Stock,Consumer Staples
SJT,NASDAQ,San Juan Basin Royalty Trust Common Stock,Energy
SKBL,NASDAQ,Skyline Builders Group Holding Limited Class A Ordinary Shares,Consumer Discretionary
SKE,NASDAQ,Skeena Resources Limited Common Shares,Basic Materials
SKIL,NASDAQ,Skillsoft Corp. Class A Common Stock,Technology
SKIN,NASDAQ,The Beauty Health Company Class A Common Stock,Health Care
SKK,NASDAQ,SKK Holdings Limited Class A Ordinary Shares,Industrials
SKLZ,NASDAQ,Skillz Inc. Class A Common Stock,Technology
SKM,NASDAQ,SK Telecom Co. Ltd. Common Stock,Telecommunications
SKT,NASDAQ,Tanger Inc. Common Stock,Real Estate
SKWD,NASDAQ,Skyward Specialty Insurance Group Inc. Common Stock,Finance
SKY,NASDAQ,Champion Homes Inc. Common Stock,Consumer Discretionary
SKYE,NASDAQ,Skye Bioscience Inc. Common Stock,Health Care
SKYH,NASDAQ,Sky Harbour Group Corporation Class A Common Stock,Finance
SKYQ,NASDAQ,Sky Quarry Inc. Common Stock,Industrials
SKYT,NASDAQ,SkyWater Technology Inc. Common Stock,Technology
SKYW,NASDAQ,SkyWest Inc. Common Stock,Consumer Discretionary
SKYX,NASDAQ,SKYX Platforms Corp. Common Stock,Consumer Discretionary
SLAB,NASDAQ,Silicon Laboratories Inc. Common Stock,Technology
SLAI,NASDAQ,SOLAI Limited American Depositary Shares (each representing one hundred (100) Class A Ordinary Shares),Technology
SLB,NASDAQ,SLB Limited Common Shares,Energy
SLDB,NASDAQ,Solid Biosciences Inc. Common Stock,Health Care
SLDE,NASDAQ,Slide Insurance Holdings Inc. Common Stock,Finance
SLDP,NASDAQ,Solid Power Inc. Class A Common Stock,Miscellaneous
SLDPW,NASDAQ,Solid Power Inc. Warrant,Miscellaneous
SLE,NASDAQ,Super League Enterprise Inc. Common Stock,Consumer Discretionary
SLF,NASDAQ,Sun Life Financial Inc. Common Stock,Finance
SLG,NASDAQ,SL Green Realty Corp Common Stock,Real Estate
SLG$I,NYSE,,Unknown
SLGB,NASDAQ,Smart Logistics Global Limited Ordinary Shares,Industrials
SLGL,NASDAQ,Sol-Gel Technologies Ltd. Ordinary Shares,Health Care
SLGN,NASDAQ,Silgan Holdings Inc. Common Stock,Industrials
SLG^I,NASDAQ,SL Green Realty Corporation Preferred Series I,Unknown
SLI,NASDAQ,Standard Lithium Ltd. Common Shares,Industrials
SLM,NASDAQ,SLM Corporation Common Stock,Finance
SLMBP,NASDAQ,SLM Corporation Floating Rate Non-Cumulative Preferred Stock Series B,Finance
SLMT,NASDAQ,Brera Holdings PLC Class B Ordinary Shares,Consumer Discretionary
SLN,NASDAQ,Silence Therapeutics Plc American Depository Share,Health Care
SLND,NASDAQ,Southland Holdings Inc. Common Stock,Industrials
SLNG,NASDAQ,Stabilis Solutions Inc. Common Stock,Utilities
SLNH,NASDAQ,Soluna Holdings Inc. Common Stock,Technology
SLNHP,NASDAQ,Soluna Holdings Inc 9.0% Series A Cumulative Perpetual Preferred Stock,Technology
SLNO,NASDAQ,Soleno Therapeutics Inc. Common Stock,Health Care
SLNZ,NYSE,,Unknown
SLP,NASDAQ,Simulations Plus Inc. Common Stock,Technology
SLQT,NASDAQ,SelectQuote Inc. Common Stock,Finance
SLRC,NASDAQ,SLR Investment Corp. Common Stock,Finance
SLS,NASDAQ,SELLAS Life Sciences Group Inc. Common Stock,Health Care
SLSN,NASDAQ,Solesence Inc. Common Stock,Consumer Discretionary
SLSR,NASDAQ,Solaris Resources Inc. Common Shares,Unknown
SLVM,NASDAQ,Sylvamo Corporation Common Stock,Basic Materials
SLXN,NASDAQ,Silexion Therapeutics Corp Ordinary Shares,Health Care
SLXNW,NASDAQ,Silexion Therapeutics Corp Warrant,Health Care
SM,NASDAQ,SM Energy Company Common Stock,Energy
SMA,NASDAQ,SmartStop Self Storage REIT Inc. Common Stock,Real Estate
SMBC,NASDAQ,Southern Missouri Bancorp Inc. Common Stock,Finance
SMBK,NASDAQ,SmartFinancial Inc. Common Stock,Finance
SMC,NASDAQ,Summit Midstream Corporation Common Stock,Utilities
SMCI,NASDAQ,Super Micro Computer Inc. Common Stock,Technology
SMFG,NASDAQ,Sumitomo Mitsui Financial Group Inc Unsponsored American Depositary Shares (Japan),Finance
SMG,NASDAQ,Scotts Miracle-Gro Company (The) Common Stock,Industrials
SMHI,NASDAQ,SEACOR Marine Holdings Inc. Common Stock,Consumer Discretionary
SMID,NASDAQ,Smith-Midland Corporation Common Stock,Industrials
SMJF,NASDAQ,SMJ International Holdings Inc. Class A Ordinary Shares,Consumer Discretionary
SMMT,NASDAQ,Summit Therapeutics Inc. Common Stock,Health Care
SMP,NASDAQ,Standard Motor Products Inc. Common Stock,Consumer Discretionary
SMPL,NASDAQ,The Simply Good Foods Company Common Stock,Consumer Staples
SMR,NASDAQ,NuScale Power Corporation Class A Common Stock,Industrials
SMRT,NASDAQ,SmartRent Inc. Class A Common Stock,Technology
SMSI,NASDAQ,Smith Micro Software Inc. Common Stock,Technology
SMTC,NASDAQ,Semtech Corporation Common Stock,Technology
SMTI,NASDAQ,Sanara MedTech Inc. Common Stock,Health Care
SMTK,NASDAQ,SmartKem Inc. Common Stock,Technology
SMWB,NASDAQ,Similarweb Ltd. Ordinary Shares,Technology
SMX,NASDAQ,SMX (Security Matters) Public Limited Company Ordinary Shares,Technology
SMXT,NASDAQ,Solarmax Technology Inc. Common Stock,Consumer Discretionary
SMXWW,NASDAQ,SMX (Security Matters) Public Limited Company Warrant,Technology
SN,NASDAQ,SharkNinja Inc. Ordinary Shares,Consumer Discretionary
SNA,NASDAQ,Snap-On Incorporated Common Stock,Consumer Discretionary
SNAL,NASDAQ,Snail Inc. Class A Common Stock,Technology
SNAP,NASDAQ,Snap Inc. Class A Common Stock,Technology
SNBR,NASDAQ,Sleep Number Corporation Common Stock,Consumer Discretionary
SNCY,NASDAQ,Sun Country Airlines Holdings Inc. Common Stock,Consumer Discretionary
SND,NASDAQ,Smart Sand Inc. Common Stock,Industrials
SNDA,NASDAQ,Sonida Senior Living Inc. Common Stock,Health Care
SNDK,NASDAQ,Sandisk Corporation Common Stock,Technology
SNDL,NASDAQ,SNDL Inc. Common Shares,Health Care
SNDR,NASDAQ,Schneider National Inc. Common Stock,Industrials
SNDX,NASDAQ,Syndax Pharmaceuticals Inc. Common Stock,Health Care
SNES,NASDAQ,SenesTech Inc. Common Stock,Industrials
SNEX,NASDAQ,StoneX Group Inc. Common Stock,Finance
SNFCA,NASDAQ,Security National Financial Corporation Class A Common Stock,Finance
SNGX,NASDAQ,Soligenix Inc. Common Stock,Health Care
SNN,NASDAQ,Smith & Nephew SNATS Inc. Common Stock,Health Care
SNOA,NASDAQ,Sonoma Pharmaceuticals Inc. Common Stock,Health Care
SNOW,NASDAQ,Snowflake Inc. Common Stock,Technology
SNPS,NASDAQ,Synopsys Inc. Common Stock,Technology
SNSE,NASDAQ,Sensei Biotherapeutics Inc. Common Stock,Health Care
SNT,NASDAQ,Senstar Technologies Corporation Common Shares,Telecommunications
SNTG,NASDAQ,Sentage Holdings Inc. Class A Ordinary Shares,Finance
SNTI,NASDAQ,Senti Biosciences Inc. Common Stock,Health Care
SNWV,NASDAQ,SANUWAVE Health Inc. Common Stock,Health Care
SNX,NASDAQ,TD SYNNEX Corporation Common Stock,Technology
SNY,NASDAQ,Sanofi ADS,Health Care
SNYR,NASDAQ,Synergy CHC Corp. Common Stock,Health Care
SO,NASDAQ,Southern Company (The) Common Stock,Utilities
SOAR,NASDAQ,Volato Group Inc. Class A Common Stock,Consumer Discretionary
SOBO,NASDAQ,South Bow Corporation Common Shares,Energy
SOBR,NASDAQ,SOBR Safe Inc. Common Stock,Consumer Discretionary
SOC,NASDAQ,Sable Offshore Corp. Common Stock,Energy
SOCA,NASDAQ,Solarius Capital Acquisition Corp. Class A Ordinary Share,Unknown
SOCAW,NASDAQ,Solarius Capital Acquisition Corp. Warrant,Unknown
SOFI,NASDAQ,SoFi Technologies Inc. Common Stock,Finance
SOGP,NASDAQ,Sound Group Inc. American Depositary Shares,Technology
SOHOB,NASDAQ,Sotherly Hotels Inc. 8.0% Series B Cumulative Redeemable Perpetual Preferred Stock,Real Estate
SOHON,NASDAQ,Sotherly Hotels Inc. 8.25% Series D Cumulative Redeemable Perpetual Preferred Stock,Real Estate
SOHOO,NASDAQ,Sotherly Hotels Inc. 7.875% Series C Cumulative Redeemable Perpetual Preferred Stock,Real Estate
SOHU,NASDAQ,Sohu.com Limited American Depositary Shares,Technology
SOJC,NASDAQ,Southern Company (The) Series 2017B 5.25% Junior Subordinated Notes due December 1 2077,Utilities
SOJD,NASDAQ,Southern Company (The) Series 2020A 4.95% Junior Subordinated Notes due January 30 2080,Utilities
SOJE,NASDAQ,Southern Company (The) Series 2020C 4.20% Junior Subordinated Notes due October 15 2060,Basic Materials
SOJF,NASDAQ,Southern Company (The) Series 2025A 6.50% Junior Subordinated Notes due March 15 2085,Basic Materials
SOLS,NASDAQ,Solstice Advanced Materials Inc. Common Stock,Industrials
SOLV,NASDAQ,Solventum Corporation Common Stock,Health Care
SOMN,NASDAQ,Southern Company (The) 2025 Series A Corporate Units,Basic Materials
SON,NASDAQ,Sonoco Products Company Common Stock,Consumer Discretionary
SONM,NASDAQ,DNA X Inc. Common Stock,Utilities
SONO,NASDAQ,Sonos Inc. Common Stock,Consumer Staples
SONY,NASDAQ,Sony Group Corporation American Depositary Shares,Consumer Staples
SOPA,NASDAQ,Society Pass Incorporated Common Stock,Real Estate
SOPH,NASDAQ,SOPHiA GENETICS SA Ordinary Shares,Health Care
SOR,NASDAQ,Source Capital Inc. Cmn Shs of BI,Finance
SORA,NASDAQ,AsiaStrategy Ordinary Shares,Industrials
SORN,NASDAQ,Soren Acquisition Corp. Class A Ordinary Shares,Finance
SORNU,NASDAQ,Soren Acquisition Corp. Unit,Finance
SORNW,NASDAQ,Soren Acquisition Corp. Warrant,Finance
SOS,NASDAQ,SOS Limited Class A Ordinary Shares,Finance
SOTK,NASDAQ,Sono-Tek Corporation Common Stock,Technology
SOUL,NASDAQ,Soulpower Acquisition Corporation Class A Ordinary Shares,Consumer Discretionary
SOUN,NASDAQ,SoundHound AI Inc Class A Common Stock,Technology
SOUNW,NASDAQ,SoundHound AI Inc. Warrant,Technology
SOWG,NASDAQ,Sow Good Inc. Common Stock,Consumer Staples
SPAI,NASDAQ,Safe Pro Group Inc. Common Stock,Health Care
SPB,NASDAQ,Spectrum Brands Holdings Inc. Common Stock,Miscellaneous
SPCB,NASDAQ,SuperCom Ltd. Ordinary Shares (Israel),Technology
SPCE,NASDAQ,Virgin Galactic Holdings Inc. Common Stock,Consumer Discretionary
SPE,NASDAQ,Special Opportunities Fund Inc Common Stock,Finance
SPE$C,NYSE,,Unknown
SPEG,NASDAQ,Silver Pegasus Acquisition Corp Class A Ordinary Shares,Unknown
SPEGR,NASDAQ,Silver Pegasus Acquisition Corp Rights.,Unknown
SPEGU,NASDAQ,Silver Pegasus Acquisition Corp Unit,Unknown
SPE^C,NASDAQ,Special Opportunities Fund Inc. 2.75% Convertible Preferred Stock Series C,Unknown
SPFI,NASDAQ,South Plains Financial Inc. Common Stock,Finance
SPG,NASDAQ,Simon Property Group Inc. Common Stock,Real Estate
SPG$J,NYSE,,Unknown
SPGI,NASDAQ,S&P Global Inc. Common Stock,Finance
SPG^J,NASDAQ,Simon Property Group Inc. Simon Property Group 8 3/8% Series J Cumulative Redeemable Preferred Stock,Unknown
SPH,NASDAQ,Suburban Propane Partners L.P. Common Stock,Consumer Discretionary
SPHL,NASDAQ,Springview Holdings Ltd Class A Ordinary Shares,Consumer Discretionary
SPHR,NASDAQ,Sphere Entertainment Co. Class A Common Stock,Consumer Discretionary
SPIR,NASDAQ,Spire Global Inc. Class A Common Stock,Consumer Discretionary
SPKL,NASDAQ,Spark I Acquisition Corp. Class A Ordinary Share,Unknown
SPKLU,NASDAQ,Spark I Acquisition Corp. Unit,Unknown
SPKLW,NASDAQ,Spark I Acquisition Corp. Warrant,Unknown
SPMA,NASDAQ,Sound Point Meridian Capital Inc. 8.00% Series A Preferred Shares Due 2029,Unknown
SPMC,NASDAQ,Sound Point Meridian Capital Inc. Common Stock,Unknown
SPME,NASDAQ,Sound Point Meridian Capital Inc. 7.875% Series B Preferred Shares due 2030,Unknown
SPNT,NASDAQ,SiriusPoint Ltd. Common Shares,Finance
SPOK,NASDAQ,Spok Holdings Inc. Common Stock,Telecommunications
SPOT,NASDAQ,Spotify Technology S.A. Ordinary Shares,Consumer Discretionary
SPPL,NASDAQ,SIMPPLE LTD. Ordinary Shares,Consumer Discretionary
SPRB,NASDAQ,Spruce Biosciences Inc. Common Stock,Health Care
SPRC,NASDAQ,SciSparc Ltd. Ordinary Shares,Health Care
SPRO,NASDAQ,Spero Therapeutics Inc. Common Stock,Health Care
SPRU,NASDAQ,Spruce Power Holding Corporation Class A Common Stock,Consumer Discretionary
SPRY,NASDAQ,ARS Pharmaceuticals Inc. Common Stock,Health Care
SPSC,NASDAQ,SPS Commerce Inc. Common Stock,Technology
SPT,NASDAQ,Sprout Social Inc Class A Common Stock,Technology
SPWH,NASDAQ,Sportsman's Warehouse Holdings Inc. Common Stock,Consumer Discretionary
SPWR,NASDAQ,SunPower Inc. Common Stock,Technology
SPWRW,NASDAQ,SunPower Inc. Warrants,Technology
SPXC,NASDAQ,SPX Technologies Inc. Common Stock,Industrials
SPXX,NASDAQ,Nuveen S&P 500 Dynamic Overwrite Fund,Finance
SQFT,NASDAQ,Presidio Property Trust Inc. Class A Common Stock,Real Estate
SQFTP,NASDAQ,Presidio Property Trust Inc. 9.375% Series D Cumulative Redeemable Perpetual Preferred Stock $0.01 par value per share,Real Estate
SQFTW,NASDAQ,Presidio Property Trust Inc. Series A Common Stock Purchase Warrants,Real Estate
SQM,NASDAQ,Sociedad Quimica y Minera S.A. Common Stock,Industrials
SQNS,NASDAQ,Sequans Communications S.A. American Depositary Shares (each representing one hundred (100) Ordinary Shares),Technology
SR,NASDAQ,Spire Inc. Common Stock,Utilities
SRAD,NASDAQ,Sportradar Group AG Class A Ordinary Shares,Technology
SRBK,NASDAQ,SR Bancorp Inc. Common stock,Finance
SRCE,NASDAQ,1st Source Corporation Common Stock,Finance
SRE,NASDAQ,DBA Sempra Common Stock,Utilities
SREA,NASDAQ,DBA Sempra 5.750% Junior Subordinated Notes due 2079,Utilities
SRFM,NASDAQ,Surf Air Mobility Inc. Common Stock,Consumer Discretionary
SRG,NASDAQ,Seritage Growth Properties Class A Common Stock,Finance
SRG$A,NYSE,,Unknown
SRG^A,NASDAQ,Seritage Growth Properties 7.00% Series A Cumulative Redeemable Preferred Shares of Beneficial Interest,Unknown
SRI,NASDAQ,Stoneridge Inc. Common Stock,Consumer Discretionary
SRJN,NASDAQ,Spire Inc. 6.375% Junior Subordinated Notes due 2086,Utilities
SRL,NASDAQ,Scully Royalty Ltd.,Finance
SRPT,NASDAQ,Sarepta Therapeutics Inc. Common Stock (DE),Health Care
SRRK,NASDAQ,Scholar Rock Holding Corporation Common Stock,Health Care
SRTA,NASDAQ,Strata Critical Medical Inc. Class A Common Stock,Consumer Discretionary
SRTAW,NASDAQ,Strata Critical Medical Inc. Warrants,Consumer Discretionary
SRTS,NASDAQ,Sensus Healthcare Inc. Common Stock,Health Care
SRV,NASDAQ,NXG Cushing Midstream Energy Fund Common Shares of Beneficial Interest,Finance
SRXH,NASDAQ,SRX Health Solutions Inc. Common Stock,Consumer Staples
SRZN,NASDAQ,Surrozen Inc. Common Stock,Health Care
SSAC,NASDAQ,SPACSphere Acquisition Corp. Class A Ordinary Shares,Finance
SSACR,NASDAQ,SPACSphere Acquisition Corp. Rights,Finance
SSACU,NASDAQ,SPACSphere Acquisition Corp. Unit,Finance
SSACW,NASDAQ,SPACSphere Acquisition Corp. Warrant,Finance
SSB,NASDAQ,SouthState Bank Corporation Common Stock,Finance
SSBI,NASDAQ,Summit State Bank Common Stock,Finance
SSD,NASDAQ,Simpson Manufacturing Company Inc. Common Stock,Consumer Discretionary
SSEA,NASDAQ,Starry Sea Acquisition Corp	Ordinary Shares,Unknown
SSEAU,NASDAQ,Starry Sea Acquisition Corp Unit,Finance
SSII,NASDAQ,SS Innovations International Inc. Common Stock,Health Care
SSL,NASDAQ,Sasol Ltd. American Depositary Shares,Energy
SSM,NASDAQ,Sono Group N.V. Ordinary Shares,Unknown
SSNC,NASDAQ,SS&C Technologies Holdings Inc. Common Stock,Technology
SSP,NASDAQ,E.W. Scripps Company (The) Class A Common Stock,Industrials
SSRM,NASDAQ,SSR Mining Inc. Common Stock,Industrials
SSSS,NASDAQ,SuRo Capital Corp. Common Stock,Finance
SSSSL,NASDAQ,SuRo Capital Corp. 6.00% Notes due 2026,Finance
SST,NASDAQ,System1 Inc. Class A Common Stock,Technology
SSTI,NASDAQ,SoundThinking Inc. Common Stock,Technology
SSTK,NASDAQ,Shutterstock Inc. Common Stock,Technology
SSYS,NASDAQ,Stratasys Ltd. Ordinary Shares (Israel),Technology
ST,NASDAQ,Sensata Technologies Holding plc Ordinary Shares,Industrials
STAA,NASDAQ,STAAR Surgical Company Common Stock,Health Care
STAG,NASDAQ,Stag Industrial Inc. Common Stock,Real Estate
STAK,NASDAQ,STAK Inc. Class A Ordinary Shares,Consumer Discretionary
STBA,NASDAQ,S&T Bancorp Inc. Common Stock,Finance
STC,NASDAQ,Stewart Information Services Corporation Common Stock,Finance
STE,NASDAQ,STERIS plc (Ireland) Ordinary Shares,Health Care
STEL,NASDAQ,Stellar Bancorp Inc. Common Stock,Finance
STEM,NASDAQ,Stem Inc. Class A Common Stock,Miscellaneous
STEP,NASDAQ,StepStone Group Inc. Class A Common Stock,Finance
STEW,NASDAQ,SRH Total Return Fund Inc. Common Stock,Finance
STEX,NASDAQ,Streamex Corp. Common Stock,Health Care
STFS,NASDAQ,Star Fashion Culture Holdings Limited Class A Ordinary Shares,Consumer Discretionary
STG,NASDAQ,Sunlands Technology Group American Depositary Shares representing Class A ordinary shares,Real Estate
STGW,NASDAQ,Stagwell Inc. Class A Common Stock,Consumer Discretionary
STHO,NASDAQ,Star Holdings Shares of Beneficial Interest,Real Estate
STI,NASDAQ,Solidion Technology Inc. Common Stock,Miscellaneous
STIM,NASDAQ,Neuronetics Inc. Common Stock,Health Care
STK,NASDAQ,Columbia Seligman Premium Technology Growth Fund Inc,Finance
STKE,NASDAQ,Sol Strategies Inc. Common Shares,Unknown
STKH,NASDAQ,Steakholder Foods Ltd. American Depositary Shares,Consumer Staples
STKL,NASDAQ,SunOpta Inc. Common Stock,Industrials
STKS,NASDAQ,The ONE Group Hospitality Inc. Common Stock,Consumer Discretionary
STLA,NASDAQ,Stellantis N.V. Common Shares,Industrials
STLD,NASDAQ,Steel Dynamics Inc.,Industrials
STM,NASDAQ,STMicroelectronics N.V. Common Stock,Technology
STN,NASDAQ,Stantec Inc Common Stock,Consumer Discretionary
STNE,NASDAQ,StoneCo Ltd. Class A Common Shares,Technology
STNG,NASDAQ,Scorpio Tankers Inc. Common Shares,Consumer Discretionary
STOK,NASDAQ,Stoke Therapeutics Inc. Common Stock,Health Care
STRA,NASDAQ,Strategic Education Inc. Common Stock,Real Estate
STRC,NASDAQ,Strategy Inc Variable Rate Series A Perpetual Stretch Preferred Stock,Technology
STRD,NASDAQ,Strategy Inc 10.00% Series A Perpetual Stride Preferred Stock,Technology
STRF,NASDAQ,Strategy Inc 10.00% Series A Perpetual Strife Preferred Stock,Technology
STRK,NASDAQ,Strategy Inc 8.00% Series A Perpetual Strike Preferred Stock,Technology
STRL,NASDAQ,Sterling Infrastructure Inc. Common Stock,Industrials
STRO,NASDAQ,Sutro Biopharma Inc. Common Stock,Health Care
STRR,NASDAQ,Star Equity Holdings Inc. Common Stock,Consumer Discretionary
STRRP,NASDAQ,Star Equity Holdings Inc. 10% Series A Cumulative Perpetual Preferred Stock,Unknown
STRS,NASDAQ,Stratus Properties Inc. Common Stock,Real Estate
STRT,NASDAQ,STRATTEC SECURITY CORPORATION Common Stock,Consumer Discretionary
STRV,NYSE,,Unknown
STRW,NASDAQ,Strawberry Fields REIT Inc. Common Stock,Real Estate
STRZ,NASDAQ,Starz Entertainment Corp. Common Shares,Consumer Discretionary
STSS,NASDAQ,Sharps Technology Inc. Common Stock,Health Care
STSSW,NASDAQ,Sharps Technology Inc. Warrant,Finance
STT,NASDAQ,State Street Corporation Common Stock,Finance
STT$G,NYSE,,Unknown
STTK,NASDAQ,Shattuck Labs Inc. Common Stock,Health Care
STT^G,NASDAQ,State Street Corporation Depositary shares each representing a 1/4000th ownership interest in a share of Fixed-to-Floating Rate Non-Cumulative,Unknown
STUB,NASDAQ,StubHub Holdings Inc. Class A Common Stock,Consumer Discretionary
STVN,NASDAQ,Stevanato Group S.p.A. Ordinary Shares,Health Care
STWD,NASDAQ,STARWOOD PROPERTY TRUST INC. Starwood Property Trust Inc.,Real Estate
STX,NASDAQ,Seagate Technology Holdings PLC Ordinary Shares (Ireland),Technology
STXD,NYSE,,Unknown
STXE,NYSE,,Unknown
STXG,NYSE,,Unknown
STXI,NYSE,,Unknown
STXK,NYSE,,Unknown
STXM,NYSE,,Unknown
STXS,NASDAQ,Stereotaxis Inc. Common Stock,Health Care
STXT,NYSE,,Unknown
STXV,NYSE,,Unknown
STZ,NASDAQ,Constellation Brands Inc. Common Stock,Consumer Staples
SU,NASDAQ,Suncor Energy  Inc. Common Stock,Energy
SUGP,NASDAQ,SU Group Holdings Limited Ordinary Shares,Consumer Discretionary
SUI,NASDAQ,Sun Communities Inc. Common Stock,Real Estate
SUIG,NASDAQ,Sui Group Holdings Limited Common Stock,Finance
SUIS,NASDAQ,Canary Staked SUIS ETF Shares of Beneficial Interest,Unknown
SUMAU,NASDAQ,SUMA Acquisition Corporation Units,Finance
SUN,NASDAQ,Sunoco LP Common Units representing limited partner interests,Energy
SUNB,NASDAQ,Sunbelt Rentals Holdings Inc. Common Stock,Consumer Discretionary
SUNC,NASDAQ,SunocoCorp LLC Common Units representing limited liability company interests,Energy
SUNE,NASDAQ,SUNation Energy Inc. Common Stock,Utilities
SUNS,NASDAQ,Sunrise Realty Trust Inc. Common Stock,Real Estate
SUPN,NASDAQ,Supernus Pharmaceuticals Inc. Common Stock,Health Care
SUPV,NASDAQ,Grupo Supervielle S.A. American Depositary Shares each Representing five Class B shares,Finance
SUPX,NASDAQ,SuperX AI Technology Limited Ordinary Shares,Unknown
SURG,NASDAQ,SurgePays Inc. Common Stock,Consumer Discretionary
SUUN,NASDAQ,PowerBank Corporation Common Stock,Utilities
SUZ,NASDAQ,Suzano S.A. American Depositary Shares (each representing One Ordinary Share),Basic Materials
SVAC,NASDAQ,Spring Valley Acquisition Corp. III Class A Ordinary Shares,Finance
SVACU,NASDAQ,Spring Valley Acquisition Corp. III Unit,Finance
SVACW,NASDAQ,Spring Valley Acquisition Corp. III Warrant,Finance
SVAQ,NASDAQ,Silicon Valley Acquisition Corp. Class A Ordinary Shares,Finance
SVAQU,NASDAQ,Silicon Valley Acquisition Corp. Units,Finance
SVAQW,NASDAQ,Silicon Valley Acquisition Corp. Warrants,Finance
SVC,NASDAQ,Service Properties Trust Common Stock,Real Estate
SVCC,NASDAQ,Stellar V Capital Corp. Class A Ordinary Shares,Unknown
SVCO,NASDAQ,Silvaco Group Inc. Common Stock,Technology
SVIV,NASDAQ,Spring Valley Acquisition Corp. IV Class A Ordinary Shares,Finance
SVIVU,NASDAQ,Spring Valley Acquisition Corp. IV Units,Finance
SVIVW,NASDAQ,Spring Valley Acquisition Corp. IV Warrants,Finance
SVM,NASDAQ,Silvercorp Metals Inc. Common Shares,Basic Materials
SVRA,NASDAQ,Savara Inc. Common Stock,Health Care
SVRE,NASDAQ,SaverOne 2014 Ltd. American Depositary Shares,Technology
SVRN,NASDAQ,OceanPal Inc. Common Stock,Consumer Discretionary
SVV,NASDAQ,Savers Value Village Inc. Common Stock,Consumer Discretionary
SW,NASDAQ,Smurfit WestRock plc Ordinary Shares,Consumer Discretionary
SWAG,NASDAQ,Stran & Company Inc. Common Stock,Consumer Discretionary
SWAGW,NASDAQ,Stran & Company Inc. Warrant,Consumer Discretionary
SWBI,NASDAQ,Smith & Wesson Brands Inc. Common Stock,Industrials
SWIM,NASDAQ,Latham Group Inc. Common Stock,Industrials
SWK,NASDAQ,Stanley Black & Decker Inc. Common Stock,Consumer Discretionary
SWKH,NASDAQ,SWK Holdings Corporation Common Stock,Finance
SWKHL,NASDAQ,SWK Holdings Corporation 9.00% Senior Notes due 2027,Unknown
SWKS,NASDAQ,Skyworks Solutions Inc. Common Stock,Technology
SWVL,NASDAQ,Swvl Holdings Corp Class A Common Shares,Real Estate
SWVLW,NASDAQ,Swvl Holdings Corp Warrant,Real Estate
SWX,NASDAQ,Southwest Gas Holdings Inc. Common Stock (DE),Utilities
SWZ,NASDAQ,Total Return Securities Fund Common Stock,Finance
SXC,NASDAQ,SunCoke Energy Inc. Common Stock,Industrials
SXI,NASDAQ,Standex International Corporation Common Stock,Industrials
SXT,NASDAQ,Sensient Technologies Corporation Common Stock,Industrials
SXTC,NASDAQ,China SXT Pharmaceuticals Inc. Ordinary Shares,Health Care
SXTP,NASDAQ,60 Degrees Pharmaceuticals Inc. Common Stock,Health Care
SXTPW,NASDAQ,60 Degrees Pharmaceuticals Inc. Warrant,Health Care
SY,NASDAQ,So-Young International Inc. American Depository Shares,Technology
SYBT,NASDAQ,Stock Yards Bancorp Inc. Common Stock,Finance
SYF,NASDAQ,Synchrony Financial Common Stock,Finance
SYF$A,NYSE,,Unknown
SYF$B,NYSE,,Unknown
SYF^A,NASDAQ,Synchrony Financial Depositary Shares each Representing a 1/40th Interest in a Share of 5.625% Fixed Rate Non-Cumulative Perpetual Preferred Stock Series A,Unknown
SYF^B,NASDAQ,Synchrony Financial Depositary Shares Each Representing a 1/40th Interest in a Share of 8.250% Fixed Rate Reset Non-Cumulative Perpetual Preferred Stock Series B,Unknown
SYK,NASDAQ,Stryker Corporation Common Stock,Health Care
SYM,NASDAQ,Symbotic Inc. Class A Common Stock,Industrials
SYNA,NASDAQ,Synaptics Incorporated Common Stock $0.001 Par Value,Technology
SYNX,NASDAQ,Silynxcom Ltd. Ordinary Shares,Consumer Staples
SYPR,NASDAQ,Sypris Solutions Inc. Common Stock,Industrials
SYRE,NASDAQ,Spyre Therapeutics Inc. Common Stock,Health Care
SYY,NASDAQ,Sysco Corporation Common Stock,Consumer Discretionary
SZZL,NASDAQ,Sizzle Acquisition Corp. II Class A ordinary shares,Finance
SZZLR,NASDAQ,Sizzle Acquisition Corp. II Right,Finance
SZZLU,NASDAQ,Sizzle Acquisition Corp. II Unit,Finance
T,NASDAQ,AT&T Inc.,Telecommunications
T$A,NYSE,,Unknown
T$C,NYSE,,Unknown
TAC,NASDAQ,TransAlta Corporation Ordinary Shares,Utilities
TACH,NASDAQ,Titan Acquisition Corp. Class A Ordinary Shares,Finance
TACHU,NASDAQ,Titan Acquisition Corp. Units,Finance
TACHW,NASDAQ,Titan Acquisition Corp. Warrants,Finance
TACO,NASDAQ,Berto Acquisition Corp. Ordinary Shares,Finance
TACOU,NASDAQ,Berto Acquisition Corp. Unit,Finance
TACOW,NASDAQ,Berto Acquisition Corp. Warrant,Finance
TACT,NASDAQ,TransAct Technologies Incorporated Common Stock,Technology
TAK,NASDAQ,Takeda Pharmaceutical Company Limited American Depositary Shares (each representing 1/2 of a share of Common Stock),Health Care
TAL,NASDAQ,TAL Education Group American Depositary Shares,Real Estate
TALK,NASDAQ,Talkspace Inc. Common Stock,Health Care
TALKW,NASDAQ,Talkspace Inc. Warrant,Health Care
TALO,NASDAQ,Talos Energy Inc. Common Stock,Energy
TANH,NASDAQ,Tantech Holdings Ltd. Class A Common Shares,Industrials
TAOP,NASDAQ,Taoping Inc. Ordinary Shares,Technology
TAOX,NASDAQ,Tao Synergies Inc. Common Stock,Health Care
TAP,NASDAQ,Molson Coors Beverage Company Class B Common Stock,Consumer Staples
TARA,NASDAQ,Protara Therapeutics Inc.  Common Stock,Health Care
TARS,NASDAQ,Tarsus Pharmaceuticals Inc. Common Stock,Health Care
TASK,NASDAQ,TaskUs Inc. Class A Common Stock,Technology
TATT,NASDAQ,TAT Technologies Ltd. Ordinary Shares,Industrials
TAVI,NASDAQ,Tavia Acquisition Corp. Ordinary Shares,Finance
TAYD,NASDAQ,Taylor Devices Inc. Common Stock,Industrials
TBB,NASDAQ,AT&T Inc. 5.350% Global Notes due 2066,Telecommunications
TBBB,NASDAQ,BBB Foods Inc. Class A Common Shares,Consumer Staples
TBBK,NASDAQ,The Bancorp Inc Common Stock,Finance
TBCH,NASDAQ,Turtle Beach Corporation Common Stock,Telecommunications
TBH,NASDAQ,Brag House Holdings Inc. Common Stock,Consumer Discretionary
TBHC,NASDAQ,The Brand House Collective Inc. Common Stock,Consumer Discretionary
TBI,NASDAQ,TrueBlue Inc. Common Stock,Consumer Discretionary
TBLA,NASDAQ,Taboola.com Ltd. Ordinary Shares,Technology
TBLAW,NASDAQ,Taboola.com Ltd. Warrant,Technology
TBLD,NASDAQ,Thornburg Income Builder Opportunities Trust Common Stock,Finance
TBLU,NYSE,,Unknown
TBMC,NASDAQ,Trailblazer Merger Corporation I Class A Common Stock,Finance
TBMCR,NASDAQ,Trailblazer Merger Corporation I Rights,Finance
TBN,NASDAQ,Tamboran Resources Corporation Common stock,Energy
TBPH,NASDAQ,Theravance Biopharma Inc. Ordinary Shares,Health Care
TBRG,NASDAQ,TruBridge Inc. Common Stock,Technology
TC,NASDAQ,Token Cat Limited American Depositary Shares,Real Estate
TCAI,NYSE,,Unknown
TCBI,NASDAQ,Texas Capital Bancshares Inc. Common Stock,Finance
TCBIO,NASDAQ,Texas Capital Bancshares Inc. Depositary Shares 5.75% Fixed Rate Non-Cumulative Perpetual Preferred Stock Series B,Finance
TCBK,NASDAQ,TriCo Bancshares Common Stock,Finance
TCBS,NASDAQ,Texas Community Bancshares Inc. Common Stock,Finance
TCBX,NASDAQ,Third Coast Bancshares Inc. Common Stock,Finance
TCI,NASDAQ,Transcontinental Realty Investors Inc. Common Stock,Real Estate
TCMD,NASDAQ,Tactile Systems Technology Inc. Common Stock,Health Care
TCOM,NASDAQ,Trip.com Group Limited American Depositary Shares,Real Estate
TCPA,NASDAQ,TransCanada PipeLines Limited 6.250% Junior Subordinated Notes due 2085,Utilities
TCPC,NASDAQ,BlackRock TCP Capital Corp. Common Stock,Finance
TCRT,NASDAQ,Alaunos Therapeutics Inc. Common Stock,Health Care
TCRX,NASDAQ,TScan Therapeutics Inc. Common Stock,Health Care
TCX,NASDAQ,Tucows Inc. Class A Common Stock,Technology
TD,NASDAQ,Toronto Dominion Bank (The) Common Stock,Finance
TDAC,NASDAQ,Translational Development Acquisition Corp. Ordinary Shares,Unknown
TDAY,NASDAQ,USA TODAY Co. Inc. Common Stock,Consumer Discretionary
TDC,NASDAQ,Teradata Corporation Common Stock,Technology
TDF,NASDAQ,Templeton Dragon Fund Inc. Common Stock,Finance
TDG,NASDAQ,Transdigm Group Incorporated Common Stock,Industrials
TDIC,NASDAQ,Dreamland Limited Class A Ordinary Shares,Consumer Discretionary
TDOC,NASDAQ,Teladoc Health Inc. Common Stock,Health Care
TDOG,NASDAQ,21Shares Dogecoin ETF Common Shares of Beneficial Interest,Unknown
TDS,NASDAQ,Telephone and Data Systems Inc. Common Shares,Telecommunications
TDS$U,NYSE,,Unknown
TDS$V,NYSE,,Unknown
TDS^U,NASDAQ,Telephone and Data Systems Inc. Depositary Shares Each Representing a 1/1000th Interest in a 6.625% Series UU Cumulative Redeemable Perpetual Preferred Stock,Unknown
TDS^V,NASDAQ,Telephone and Data Systems Inc. Depositary Shares Each Representing a 1/1000th Interest in a 6.000% Series VV Cumulative Redeemable Perpetual Preferred Stock,Unknown
TDTH,NASDAQ,Trident Digital Tech Holdings Ltd American Depository Shares,Real Estate
TDUP,NASDAQ,ThredUp Inc. Class A Common Stock,Consumer Discretionary
TDW,NASDAQ,Tidewater Inc. Common Stock,Consumer Discretionary
TDWD,NASDAQ,Tailwind 2.0 Acquisition Corp. Class A Ordinary Shares,Finance
TDWDR,NASDAQ,Tailwind 2.0 Acquisition Corp. Rights,Finance
TDWDU,NASDAQ,Tailwind 2.0 Acquisition Corp. Unit,Finance
TDY,NASDAQ,Teledyne Technologies Incorporated Common Stock,Industrials
TE,NASDAQ,T1 Energy Inc. Common Stock,Miscellaneous
TEAD,NASDAQ,Teads Holding Co. Common Stock,Technology
TEAM,NASDAQ,Atlassian Corporation Class A Common Stock,Technology
TECH,NASDAQ,Bio-Techne Corp Common Stock,Health Care
TECK,NASDAQ,Teck Resources Ltd Ordinary Shares,Industrials
TECX,NASDAQ,Tectonic Therapeutic Inc. Common Stock,Health Care
TEI,NASDAQ,Templeton Emerging Markets Income Fund Inc. Common Stock,Finance
TEL,NASDAQ,TE Connectivity plc Ordinary Shares,Technology
TELA,NASDAQ,TELA Bio Inc. Common Stock,Health Care
TELO,NASDAQ,Telomir Pharmaceuticals Inc. Common Stock,Health Care
TEM,NASDAQ,Tempus AI Inc. Class A Common Stock,Technology
TEN,NASDAQ,Tsakos Energy Navigation Ltd Common Shares,Consumer Discretionary
TEN$E,NYSE,,Unknown
TEN$F,NYSE,,Unknown
TENB,NASDAQ,Tenable Holdings Inc. Common Stock,Technology
TENX,NASDAQ,Tenax Therapeutics Inc. Common Stock,Health Care
TEN^E,NASDAQ,Tsakos Energy Navigation Ltd Series E Fixed-to-Floating Rate Cumulative Redeemable Perpetual Preferred Shares par value $1.00,Unknown
TEN^F,NASDAQ,Tsakos Energy Navigation Ltd Series F Fixed-to-Floating Rate Cumulative Redeemable Perpetual Preferred Shares par value $1.00,Unknown
TEO,NASDAQ,Telecom Argentina SA,Telecommunications
TER,NASDAQ,Teradyne Inc. Common Stock,Industrials
TERN,NASDAQ,Terns Pharmaceuticals Inc. Common Stock,Health Care
TEVA,NASDAQ,Teva Pharmaceutical Industries Limited American Depositary Shares,Health Care
TEX,NASDAQ,Terex Corporation Common Stock,Industrials
TFC,NASDAQ,Truist Financial Corporation Common Stock,Finance
TFC$I,NYSE,,Unknown
TFC$O,NYSE,,Unknown
TFC$R,NYSE,,Unknown
TFC^I,NASDAQ,Truist Financial Corporation Depositary Shares,Unknown
TFC^O,NASDAQ,Truist Financial Corporation Depositary Shares Each Representing a 1/1000th Interest in a Share of Series O Non-Cumulative Perpetual Preferred Stock,Unknown
TFC^R,NASDAQ,Truist Financial Corporation Depositary Shares each representing 1/1000th interest in a share of Series R Non-Cumulative Perpetual Preferred Stock,Unknown
TFII,NASDAQ,TFI International Inc. Common Shares,Industrials
TFIN,NASDAQ,Triumph Financial Inc. Common Stock,Finance
TFIN$,NYSE,,Unknown
TFIN^,NASDAQ,Triumph Financial Inc. Depositary Shares Each Representing a 1/40th Interest in a Share of 7.125% Series C Fixed-Rate Non-Cumulative Perpetual Preferred Stock,Unknown
TFPM,NASDAQ,Triple Flag Precious Metals Corp. Common Shares,Industrials
TFSA,NASDAQ,Terra Income Fund 6 LLC 7.00% Notes due 2026,Unknown
TFSL,NASDAQ,TFS Financial Corporation Common Stock,Finance
TFX,NASDAQ,Teleflex Incorporated Common Stock,Health Care
TG,NASDAQ,Tredegar Corporation Common Stock,Industrials
TGB,NASDAQ,Taseko Mines Ltd. Common Stock,Basic Materials
TGE,NASDAQ,The Generation Essentials Group Class A Ordinary Shares,Consumer Discretionary
TGEN,NASDAQ,Tecogen Inc. Common Stock,Industrials
TGHL,NASDAQ,The GrowHub Limited Class A Ordinary Shares,Technology
TGL,NASDAQ,Treasure Global Inc. Common Stock,Real Estate
TGLS,NASDAQ,Tecnoglass Inc. Ordinary Shares,Consumer Discretionary
TGNA,NASDAQ,TEGNA Inc,Industrials
TGS,NASDAQ,Transportadora de Gas del Sur SA TGS Common Stock,Utilities
TGT,NASDAQ,Target Corporation Common Stock,Consumer Discretionary
TGTX,NASDAQ,TG Therapeutics Inc. Common Stock,Health Care
TH,NASDAQ,Target Hospitality Corp. Common Stock,Consumer Discretionary
THC,NASDAQ,Tenet Healthcare Corporation Common Stock,Health Care
THCH,NASDAQ,TH International Limited Ordinary shares,Consumer Discretionary
THFF,NASDAQ,First Financial Corporation Common Stock,Finance
THG,NASDAQ,Hanover Insurance Group Inc,Finance
THH,NASDAQ,TryHard Holdings Limited Ordinary Shares,Consumer Discretionary
THIR,NYSE,,Unknown
THLV,NYSE,,Unknown
THM,NASDAQ,International Tower Hill Mines Ltd. Ordinary Shares (Canada),Basic Materials
THO,NASDAQ,Thor Industries Inc. Common Stock,Industrials
THQ,NASDAQ,abrdn Healthcare Opportunities Fund Shares of Beneficial Interest,Finance
THR,NASDAQ,Thermon Group Holdings Inc. Common Stock,Energy
THRM,NASDAQ,Gentherm Inc Common Stock,Consumer Discretionary
THRY,NASDAQ,Thryv Holdings Inc. Common Stock,Consumer Discretionary
THW,NASDAQ,abrdn World Healthcare Fund Shares of Beneficial Interest,Finance
TIC,NASDAQ,TIC Solutions Inc. Common Stock,Real Estate
TIGO,NASDAQ,Millicom International Cellular S.A. Common Stock,Telecommunications
TIGR,NASDAQ,UP Fintech Holding Ltd American Depositary Share representing fifteen Class A Ordinary Shares,Finance
TII,NASDAQ,Titan Mining Corporation Common Shares,Unknown
TIL,NASDAQ,Instil Bio Inc. Common Stock,Health Care
TILE,NASDAQ,Interface Inc. Common Stock,Consumer Discretionary
TIMB,NASDAQ,TIM S.A. American Depositary Shares (Each representing 5 Common Shares),Telecommunications
TIPT,NASDAQ,Tiptree Inc. Common Stock,Finance
TISI,NASDAQ,Team Inc. Common Stock,Consumer Discretionary
TITN,NASDAQ,Titan Machinery Inc. Common Stock,Consumer Discretionary
TIVC,NASDAQ,Tivic Health Systems Inc. Common Stock,Health Care
TJGC,NASDAQ,TJGC Group Limited Ordinary Shares,Consumer Discretionary
TJX,NASDAQ,TJX Companies Inc. (The) Common Stock,Consumer Discretionary
TK,NASDAQ,Teekay Corporation Ltd. Common Stock,Consumer Discretionary
TKC,NASDAQ,Turkcell Iletisim Hizmetleri AS Common Stock,Telecommunications
TKLF,NASDAQ,Tokyo Lifestyle Co. Ltd. American Depositary Shares,Consumer Discretionary
TKNO,NASDAQ,Alpha Teknova Inc. Common Stock,Health Care
TKO,NASDAQ,TKO Group Holdings Inc. Class A Common Stock,Consumer Discretionary
TKR,NASDAQ,Timken Company (The) Common Stock,Industrials
TLF,NASDAQ,Tandy Leather Factory Inc. Common Stock,Consumer Discretionary
TLIH,NASDAQ,Ten-League International Holdings Limited Ordinary Shares,Unknown
TLK,NASDAQ,PT Telekomunikasi Indonesia Tbk,Telecommunications
TLN,NASDAQ,Talen Energy Corporation Common Stock,Utilities
TLNC,NASDAQ,Talon Capital Corp. Class A Ordinary Shares,Unknown
TLPH,NASDAQ,Talphera Inc. Common Stock,Health Care
TLRY,NASDAQ,Tilray Brands Inc. Common Stock,Health Care
TLS,NASDAQ,Telos Corporation Common Stock,Technology
TLSA,NASDAQ,Tiziana Life Sciences Ltd. Common Shares,Health Care
TLSI,NASDAQ,TriSalus Life Sciences Inc. Common Stock,Health Care
TLSIW,NASDAQ,TriSalus Life Sciences Inc. Warrant,Health Care
TLX,NASDAQ,Telix Pharmaceuticals Limited American Depositary Shares,Health Care
TLYS,NASDAQ,Tilly's Inc. Common Stock,Consumer Discretionary
TM,NASDAQ,Toyota Motor Corporation Common Stock,Industrials
TMC,NASDAQ,TMC the metals company Inc. Common Stock,Basic Materials
TMCI,NASDAQ,Treace Medical Concepts Inc. Common Stock,Health Care
TMCWW,NASDAQ,TMC the metals company Inc. Warrants,Basic Materials
TMDE,NASDAQ,TMD Energy Limited Ordinary Shares,Energy
TMDX,NASDAQ,TransMedics Group Inc. Common Stock,Health Care
TME,NASDAQ,Tencent Music Entertainment Group American Depositary Shares each representing two Class A Ordinary Shares,Consumer Discretionary
TMHC,NASDAQ,Taylor Morrison Home Corporation Common Stock,Consumer Discretionary
TMO,NASDAQ,Thermo Fisher Scientific Inc Common Stock,Industrials
TMP,NASDAQ,Tompkins Financial Corporation Common Stock,Finance
TMQ,NASDAQ,Trilogy Metals Inc. Common Stock,Basic Materials
TMTSU,NASDAQ,Spartacus Acquisition Corp. II Unit,Finance
TMUS,NASDAQ,T-Mobile US Inc. Common Stock,Telecommunications
TMUSI,NASDAQ,T-Mobile US Inc. 5.500% Senior Notes due June 2070,Telecommunications
TMUSL,NASDAQ,T-Mobile US Inc. 6.250% Senior Notes due 2069,Telecommunications
TMUSZ,NASDAQ,T-Mobile US Inc. 5.500% Senior Notes due March 2070,Telecommunications
TNC,NASDAQ,Tennant Company Common Stock,Industrials
TNDM,NASDAQ,Tandem Diabetes Care Inc. Common Stock,Health Care
TNET,NASDAQ,TriNet Group Inc. Common Stock,Real Estate
TNGX,NASDAQ,Tango Therapeutics Inc.,Health Care
TNGY,NYSE,,Unknown
TNK,NASDAQ,Teekay Tankers Ltd.,Consumer Discretionary
TNL,NASDAQ,Travel   Leisure Co. Common  Stock,Consumer Discretionary
TNMG,NASDAQ,TNL Mediagene Ordinary Shares,Consumer Discretionary
TNON,NASDAQ,Tenon Medical Inc. Common Stock,Health Care
TNONW,NASDAQ,Tenon Medical Inc. Warrant,Health Care
TNXP,NASDAQ,Tonix Pharmaceuticals Holding Corp. Common Stock,Health Care
TNYA,NASDAQ,Tenaya Therapeutics Inc. Common Stock,Health Care
TOI,NASDAQ,The Oncology Institute Inc. Common Stock,Health Care
TOIIW,NASDAQ,The Oncology Institute Inc. Warrant,Health Care
TOL,NASDAQ,Toll Brothers Inc. Common Stock,Consumer Discretionary
TOMZ,NASDAQ,TOMI Environmental Solutions Inc. Common Stock,Industrials
TONX,NASDAQ,TON Strategy Company Common Stock,Consumer Discretionary
TOON,NASDAQ,Kartoon Studios Inc. Common Stock,Consumer Discretionary
TOP,NASDAQ,TOP Financial Group Limited Class A Ordinary Shares,Finance
TOPP,NASDAQ,Toppoint Holdings Inc. Common Stock,Industrials
TOPS,NASDAQ,TOP Ships Inc. Common Stock,Consumer Discretionary
TORO,NASDAQ,Toro Corp. Common Stock,Consumer Discretionary
TOST,NASDAQ,Toast Inc. Class A Common Stock,Technology
TOUR,NASDAQ,Tuniu Corporation American Depositary Shares,Consumer Discretionary
TOVX,NASDAQ,Theriva Biologics Inc. Common Stock,Health Care
TOWN,NASDAQ,TowneBank Common Stock,Finance
TOYO,NASDAQ,TOYO Co. Ltd Ordinary Shares,Consumer Discretionary
TPB,NASDAQ,Turning Point Brands Inc. Common Stock,Consumer Discretionary
TPC,NASDAQ,Tutor Perini Corporation Common Stock,Consumer Discretionary
TPCS,NASDAQ,TechPrecision Corporation Common stock,Industrials
TPET,NASDAQ,Trio Petroleum Corp. Common Stock,Energy
TPG,NASDAQ,TPG Inc. Class A Common Stock,Finance
TPGXL,NASDAQ,TPG Operating Group II L.P. 6.950% Fixed-Rate Junior Subordinated Notes due 2064,Unknown
TPH,NASDAQ,Tri Pointe Homes Inc. Common Stock,Consumer Discretionary
TPL,NASDAQ,Texas Pacific Land Corporation Common Stock,Energy
TPR,NASDAQ,Tapestry Inc. Common Stock,Consumer Discretionary
TPST,NASDAQ,Tempest Therapeutics Inc. Common Stock,Health Care
TPTA,NASDAQ,Terra Property Trust Inc. 6.00% Notes due 2026,Real Estate
TPVG,NASDAQ,TriplePoint Venture Growth BDC Corp. Common Stock,Consumer Discretionary
TPYP,NYSE,,Unknown
TPZ,NYSE,,Unknown
TR,NASDAQ,Tootsie Roll Industries Inc. Common Stock,Consumer Staples
TRAK,NASDAQ,ReposiTrak Inc. Common Stock,Technology
TRAW,NASDAQ,Traws Pharma Inc. Common Stock,Health Care
TRC,NASDAQ,Tejon Ranch Co Common Stock,Finance
TRDA,NASDAQ,Entrada Therapeutics Inc. Common Stock,Health Care
TREE,NASDAQ,LendingTree Inc. Common Stock,Finance
TREX,NASDAQ,Trex Company Inc. Common Stock,Basic Materials
TRGP,NASDAQ,Targa Resources Inc. Common Stock,Utilities
TRGSU,NASDAQ,TRG Latin America Acquisitions Corp. Units,Unknown
TRI,NASDAQ,Thomson Reuters Corporation Common Shares,Consumer Discretionary
TRIB,NASDAQ,Trinity Biotech plc American Depositary Shares,Health Care
TRIN,NASDAQ,Trinity Capital Inc. Common Stock,Finance
TRINI,NASDAQ,Trinity Capital Inc. 7.875% Notes Due 2029,Finance
TRINZ,NASDAQ,Trinity Capital Inc. 7.875% Notes due 2029,Finance
TRIP,NASDAQ,TripAdvisor Inc. Common Stock,Technology
TRMB,NASDAQ,Trimble Inc. Common Stock,Industrials
TRMD,NASDAQ,TORM plc Class A Common Stock,Consumer Discretionary
TRMK,NASDAQ,Trustmark Corporation Common Stock,Finance
TRN,NASDAQ,Trinity Industries Inc. Common Stock,Industrials
TRNO,NASDAQ,Terreno Realty Corporation Common Stock,Finance
TRNR,NASDAQ,Interactive Strength Inc. Common Stock,Technology
TRNS,NASDAQ,Transcat Inc. Common Stock,Industrials
TRON,NASDAQ,Tron Inc. Common Stock,Consumer Discretionary
TROO,NASDAQ,TROOPS Inc. Ordinary Shares,Finance
TROW,NASDAQ,T. Rowe Price Group Inc. Common Stock,Finance
TROX,NASDAQ,Tronox Holdings plc Ordinary Shares (UK),Industrials
TRP,NASDAQ,TC Energy Corporation Common Stock,Utilities
TRS,NASDAQ,TriMas Corporation Common Stock,Industrials
TRSG,NASDAQ,Tungray Technologies Inc Class A Ordinary Shares,Industrials
TRST,NASDAQ,TrustCo Bank Corp NY Common Stock,Finance
TRT,NASDAQ,Trio-Tech International Common Stock,Technology
TRTN$A,NYSE,,Unknown
TRTN$B,NYSE,,Unknown
TRTN$C,NYSE,,Unknown
TRTN$D,NYSE,,Unknown
TRTN$E,NYSE,,Unknown
TRTN$F,NYSE,,Unknown
TRTN$G,NYSE,,Unknown
TRTN^A,NASDAQ,Triton International Limited 8.50% Series A Cumulative Redeemable Perpetual  Preference Shares,Unknown
TRTN^B,NASDAQ,Triton International Limited 8.00% Series B Cumulative Redeemable Perpetual Preference Shares,Unknown
TRTN^C,NASDAQ,Triton International Limited 7.375% Series C Cumulative Redeemable Perpetual Preference Shares,Unknown
TRTN^D,NASDAQ,Triton International Limited 6.875% Series D Cumulative Redeemable Perpetual Preference Shares,Unknown
TRTN^E,NASDAQ,Triton International Limited 5.75% Series E Cumulative Redeemable Perpetual Preference Shares,Unknown
TRTN^F,NASDAQ,Triton International Limited 7.625% Series F Cumulative Redeemable Perpetual Preference Shares,Unknown
TRTN^G,NASDAQ,Triton International Limited 7.500% Series G Cumulative Redeemable Perpetual Preference Shares,Unknown
TRTX,NASDAQ,TPG RE Finance Trust Inc. Common Stock,Real Estate
TRTX$C,NYSE,,Unknown
TRTX^C,NASDAQ,TPG RE Finance Trust Inc. 6.25% Series C Cumulative Redeemable Preferred Stock $0.001 par value per share,Unknown
TRU,NASDAQ,TransUnion Common Stock,Finance
TRUG,NASDAQ,TruGolf Holdings Inc. Class A Common Stock,Consumer Discretionary
TRUP,NASDAQ,Trupanion Inc. Common Stock,Health Care
TRV,NASDAQ,The Travelers Companies Inc. Common Stock,Finance
TRVG,NASDAQ,trivago N.V. American Depositary Shares,Technology
TRVI,NASDAQ,Trevi Therapeutics Inc. Common Stock,Health Care
TRX,NASDAQ,TRX Gold Corporation Common Stock,Basic Materials
TS,NASDAQ,Tenaris S.A. American Depositary Shares,Industrials
TSAT,NASDAQ,Telesat Corporation Class A Common Shares and Class B Variable Voting Shares,Industrials
TSBK,NASDAQ,Timberland Bancorp Inc. Common Stock,Finance
TSCO,NASDAQ,Tractor Supply Company Common Stock,Consumer Discretionary
TSEM,NASDAQ,Tower Semiconductor Ltd. Ordinary Shares,Technology
TSHA,NASDAQ,Taysha Gene Therapies Inc. Common Stock,Health Care
TSI,NASDAQ,TCW Strategic Income Fund Inc. Common Stock,Finance
TSLA,NASDAQ,Tesla Inc. Common Stock,Industrials
TSLX,NASDAQ,Sixth Street Specialty Lending Inc. Common Stock,Finance
TSM,NASDAQ,Taiwan Semiconductor Manufacturing Company Ltd.,Technology
TSN,NASDAQ,Tyson Foods Inc. Common Stock,Consumer Staples
TSOL,NASDAQ,21Shares Solana ETF Shares of Beneficial Interest,Unknown
TSQ,NASDAQ,Townsquare Media Inc. Class A Common Stock,Consumer Discretionary
TSSI,NASDAQ,TSS Inc. Common Stock,Consumer Discretionary
TSUI,NASDAQ,21shares Sui ETF Common Shares of Beneficial Interest Shares,Unknown
TT,NASDAQ,Trane Technologies plc,Industrials
TTAM,NASDAQ,Titan America SA Common Shares,Industrials
TTAN,NASDAQ,ServiceTitan Inc. Class A Common Stock,Technology
TTC,NASDAQ,Toro Company (The) Common Stock,Consumer Discretionary
TTD,NASDAQ,The Trade Desk Inc. Class A Common Stock,Technology
TTE,NASDAQ,TotalEnergies SE Ordinary Shares,Energy
TTEC,NASDAQ,TTEC Holdings Inc. Common Stock,Consumer Discretionary
TTEK,NASDAQ,Tetra Tech Inc. Common Stock,Consumer Discretionary
TTGT,NASDAQ,TechTarget Inc. Common Stock,Telecommunications
TTI,NASDAQ,Tetra Technologies Inc. Common Stock,Energy
TTMI,NASDAQ,TTM Technologies Inc. Common Stock,Technology
TTRX,NASDAQ,Turn Therapeutics Inc. Common Stock,Health Care
TTWO,NASDAQ,Take-Two Interactive Software Inc. Common Stock,Consumer Discretionary
TU,NASDAQ,Telus Corporation Ordinary Shares,Telecommunications
TULP,NASDAQ,Bloomia Holdings Inc. Common Stock,Consumer Staples
TURB,NASDAQ,Turbo Energy S.A. American Depositary Shares,Miscellaneous
TUSK,NASDAQ,Mammoth Energy Services Inc. Common Stock,Energy
TUYA,NASDAQ,Tuya Inc. American Depositary Shares each representing one Class A Ordinary Share,Technology
TV,NASDAQ,Grupo Televisa S.A.B. Common Stock,Industrials
TVA,NASDAQ,Texas Ventures Acquisition III Corp Class A Ordinary Share,Unknown
TVACU,NASDAQ,Texas Ventures Acquisition III Corp Unit,Finance
TVACW,NASDAQ,Texas Ventures Acquisition III Corp Warrants,Unknown
TVAIU,NASDAQ,Thayer Ventures Acquisition Corporation II Unit,Finance
TVC,NASDAQ,Tennessee Valley Authority Common Stock,Utilities
TVE,NASDAQ,Tennessee Valley Authority,Utilities
TVGN,NASDAQ,Tevogen Bio Holdings Inc. Common Stock,Health Care
TVGNW,NASDAQ,Tevogen Bio Holdings Inc. Warrant,Health Care
TVRD,NASDAQ,Tvardi Therapeutics Inc. Common Stock,Health Care
TVTX,NASDAQ,Travere Therapeutics Inc. Common Stock,Health Care
TW,NASDAQ,Tradeweb Markets Inc. Class A Common Stock,Finance
TWAV,NASDAQ,TaoWeave Inc. Common Stock,Technology
TWFG,NASDAQ,TWFG Inc. Class A Common Stock,Finance
TWG,NASDAQ,Top Wealth Group Holding Limited Class A Ordinary Shares,Consumer Staples
TWI,NASDAQ,Titan International Inc. (DE) Common Stock,Industrials
TWIN,NASDAQ,Twin Disc Incorporated Common Stock,Industrials
TWLO,NASDAQ,Twilio Inc. Class A Common Stock,Technology
TWLV,NASDAQ,Twelve Seas Investment Company III Class A Ordinary Shares,Finance
TWN,NASDAQ,Taiwan Fund Inc. (The) Common Stock,Finance
TWO,NASDAQ,Two Harbors Investment Corp,Real Estate
TWO$A,NYSE,,Unknown
TWO$B,NYSE,,Unknown
TWO$C,NYSE,,Unknown
TWOD,NASDAQ,Two Harbors Investments Corp 9.375% Senior Notes due 2030,Real Estate
TWO^A,NASDAQ,Two Harbors Investments Corp 8.125% Series A Fixed-to-Floating Rate Cumulative Redeemable Preferred Stock ($25.00 liquidation preference per share),Unknown
TWO^B,NASDAQ,Two Harbors Investments Corp 7.625% Series B Fixed-to-Floating Rate Cumulative Redeemable Preferred Stock,Unknown
TWO^C,NASDAQ,Two Harbors Investments Corp 7.25% Series C Fixed-to-Floating Rate Cumulative Redeemable Preferred Stock,Unknown
TWST,NASDAQ,Twist Bioscience Corporation Common Stock,Health Care
TX,NASDAQ,Ternium S.A. Ternium S.A. American Depositary Shares (each representing ten shares USD1.00 par value),Industrials
TXG,NASDAQ,10x Genomics Inc. Class A Common Stock,Industrials
TXMD,NASDAQ,TherapeuticsMD Inc. Common Stock,Health Care
TXN,NASDAQ,Texas Instruments Incorporated Common Stock,Technology
TXNM,NASDAQ,TXNM Energy Inc. Common Stock,Utilities
TXO,NASDAQ,TXO Partners L.P. Common Units Representing Limited Partner Interests,Energy
TXRH,NASDAQ,Texas Roadhouse Inc. Common Stock,Consumer Discretionary
TXT,NASDAQ,Textron Inc. Common Stock,Industrials
TY,NASDAQ,Tri Continental Corporation Common Stock,Finance
TY$,NYSE,,Unknown
TYG,NASDAQ,Tortoise Energy Infrastructure Corporation Common Stock,Finance
TYGO,NASDAQ,Tigo Energy Inc. Common Stock,Technology
TYL,NASDAQ,Tyler Technologies Inc. Common Stock,Technology
TYRA,NASDAQ,Tyra Biosciences Inc. Common Stock,Health Care
TY^,NASDAQ,Tri Continental Corporation Preferred Stock,Unknown
TZOO,NASDAQ,Travelzoo Common Stock,Consumer Discretionary
T^A,NASDAQ,AT&T Inc. Depositary Shares each representing a 1/1000th interest in a share of 5.000% Perpetual Preferred Stock Series A,Unknown
T^C,NASDAQ,AT&T Inc. Depositary Shares each representing a 1/1000th interest in a share of 4.750% Perpetual Preferred Stock Series C,Unknown
U,NASDAQ,Unity Software Inc. Common Stock,Technology
UA,NASDAQ,Under Armour Inc. Class C Common Stock,Consumer Discretionary
UAA,NASDAQ,Under Armour Inc. Class A Common Stock,Consumer Discretionary
UAC,NASDAQ,United Acquisition Corp. I Class A Ordinary Shares,Finance
UAL,NASDAQ,United Airlines Holdings Inc. Common Stock,Consumer Discretionary
UAMY,NASDAQ,United States Antimony Corporation Common Stock,Industrials
UAN,NASDAQ,CVR Partners LP Common Units representing Limited Partner Interests,Industrials
UAVS,NASDAQ,AgEagle Aerial Systems Inc. Common Stock,Industrials
UBCP,NASDAQ,United Bancorp Inc. Common Stock,Finance
UBER,NASDAQ,Uber Technologies Inc. Common Stock,Real Estate
UBFO,NASDAQ,United Security Bancshares Common Stock,Finance
UBS,NASDAQ,UBS Group AG Registered Ordinary Shares,Finance
UBSI,NASDAQ,United Bankshares Inc. Common Stock,Finance
UBXG,NASDAQ,U-BX Technology Ltd. Class A Ordinary Shares,Technology
UCAR,NASDAQ,U Power Limited Class A Ordinary Shares,Consumer Discretionary
UCB,NASDAQ,United Community Banks Inc. Common Stock,Finance
UCL,NASDAQ,uCloudlink Group Inc. American Depositary Shares,Consumer Discretionary
UCTT,NASDAQ,Ultra Clean Holdings Inc. Common Stock,Technology
UDMY,NASDAQ,Udemy Inc. Common Stock,Real Estate
UDR,NASDAQ,UDR Inc. Common Stock,Real Estate
UE,NASDAQ,Urban Edge Properties Common Shares of Beneficial Interest,Finance
UEC,NASDAQ,Uranium Energy Corp. Common Stock,Basic Materials
UEIC,NASDAQ,Universal Electronics Inc. Common Stock,Consumer Staples
UFCS,NASDAQ,United Fire Group Inc. Common Stock,Finance
UFG,NASDAQ,Uni-Fuels Holdings Limited Class A Ordinary Shares,Energy
UFI,NASDAQ,Unifi Inc. New Common Stock,Consumer Discretionary
UFPI,NASDAQ,UFP Industries Inc. Common Stock,Basic Materials
UFPT,NASDAQ,UFP Technologies Inc. Common Stock,Health Care
UG,NASDAQ,United-Guardian Inc. Common Stock,Consumer Discretionary
UGI,NASDAQ,UGI Corporation Common Stock,Utilities
UGP,NASDAQ,Ultrapar Participacoes S.A. (New) American Depositary Shares (Each representing one Common Share),Utilities
UGRO,NASDAQ,urban-gro Inc. Common Stock,Consumer Discretionary
UHAL,NASDAQ,U-Haul Holding Company Common Stock,Consumer Discretionary
UHG,NASDAQ,United Homes Group Inc Class A Common Stock,Consumer Discretionary
UHGWW,NASDAQ,United Homes Group Inc. Warrant,Consumer Discretionary
UHS,NASDAQ,Universal Health Services Inc. Common Stock,Health Care
UHT,NASDAQ,Universal Health Realty Income Trust Common Stock,Real Estate
UI,NASDAQ,Ubiquiti Inc. Common Stock,Technology
UIS,NASDAQ,Unisys Corporation New Common Stock,Technology
UK,NASDAQ,Ucommune International Ltd Ordinary Shares,Real Estate
UL,NASDAQ,Unilever PLC American Depositary Shares (each representing One Ordinary Share),Consumer Discretionary
ULBI,NASDAQ,Ultralife Corporation Common Stock,Miscellaneous
ULCC,NASDAQ,Frontier Group Holdings Inc. Common Stock,Consumer Discretionary
ULH,NASDAQ,Universal Logistics Holdings Inc. Common Stock,Industrials
ULS,NASDAQ,UL Solutions Inc. Class A Common Stock,Health Care
ULTA,NASDAQ,Ulta Beauty Inc. Common Stock,Consumer Discretionary
ULY,NASDAQ,Urgent.ly Inc. Common Stock,Technology
UMAC,NASDAQ,Unusual Machines Inc. Common Stock,Technology
UMBF,NASDAQ,UMB Financial Corporation Common Stock,Finance
UMBFO,NASDAQ,UMB Financial Corporation Depositary Shares Each Representing a 1/400th Interest in a Share of 7.750% Fixed-Rate Reset Non-Cumulative Perpetual Preferred Stock Series B,Finance
UMC,NASDAQ,United Microelectronics Corporation (NEW) Common Stock,Technology
UMH,NASDAQ,UMH Properties Inc. Common Stock,Real Estate
UMH$D,NYSE,,Unknown
UMH^D,NASDAQ,UMH Properties Inc. 6.375% Series D Cumulative Redeemable Preferred Stock Liquidation Preference $25 per share,Unknown
UNB,NASDAQ,Union Bankshares Inc. Common Stock,Finance
UNCY,NASDAQ,Unicycive Therapeutics Inc. Common Stock,Health Care
UNF,NASDAQ,Unifirst Corporation Common Stock,Consumer Discretionary
UNFI,NASDAQ,United Natural Foods Inc. Common Stock,Consumer Discretionary
UNH,NASDAQ,UnitedHealth Group Incorporated Common Stock (DE),Health Care
UNIT,NASDAQ,Uniti Group Inc. Common Stock,Real Estate
UNM,NASDAQ,Unum Group Common Stock,Finance
UNMA,NASDAQ,Unum Group 6.250% Junior Subordinated Notes due 2058,Finance
UNP,NASDAQ,Union Pacific Corporation Common Stock,Industrials
UNTY,NASDAQ,Unity Bancorp Inc. Common Stock,Finance
UOKA,NASDAQ,MDJM LTD Class A Ordinary Shares,Finance
UONE,NASDAQ,Urban One Inc. Class A Common Stock,Consumer Discretionary
UONEK,NASDAQ,Urban One Inc. Class D Common Stock,Consumer Discretionary
UP,NASDAQ,Wheels Up Experience Inc. Class A Common Stock,Consumer Discretionary
UPB,NASDAQ,Upstream Bio Inc. Common Stock,Health Care
UPBD,NASDAQ,Upbound Group Inc. Common Stock,Consumer Discretionary
UPC,NASDAQ,Universe Pharmaceuticals Inc. Class A Ordinary Shares,Health Care
UPLD,NASDAQ,Upland Software Inc. Common Stock,Technology
UPS,NASDAQ,United Parcel Service Inc. Common Stock,Industrials
UPST,NASDAQ,Upstart Holdings Inc. Common stock,Finance
UPWK,NASDAQ,Upwork Inc. Common Stock,Technology
UPXI,NASDAQ,Upexi Inc. Common Stock,Health Care
URBN,NASDAQ,Urban Outfitters Inc. Common Stock,Consumer Discretionary
URG,NASDAQ,Ur Energy Inc Common Shares (Canada),Basic Materials
URGN,NASDAQ,UroGen Pharma Ltd. Ordinary Shares,Health Care
URI,NASDAQ,United Rentals Inc. Common Stock,Consumer Discretionary
UROY,NASDAQ,Uranium Royalty Corp. Common Stock,Finance
USA,NASDAQ,Liberty All-Star Equity Fund Common Stock,Finance
USAC,NASDAQ,USA Compression Partners LP Common Units Representing Limited Partner Interests,Utilities
USAR,NASDAQ,USA Rare Earth Inc. Class A Common Stock,Basic Materials
USAS,NASDAQ,Americas Gold and Silver Corporation Common Shares no par value,Basic Materials
USAU,NASDAQ,U.S. Gold Corp. Common Stock,Basic Materials
USB,NASDAQ,U.S. Bancorp Common Stock,Finance
USB$A,NYSE,,Unknown
USB$H,NYSE,,Unknown
USB$P,NYSE,,Unknown
USB$Q,NYSE,,Unknown
USB$R,NYSE,,Unknown
USB$S,NYSE,,Unknown
USBC,NASDAQ,USBC Inc. Common Stock,Industrials
USB^A,NASDAQ,U.S. Bancorp Depositary Shares Each representing a 1/100th interest in a share of Series A Non-CumulativePerpetual Pfd Stock,Unknown
USB^H,NASDAQ,U.S. Bancorp Depositary Shares repstg 1/1000th Pfd Ser B,Unknown
USB^P,NASDAQ,U.S. Bancorp Depositary Shares each representing a 1/1000th interest in a share of Series K Non-Cumulative Perpetual Preferred Stock,Unknown
USB^Q,NASDAQ,U.S. Bancorp Depositary Shares Each Representing a 1/1000th Interest in a Share of Series L Non-Cumulative Perpetual Preferred Stock,Unknown
USB^R,NASDAQ,U.S. Bancorp Depositary Shares Each Representing a 1/1000th Interest in a Share of Series M Non-Cumulative Perpetual Preferred Stock,Unknown
USB^S,NASDAQ,U.S. Bancorp Depositary Shares each representing a 1/1000th interest in a share of Series O Non-Cumulative Perpetual Preferred Stock,Unknown
USCB,NASDAQ,USCB Financial Holdings Inc. Class A Common Stock,Finance
USEA,NASDAQ,United Maritime Corporation Common Stock,Consumer Discretionary
USEG,NASDAQ,U.S. Energy Corp. Common Stock (DE),Energy
USFD,NASDAQ,US Foods Holding Corp. Common Stock,Consumer Discretionary
USGO,NASDAQ,U.S. GoldMining Inc. Common stock,Basic Materials
USGOW,NASDAQ,U.S. GoldMining Inc. Warrant,Basic Materials
USIO,NASDAQ,Usio Inc. Common Stock,Finance
USLM,NASDAQ,United States Lime & Minerals Inc. Common Stock,Industrials
USNA,NASDAQ,USANA Health Sciences Inc. Common Stock,Health Care
USPH,NASDAQ,U.S. Physical Therapy Inc. Common Stock,Health Care
UTF,NASDAQ,Cohen & Steers Infrastructure Fund Inc Common Stock,Finance
UTG,NASDAQ,Reaves Utility Income Fund Common Shares of Beneficial Interest,Finance
UTHR,NASDAQ,United Therapeutics Corporation Common Stock,Health Care
UTI,NASDAQ,Universal Technical Institute Inc Common Stock,Real Estate
UTL,NASDAQ,UNITIL Corporation Common Stock,Utilities
UTMD,NASDAQ,Utah Medical Products Inc. Common Stock,Health Care
UTSI,NASDAQ,UTStarcom Holdings Corp. Ordinary Shares,Telecommunications
UTZ,NASDAQ,Utz Brands Inc Class A Common Stock,Consumer Staples
UUU,NASDAQ,Universal Safety Products Inc. Common Stock,Technology
UUUU,NASDAQ,Energy Fuels Inc Ordinary Shares (Canada),Industrials
UVE,NASDAQ,UNIVERSAL INSURANCE HOLDINGS INC Common Stock,Finance
UVSP,NASDAQ,Univest Financial Corporation Common Stock,Finance
UVV,NASDAQ,Universal Corporation Common Stock,Industrials
UWMC,NASDAQ,UWM Holdings Corporation Class A Common Stock,Finance
UXIN,NASDAQ,Uxin Limited ADS,Real Estate
UYSC,NASDAQ,UY Scuti Acquisition Corp. Ordinary Shares,Finance
UZD,NASDAQ,Array Digital Infrastructure Inc. 6.250% Senior Notes due 2069,Telecommunications
UZE,NASDAQ,Array Digital Infrastructure Inc. 5.500% Senior Notes due 2070,Telecommunications
UZF,NASDAQ,Array Digital Infrastructure Inc. 5.500% Senior Notes due 2070,Telecommunications
V,NASDAQ,Visa Inc.,Real Estate
VABK,NASDAQ,Virginia National Bankshares Corporation Common Stock,Finance
VAC,NASDAQ,Marriott Vacations Worldwide Corporation Common Stock,Finance
VACH,NASDAQ,Voyager Acquisition Corp Class A Ordinary Shares,Unknown
VACHU,NASDAQ,Voyager Acquisition Corp Unit,Finance
VACHW,NASDAQ,Voyager Acquisition Corp Warrants,Finance
VACI,NASDAQ,Viking Acquisition Corp. I Class A Ordinary Shares,Telecommunications
VAL,NASDAQ,Valaris Limited Common Shares,Energy
VALE,NASDAQ,VALE S.A.  American Depositary Shares Each Representing one common share,Basic Materials
VALN,NASDAQ,Valneva SE American Depositary Shares,Health Care
VALU,NASDAQ,Value Line Inc. Common Stock,Finance
VANI,NASDAQ,Vivani Medical Inc. Common Stock (DE),Health Care
VATE,NASDAQ,INNOVATE Corp. Common Stock,Industrials
VAVX,NASDAQ,VanEck Avalanche ETF Common Shares of Beneficial Interest,Unknown
VBF,NASDAQ,Invesco Bond Fund Common Stock,Finance
VBIX,NASDAQ,Viewbix Inc. Common Stock,Technology
VBNK,NASDAQ,VersaBank Common Shares,Finance
VC,NASDAQ,Visteon Corporation Common Stock,Consumer Discretionary
VCEL,NASDAQ,Vericel Corporation Common Stock,Health Care
VCIC,NASDAQ,Vine Hill Capital Investment Corp. Class A Ordinary Shares,Unknown
VCICU,NASDAQ,Vine Hill Capital Investment Corp. Unit,Finance
VCICW,NASDAQ,Vine Hill Capital Investment Corp. Warrant,Finance
VCIG,NASDAQ,VCI Global Limited Ordinary Share,Consumer Discretionary
VCTR,NASDAQ,Victory Capital Holdings Inc. Class A Common Stock,Finance
VCV,NASDAQ,Invesco California Value Municipal Income Trust Common Stock,Finance
VCYT,NASDAQ,Veracyte Inc. Common Stock,Health Care
VECO,NASDAQ,Veeco Instruments Inc. Common Stock,Technology
VEEA,NASDAQ,Veea Inc. Common Stock,Finance
VEEE,NASDAQ,Twin Vee PowerCats Co. Common Stock,Industrials
VEEV,NASDAQ,Veeva Systems Inc. Class A Common Stock,Technology
VEL,NASDAQ,Velocity Financial Inc. Common Stock,Finance
VELO,NASDAQ,Velo3D Inc. Common stock,Technology
VENU,NASDAQ,Venu Holding Corporation Common Stock,Consumer Discretionary
VEON,NASDAQ,VEON Ltd. ADS,Telecommunications
VERA,NASDAQ,Vera Therapeutics Inc. Class A Common Stock,Health Care
VERI,NASDAQ,Veritone Inc. Common Stock,Technology
VERU,NASDAQ,Veru Inc. Common Stock,Health Care
VERX,NASDAQ,Vertex Inc. Class A Common Stock,Technology
VET,NASDAQ,Vermilion Energy Inc. Common (Canada),Energy
VFC,NASDAQ,V.F. Corporation Common Stock,Industrials
VFF,NASDAQ,Village Farms International Inc. Common Shares,Unknown
VFL,NASDAQ,abrdn National Municipal Income Fund Common Stock,Finance
VFS,NASDAQ,VinFast Auto Ltd. Ordinary Shares,Industrials
VFSWW,NASDAQ,VinFast Auto Ltd. Warrant,Industrials
VG,NASDAQ,Venture Global Inc. Class A common stock,Utilities
VGAS,NASDAQ,Verde Clean Fuels Inc. Class A Common Stock,Industrials
VGASW,NASDAQ,Verde Clean Fuels Inc. Warrant,Industrials
VGI,NASDAQ,Virtus Global Multi-Sector Income Fund Common Shares of Beneficial Interest,Finance
VGM,NASDAQ,Invesco Trust for Investment Grade Municipals Common Stock (DE),Finance
VGZ,NASDAQ,Vista Gold Corp Common Stock,Basic Materials
VHC,NASDAQ,VirnetX Holding Corp Common Stock,Miscellaneous
VHCP,NASDAQ,Vine Hill Capital Investment Corp. II Class A Ordinary Shares,Unknown
VHCPU,NASDAQ,Vine Hill Capital Investment Corp. II Units,Finance
VHCPW,NASDAQ,Vine Hill Capital Investment Corp. II Warrants,Unknown
VHI,NASDAQ,Valhi Inc. Common Stock,Basic Materials
VHUB,NASDAQ,VenHub Global Inc. Common Stock,Technology
VIA,NASDAQ,Via Transportation Inc. Class A Common Stock,Technology
VIASP,NASDAQ,Via Renewables Inc. 8.75% Series A Fixed-to-Floating Rate Cumulative Redeemable Perpetual Preferred Stock,Utilities
VIAV,NASDAQ,Viavi Solutions Inc. Common Stock,Technology
VICI,NASDAQ,VICI Properties Inc. Common Stock,Real Estate
VICR,NASDAQ,Vicor Corporation Common Stock,Technology
VIK,NASDAQ,Viking Holdings Ltd Ordinary Shares,Consumer Discretionary
VINP,NASDAQ,Vinci Compass Investments Ltd. Class A Common Shares,Finance
VIOT,NASDAQ,Viomi Technology Co. Ltd American Depositary Shares,Consumer Discretionary
VIPS,NASDAQ,Vipshop Holdings Limited American Depositary Shares each representing two ordinary shares,Consumer Discretionary
VIR,NASDAQ,Vir Biotechnology Inc. Common Stock,Health Care
VIRC,NASDAQ,Virco Manufacturing Corporation Common Stock,Consumer Discretionary
VIRT,NASDAQ,Virtu Financial Inc. Class A Common Stock,Finance
VISN,NASDAQ,Vistance Networks Inc. Common Stock,Technology
VIST,NASDAQ,Vista Energy S.A.B. de C.V. American Depositary Shares each representing one series A share with no par value,Energy
VITL,NASDAQ,Vital Farms Inc. Common Stock,Consumer Staples
VIV,NASDAQ,Telefonica Brasil S.A. American Depositary Shares (Each representing One Common Share),Telecommunications
VIVS,NASDAQ,VivoSim Labs Inc. Common Stock,Health Care
VKI,NASDAQ,Invesco Advantage Municipal Income Trust II Common Shares of Beneficial Interest (DE),Finance
VKQ,NASDAQ,Invesco Municipal Trust Common Stock,Finance
VKTX,NASDAQ,Viking Therapeutics Inc. Common Stock,Health Care
VLGEA,NASDAQ,Village Super Market Inc. Class A Common Stock,Consumer Staples
VLN,NASDAQ,Valens Semiconductor Ltd. Ordinary Shares,Technology
VLO,NASDAQ,Valero Energy Corporation Common Stock,Energy
VLRS,NASDAQ,Controladora Vuela Compania de Aviacion S.A.B. de C.V. American Depositary Shares each representing ten (10) Ordinary Participation Certificates,Consumer Discretionary
VLT,NASDAQ,Invesco High Income Trust II,Finance
VLTO,NASDAQ,Veralto Corp Common Stock,Industrials
VLY,NASDAQ,Valley National Bancorp Common Stock,Finance
VLYPN,NASDAQ,Valley National Bancorp 8.250% Fixed-Rate Reset Non-Cumulative Perpetual Preferred Stock Series C,Finance
VLYPO,NASDAQ,Valley National Bancorp 5.50% Fixed-to-Floating Rate Non-Cumulative Perpetual Preferred Stock Series B,Finance
VLYPP,NASDAQ,Valley National Bancorp 6.25% Fixed-to-Floating Rate Non-Cumulative Perpetual Preferred Stock Series A,Finance
VMAR,NASDAQ,Vision Marine Technologies Inc. Common Shares,Industrials
VMC,NASDAQ,Vulcan Materials Company (Holding Company) Common Stock,Industrials
VMD,NASDAQ,Viemed Healthcare Inc. Common Shares,Health Care
VMET,NASDAQ,Versamet Royalties Corporation Common Stock,Unknown
VMI,NASDAQ,Valmont Industries Inc. Common Stock,Industrials
VMO,NASDAQ,Invesco Municipal Opportunity Trust Common Stock,Finance
VNCE,NASDAQ,Vince Holding Corp. Common Stock,Consumer Discretionary
VNDA,NASDAQ,Vanda Pharmaceuticals Inc. Common Stock,Health Care
VNET,NASDAQ,VNET Group Inc. American Depositary Shares,Technology
VNMEW,NASDAQ,Vendome Acquisition Corporation I Warrant,Finance
VNO,NASDAQ,Vornado Realty Trust Common Stock,Real Estate
VNO$L,NYSE,,Unknown
VNO$M,NYSE,,Unknown
VNO$N,NYSE,,Unknown
VNO$O,NYSE,,Unknown
VNOM,NASDAQ,Viper Energy Inc. Class A Common Stock,Energy
VNO^L,NASDAQ,Vornado Realty Trust Pfd Ser L %,Unknown
VNO^M,NASDAQ,Vornado Realty Trust 5.25% Series M Cumulative Redeemable Preferred Shares of Beneficial Interest liquidation preference $25.00 per share no par value per share,Unknown
VNO^N,NASDAQ,Vornado Realty Trust 5.25% Series N Cumulative Redeemable Preferred Shares of Beneficial Interest liquidation preference $25.00 per share,Unknown
VNO^O,NASDAQ,Vornado Realty Trust 4.45% Series O Cumulative Redeemable Preferred Shares Liquidation Preference $25.00 Per Share,Unknown
VNRX,NASDAQ,VolitionRX Limited Common Stock,Health Care
VNT,NASDAQ,Vontier Corporation Common Stock,Industrials
VNTG,NASDAQ,Vantage Corp Class A Ordinary Shares,Industrials
VOC,NASDAQ,VOC Energy Trust Units of Beneficial Interest,Energy
VOD,NASDAQ,Vodafone Group Plc American Depositary Shares,Telecommunications
VOR,NASDAQ,Vor Biopharma Inc. Common Stock,Health Care
VOXR,NASDAQ,Vox Royalty Corp. Common Stock,Basic Materials
VOYA,NASDAQ,Voya Financial Inc. Common Stock,Finance
VOYA$B,NYSE,,Unknown
VOYA^B,NASDAQ,Voya Financial Inc. Depositary Shares each representing a 1/40th interest in a share of 5.35% Fixed-Rate Reset Non-Cumulative Preferred Stock Series B,Unknown
VOYG,NASDAQ,Voyager Technologies Inc. Class A Common Stock,Industrials
VPG,NASDAQ,Vishay Precision Group Inc. Common Stock,Technology
VPV,NASDAQ,Invesco Pennsylvania Value Municipal Income Trust Common Stock (DE),Finance
VRA,NASDAQ,Vera Bradley Inc. Common Stock,Consumer Discretionary
VRAX,NASDAQ,Virax Biolabs Group Limited Ordinary Shares,Health Care
VRCA,NASDAQ,Verrica Pharmaceuticals Inc. Common Stock,Health Care
VRDN,NASDAQ,Viridian Therapeutics Inc. Common Stock,Health Care
VRE,NASDAQ,Veris Residential Inc. Common Stock,Real Estate
VREX,NASDAQ,Varex Imaging Corporation Common Stock,Technology
VRM,NASDAQ,Vroom Inc. Common Stock,Consumer Discretionary
VRME,NASDAQ,VerifyMe Inc. Common Stock,Technology
VRNS,NASDAQ,Varonis Systems Inc. Common Stock,Technology
VRRM,NASDAQ,Verra Mobility Corporation Class A Common Stock,Consumer Discretionary
VRSK,NASDAQ,Verisk Analytics Inc. Common Stock,Industrials
VRSN,NASDAQ,VeriSign Inc. Common Stock,Technology
VRT,NASDAQ,Vertiv Holdings LLC Class A Common Stock,Technology
VRTS,NASDAQ,Virtus Investment Partners Inc. Common Stock,Finance
VRTX,NASDAQ,Vertex Pharmaceuticals Incorporated Common Stock,Health Care
VS,NASDAQ,Versus Systems Inc. Common Stock,Technology
VSA,NASDAQ,VisionSys AI Inc. American Depositary Shares,Real Estate
VSAT,NASDAQ,ViaSat Inc. Common Stock,Technology
VSCO,NASDAQ,Victorias Secret & Co. Common Stock,Consumer Discretionary
VSEC,NASDAQ,VSE Corporation Common Stock,Consumer Discretionary
VSECU,NASDAQ,VSE Corporation Tangible Equity Units,Unknown
VSEE,NASDAQ,VSee Health Inc. Common Stock,Health Care
VSH,NASDAQ,Vishay Intertechnology Inc. Common Stock,Technology
VSME,NASDAQ,VS Media Holdings Limited Class A Ordinary Shares,Consumer Discretionary
VSNT,NASDAQ,Versant Media Group Inc. Class A Common Stock,Industrials
VST,NASDAQ,Vistra Corp. Common Stock,Utilities
VSTD,NASDAQ,Vestand Inc. Class A Common Stock,Consumer Discretionary
VSTM,NASDAQ,Verastem Inc. Common Stock,Health Care
VSTS,NASDAQ,Vestis Corporation Common Stock,Consumer Discretionary
VTAK,NASDAQ,Catheter Precision Inc. Common Stock,Health Care
VTEX,NASDAQ,VTEX Class A Common Shares,Technology
VTGN,NASDAQ,Vistagen Therapeutics Inc. Common Stock,Health Care
VTIX,NASDAQ,Virtuix Holdings Inc. Class A Common Stock,Technology
VTMX,NASDAQ,Corporacion Inmobiliaria Vesta S.A.B de C.V. American Depositary Shares each representing ten (10) Common Shares,Finance
VTN,NASDAQ,Invesco Trust for Investment Grade New York Municipals Common Stock,Finance
VTOL,NASDAQ,Bristow Group Inc. Common Stock,Consumer Discretionary
VTR,NASDAQ,Ventas Inc. Common Stock,Real Estate
VTRS,NASDAQ,Viatris Inc. Common Stock,Health Care
VTS,NASDAQ,Vitesse Energy Inc. Common Stock,Energy
VTSI,NASDAQ,VirTra Inc. Common Stock,Consumer Discretionary
VTVT,NASDAQ,vTv Therapeutics Inc. Class A Common Stock,Health Care
VUZI,NASDAQ,Vuzix Corporation Common Stock,Technology
VVOS,NASDAQ,Vivos Therapeutics Inc. Common Stock,Health Care
VVPR,NASDAQ,VivoPower International PLC Ordinary Shares,Utilities
VVR,NASDAQ,Invesco Senior Income Trust Common Stock (DE),Finance
VVV,NASDAQ,Valvoline Inc. Common Stock,Industrials
VVX,NASDAQ,V2X Inc. Common Stock,Consumer Discretionary
VWAV,NASDAQ,VisionWave Holdings Inc. Common Stock,Technology
VWAVW,NASDAQ,VisionWave Holdings Inc. Warrant,Technology
VYGR,NASDAQ,Voyager Therapeutics Inc. Common Stock,Health Care
VYNE,NASDAQ,VYNE Therapeutics Inc. Common Stock,Health Care
VYX,NASDAQ,NCR Voyix Corporation Common Stock,Miscellaneous
VZ,NASDAQ,Verizon Communications Inc. Common Stock,Telecommunications
VZLA,NASDAQ,Vizsla Silver Corp. Common Shares,Basic Materials
W,NASDAQ,Wayfair Inc. Class A Common Stock,Consumer Discretionary
WAB,NASDAQ,Westinghouse Air Brake Technologies Corporation Common Stock,Industrials
WABC,NASDAQ,Westamerica Bancorporation Common Stock,Finance
WAFD,NASDAQ,WaFd Inc. Common Stock,Finance
WAFDP,NASDAQ,WaFd Inc. Depositary Shares,Finance
WAFU,NASDAQ,Wah Fu Education Group Limited Ordinary Shares,Real Estate
WAGN,NYSE,,Unknown
WAI,NASDAQ,Top KingWin Ltd Class A Ordinary Shares,Real Estate
WAL,NASDAQ,Western Alliance Bancorporation Common Stock (DE),Finance
WAL$A,NYSE,,Unknown
WALD,NASDAQ,Waldencast plc Class A Ordinary Share,Consumer Discretionary
WALDW,NASDAQ,Waldencast plc Warrant,Consumer Discretionary
WAL^A,NASDAQ,Western Alliance Bancorporation Depositary Shares Each Representing a 1/400th Interest in a Share of 4.250% Fixed-Rate Non-Cumulative Perpetual Preferred Stock Series A,Unknown
WASH,NASDAQ,Washington Trust Bancorp Inc. Common Stock,Finance
WAT,NASDAQ,Waters Corporation Common Stock,Industrials
WATT,NASDAQ,Energous Corporation Common Stock,Technology
WAVE,NASDAQ,Eco Wave Power Global AB (publ) American Depositary Shares,Utilities
WAY,NASDAQ,Waystar Holding Corp. Common Stock,Technology
WB,NASDAQ,Weibo Corporation American Depositary Share,Technology
WBD,NASDAQ,Warner Bros. Discovery Inc. Series A Common Stock,Consumer Discretionary
WBI,NASDAQ,WaterBridge Infrastructure LLC Class A Shares Representing Limited Liability Company Interests,Energy
WBIY,NYSE,,Unknown
WBS,NASDAQ,Webster Financial Corporation Common Stock,Finance
WBS$F,NYSE,,Unknown
WBS$G,NYSE,,Unknown
WBS^F,NASDAQ,Webster Financial Corporation Depositary Shares Each Representing 1/1000th Interest in a Share of 5.25% Series F Non-Cumulative Perpetual Preferred Stock,Unknown
WBS^G,NASDAQ,Webster Financial Corporation Depositary Shares each representing a 1/40th interest in a share of 6.50% Series G non-cumulative perpetual preferred stock,Unknown
WBTN,NASDAQ,WEBTOON Entertainment Inc. Common stock,Consumer Discretionary
WBUY,NASDAQ,WEBUY GLOBAL LTD. Class A Ordinary Shares,Consumer Discretionary
WBX,NASDAQ,Wallbox N.V. Class A Ordinary Shares,Consumer Discretionary
WCC,NASDAQ,WESCO International Inc. Common Stock,Consumer Discretionary
WCN,NASDAQ,Waste Connections Inc. Common Shares,Utilities
WCT,NASDAQ,Wellchange Holdings Company Limited Class A Ordinary shares,Technology
WD,NASDAQ,Walker & Dunlop Inc Common Stock,Finance
WDAY,NASDAQ,Workday Inc. Class A Common Stock,Technology
WDC,NASDAQ,Western Digital Corporation Common Stock,Technology
WDFC,NASDAQ,WD-40 Company Common Stock,Industrials
WDH,NASDAQ,Waterdrop Inc. American Depositary Shares (each representing the right to receive 10 Class A Ordinary Shares),Finance
WDI,NASDAQ,Western Asset Diversified Income Fund Common Shares of Beneficial Interest,Finance
WDS,NASDAQ,Woodside Energy Group Limited American Depositary Shares each representing one Ordinary Share,Energy
WEA,NASDAQ,Western Asset Bond Fund Share of Beneficial Interest,Finance
WEAV,NASDAQ,Weave Communications Inc. Common Stock,Technology
WEC,NASDAQ,WEC Energy Group Inc. Common Stock,Utilities
WELL,NASDAQ,Welltower Inc. Common Stock,Real Estate
WEN,NASDAQ,Wendy's Company (The) Common Stock,Consumer Discretionary
WENN,NASDAQ,Wen Acquisition Corp Class A Ordinary Shares,Unknown
WENNW,NASDAQ,Wen Acquisition Corp Warrant,Finance
WERN,NASDAQ,Werner Enterprises Inc. Common Stock,Industrials
WES,NASDAQ,Western Midstream Partners LP Common Units Representing Limited Partner Interests,Utilities
WEST,NASDAQ,Westrock Coffee Company Common Stock,Consumer Staples
WETH,NASDAQ,Wetouch Technology Inc. Common Stock,Technology
WETO,NASDAQ,Webus International Limited Ordinary Shares,Industrials
WEX,NASDAQ,WEX Inc. common stock,Real Estate
WEYS,NASDAQ,Weyco Group Inc. Common Stock,Consumer Staples
WF,NASDAQ,Woori Financial Group Inc. American Depositary Shares (each representing three (3) shares of Common Stock),Finance
WFC,NASDAQ,Wells Fargo & Company Common Stock,Finance
WFC$A,NYSE,,Unknown
WFC$C,NYSE,,Unknown
WFC$D,NYSE,,Unknown
WFC$L,NYSE,,Unknown
WFC$Y,NYSE,,Unknown
WFC$Z,NYSE,,Unknown
WFCF,NASDAQ,Where Food Comes From Inc. Common Stock,Technology
WFC^A,NASDAQ,Wells Fargo & Company Depositary Shares each representing a 1/1000th interest in a share of Non-Cumulative Perpetual Class A Preferred Stock Series AA,Unknown
WFC^C,NASDAQ,Wells Fargo & Company Depositary Shares each representing a 1/1000th interest in a share of Non-Cumulative Perpetual Class A Preferred Stock Series CC,Unknown
WFC^D,NASDAQ,Wells Fargo & Company Depositary Shares each representing a 1/1000th interest in  a share of Non-Cumulative Perpetual Class A Preferred Stock Series DD,Unknown
WFC^L,NASDAQ,Wells Fargo & Company 7.50% Non-Cumulative Perpetual Convertible Class A Preferred Stock Series L,Unknown
WFC^Y,NASDAQ,Wells Fargo & Company Depositary Shares each representing a 1/1000th interest in a share of Non-Cumulative Perpetual Class A Preferred Stock Series Y,Unknown
WFC^Z,NASDAQ,Wells Fargo & Company Depositary Shares each representing a 1/1000th interest in a share of Non-Cumulative Perpetual Class A Preferred Stock Series Z,Unknown
WFF,NASDAQ,WF Holding Limited Ordinary Shares,Consumer Discretionary
WFG,NASDAQ,West Fraser Timber Co. Ltd Common stock,Basic Materials
WFRD,NASDAQ,Weatherford International plc Ordinary Shares,Consumer Discretionary
WGO,NASDAQ,Winnebago Industries Inc. Common Stock,Industrials
WGRX,NASDAQ,Wellgistics Health Inc. Common Stock,Health Care
WGS,NASDAQ,GeneDx Holdings Corp. Class A Common Stock,Technology
WGSWW,NASDAQ,GeneDx Holdings Corp. Warrant,Technology
WH,NASDAQ,Wyndham Hotels & Resorts Inc. Common Stock,Consumer Discretionary
WHD,NASDAQ,Cactus Inc. Class A Common Stock,Consumer Discretionary
WHF,NASDAQ,WhiteHorse Finance Inc. Common Stock,Finance
WHFCL,NASDAQ,WhiteHorse Finance Inc. 7.875% Notes due 2028,Unknown
WHG,NASDAQ,Westwood Holdings Group Inc Common Stock,Finance
WHLR,NASDAQ,Wheeler Real Estate Investment Trust Inc. Common Stock,Real Estate
WHLRD,NASDAQ,Wheeler Real Estate Investment Trust Inc. Series D Cumulative Preferred Stock,Real Estate
WHLRL,NASDAQ,Wheeler Real Estate Investment Trust Inc. 7.00% Senior Subordinated Convertible Notes Due 2031,Real Estate
WHLRP,NASDAQ,Wheeler Real Estate Investment Trust Inc. Class B Preferred Stock,Real Estate
WHR,NASDAQ,Whirlpool Corporation Common Stock,Consumer Discretionary
WHR$A,NYSE,,Unknown
WHR^A,NASDAQ,Whirlpool Corporation Depositary Shares each representing a 1/20th interest in a share of 8.50% Series A Mandatory Convertible Preferred Stock,Unknown
WHWK,NASDAQ,Whitehawk Therapeutics Inc. Common Stock,Health Care
WIA,NASDAQ,Western Asset Inflation-Linked Income Fund,Finance
WILC,NASDAQ,G. Willi-Food International  Ltd. Ordinary Shares,Consumer Discretionary
WIMI,NASDAQ,WiMi Hologram Cloud Inc. Class B Ordinary Shares,Technology
WINA,NASDAQ,Winmark Corporation Common Stock,Consumer Discretionary
WING,NASDAQ,Wingstop Inc. Common Stock,Consumer Discretionary
WINN,NYSE,,Unknown
WIT,NASDAQ,Wipro Limited Common Stock,Technology
WIW,NASDAQ,Western Asset Inflation-Linked Opportunities & Income Fund,Finance
WIX,NASDAQ,Wix.com Ltd. Ordinary Shares,Technology
WK,NASDAQ,Workiva Inc. Class A Common Stock,Technology
WKC,NASDAQ,World Kinect Corporation Common Stock,Energy
WKEY,NASDAQ,WISeKey International Holding Ltd American Depositary Shares,Technology
WKHS,NASDAQ,Workhorse Group Inc. Common Stock,Industrials
WKSP,NASDAQ,Worksport Ltd. Common Stock,Consumer Discretionary
WLAC,NASDAQ,Willow Lane Acquisition Corp. Class A Ordinary Shares,Finance
WLACW,NASDAQ,Willow Lane Acquisition Corp. Warrants,Finance
WLDN,NASDAQ,Willdan Group Inc. Common Stock,Consumer Discretionary
WLDS,NASDAQ,Wearable Devices Ltd. Ordinary Share,Telecommunications
WLDSW,NASDAQ,Wearable Devices Ltd. Warrant,Telecommunications
WLFC,NASDAQ,Willis Lease Finance Corporation Common Stock,Consumer Discretionary
WLIIU,NASDAQ,Willow Lane Acquisition Corp. II Unit,Unknown
WLK,NASDAQ,Westlake Corporation Common Stock,Industrials
WLKP,NASDAQ,Westlake Chemical Partners LP Common Units representing limited partner interests,Industrials
WLTG,NYSE,,Unknown
WLTH,NASDAQ,Wealthfront Corporation Common Stock,Finance
WLY,NASDAQ,John Wiley & Sons Inc. Common Stock,Consumer Discretionary
WLYB,NASDAQ,John Wiley & Sons Inc. Common Stock,Consumer Discretionary
WM,NASDAQ,Waste Management Inc. Common Stock,Utilities
WMB,NASDAQ,Williams Companies Inc. (The) Common Stock,Utilities
WMG,NASDAQ,Warner Music Group Corp. Class A Common Stock,Consumer Discretionary
WMK,NASDAQ,Weis Markets Inc. Common Stock,Consumer Staples
WMS,NASDAQ,Advanced Drainage Systems Inc. Common Stock,Consumer Discretionary
WMT,NASDAQ,Walmart Inc. Common Stock,Consumer Discretionary
WNC,NASDAQ,Wabash National Corporation Common Stock,Industrials
WNEB,NASDAQ,Western New England Bancorp Inc. Common Stock,Finance
WNW,NASDAQ,Meiwu Technology Company Limited Ordinary Shares,Consumer Discretionary
WOK,NASDAQ,WORK Medical Technology Group LTD Class A Ordinary Shares,Health Care
WOLF,NASDAQ,Wolfspeed Inc. Common Stock New,Technology
WOOF,NASDAQ,Petco Health and Wellness Company Inc. Class A Common Stock,Consumer Discretionary
WOR,NASDAQ,Worthington Enterprises Inc. Common Shares,Industrials
WORX,NASDAQ,SCWorx Corp. Common Stock,Consumer Discretionary
WPAC,NASDAQ,White Pearl Acquisition Corp. Class A Ordinary Shares,Finance
WPC,NASDAQ,W. P. Carey Inc. REIT,Real Estate
WPM,NASDAQ,Wheaton Precious Metals Corp Common Shares (Canada),Basic Materials
WPP,NASDAQ,WPP plc American Depositary Shares,Consumer Discretionary
WPRT,NASDAQ,Westport Fuel Systems Inc Common Shares,Industrials
WRAP,NASDAQ,Wrap Technologies Inc. Common Stock,Industrials
WRB,NASDAQ,W.R. Berkley Corporation Common Stock,Finance
WRB$E,NYSE,,Unknown
WRB$F,NYSE,,Unknown
WRB$G,NYSE,,Unknown
WRB$H,NYSE,,Unknown
WRBY,NASDAQ,Warby Parker Inc. Class A Common Stock,Health Care
WRB^E,NASDAQ,W.R. Berkley Corporation 5.70% Subordinated Debentures due 2058,Unknown
WRB^F,NASDAQ,W.R. Berkley Corporation 5.10% Subordinated Debentures due 2059,Unknown
WRB^G,NASDAQ,W.R. Berkley Corporation 4.25% Subordinated Debentures due 2060,Unknown
WRB^H,NASDAQ,W.R. Berkley Corporation 4.125% Subordinated Debentures due 2061,Unknown
WRD,NASDAQ,WeRide Inc. American Depositary Shares,Technology
WRLD,NASDAQ,World Acceptance Corporation Common Stock,Finance
WRN,NASDAQ,Western Copper and Gold Corporation Common Stock,Basic Materials
WS,NASDAQ,Worthington Steel Inc. Common Shares,Industrials
WSBC,NASDAQ,WesBanco Inc. Common Stock,Finance
WSBCO,NASDAQ,WesBanco Inc. Depositary Shares each representing 1/40th interest in a share of 7.375% Fixed-Rate Reset Non-Cumulative Perpetual Preferred Stock Series B,Finance
WSBF,NASDAQ,Waterstone Financial Inc. Common Stock (MD),Finance
WSBK,NASDAQ,Winchester Bancorp Inc. Common Stock,Unknown
WSC,NASDAQ,WillScot Holdings Corporation Class A Common Stock,Industrials
WSFS,NASDAQ,WSFS Financial Corporation Common Stock,Finance
WSHP,NASDAQ,WeShop Holdings Limited Class A Ordinary Shares,Consumer Discretionary
WSM,NASDAQ,Williams-Sonoma Inc. Common Stock (DE),Consumer Discretionary
WSO,NASDAQ,Watsco Inc. Common Stock,Consumer Discretionary
WSO/B,NASDAQ,Watsco Inc.,Unknown
WSR,NASDAQ,Whitestone REIT Common Shares,Real Estate
WST,NASDAQ,West Pharmaceutical Services Inc. Common Stock,Health Care
WSTN,NASDAQ,Westin Acquisition Corp Class A Ordinary Share,Unknown
WSTNR,NASDAQ,Westin Acquisition Corp Right,Unknown
WSTNU,NASDAQ,Westin Acquisition Corp Units,Unknown
WT,NASDAQ,WisdomTree Inc. Common Stock,Finance
WTBA,NASDAQ,West Bancorporation Common Stock,Finance
WTF,NASDAQ,Waton Financial Limited Ordinary Shares,Finance
WTFC,NASDAQ,Wintrust Financial Corporation Common Stock,Finance
WTFCN,NASDAQ,Wintrust Financial Corporation Depositary Shares Each Representing a 1/1000th Interest in a Share of 7.875% Fixed-Rate Reset Non-Cumulative Perpetual Preferred StocK,Finance
WTG,NASDAQ,Wintergreen Acquisition Corp. Ordinary Shares,Finance
WTGUU,NASDAQ,Wintergreen Acquisition Corp. Unit,Unknown
WTI,NASDAQ,W&T Offshore Inc. Common Stock,Energy
WTM,NASDAQ,White Mountains Insurance Group Ltd. Common Stock,Finance
WTO,NASDAQ,UTime Limited Class A Ordinary Shares,Technology
WTRG,NASDAQ,Essential Utilities Inc. Common Stock,Utilities
WTS,NASDAQ,Watts Water Technologies Inc. Class A Common Stock,Industrials
WTTR,NASDAQ,Select Water Solutions Inc. Class A common stock,Energy
WTW,NASDAQ,Willis Towers Watson Public Limited Company Ordinary Shares,Finance
WU,NASDAQ,Western Union Company (The) Common Stock,Real Estate
WULF,NASDAQ,TeraWulf Inc. Common Stock,Technology
WVE,NASDAQ,Wave Life Sciences Ltd. Ordinary Shares,Health Care
WVVI,NASDAQ,Willamette Valley Vineyards Inc. Common Stock,Consumer Staples
WVVIP,NASDAQ,Willamette Valley Vineyards Inc. Series A Redeemable Preferred Stock,Consumer Staples
WW,NASDAQ,WW International Inc.  Common Stock,Consumer Discretionary
WWD,NASDAQ,Woodward Inc. Common Stock,Energy
WWR,NASDAQ,Westwater Resources Inc. Common Stock,Basic Materials
WWW,NASDAQ,Wolverine World Wide Inc. Common Stock,Consumer Discretionary
WXM,NASDAQ,WF International Limited Ordinary Shares,Consumer Discretionary
WY,NASDAQ,Weyerhaeuser Company Common Stock,Real Estate
WYFI,NASDAQ,WhiteFiber Inc. Ordinary Shares,Finance
WYHG,NASDAQ,Wing Yip Food Holdings Group Limited American Depositary Shares,Consumer Staples
WYNN,NASDAQ,Wynn Resorts Limited Common stock,Consumer Discretionary
WYY,NASDAQ,WidePoint Corporation Common Stock,Technology
XAIR,NASDAQ,Beyond Air Inc. Common Stock,Health Care
XBIO,NASDAQ,Xenetic Biosciences Inc. Common Stock,Health Care
XBIT,NASDAQ,XBiotech Inc. Common Stock,Health Care
XBP,NASDAQ,XBP Global Holdings Inc. Common Stock,Technology
XBPEW,NASDAQ,XBP Europe Holdings Inc. Warrant,Technology
XCBEU,NASDAQ,X3 Acquisition Corp. Ltd. Unit,Finance
XCH,NASDAQ,XCHG Limited American Depositary Share,Industrials
XCUR,NASDAQ,Exicure Inc. Common Stock,Health Care
XEL,NASDAQ,Xcel Energy Inc. Common Stock,Utilities
XELB,NASDAQ,Xcel Brands Inc. Common Stock,Miscellaneous
XELLL,NASDAQ,Xcel Energy Inc. 6.25% Junior Subordinated Notes Series due 2085,Utilities
XENE,NASDAQ,Xenon Pharmaceuticals Inc. Common Shares,Health Care
XERS,NASDAQ,Xeris Biopharma Holdings Inc. Common Stock,Health Care
XFLH,NASDAQ,XFLH Capital Corporation Ordinary Shares,Finance
XFLT,NASDAQ,XAI Octagon Floating Rate & Alternative Income Trust Common Shares of Beneficial Interest,Finance
XFOR,NASDAQ,X4 Pharmaceuticals Inc. Common Stock,Health Care
XGN,NASDAQ,Exagen Inc. Common Stock,Health Care
XHG,NASDAQ,XChange TEC.INC American Depositary Shares,Finance
XHLD,NASDAQ,TEN Holdings Inc. Common Stock,Real Estate
XHR,NASDAQ,Xenia Hotels & Resorts Inc. Common Stock,Consumer Discretionary
XIFR,NASDAQ,XPLR Infrastructure LP Common Units representing limited partner interests,Utilities
XLO,NASDAQ,Xilio Therapeutics Inc. Common Stock,Health Care
XMTR,NASDAQ,Xometry Inc. Class A Common Stock,Real Estate
XNCR,NASDAQ,Xencor Inc. Common Stock,Health Care
XNET,NASDAQ,Xunlei Limited American Depositary Shares,Technology
XOM,NASDAQ,Exxon Mobil Corporation Common Stock,Energy
XOMA,NASDAQ,XOMA Royalty Corporation Common Stock,Health Care
XOMAO,NASDAQ,XOMA Royalty Corporation Depositary Shares Rep Series B 8.375% Cumulative Preferred Stock,Health Care
XOMAP,NASDAQ,XOMA Royalty Corporation 8.625% Series A Cumulative Perpetual Preferred Stock,Health Care
XOS,NASDAQ,Xos Inc. Common Stock,Consumer Discretionary
XOSWW,NASDAQ,Xos Inc. Warrants,Consumer Discretionary
XP,NASDAQ,XP Inc. Class A Common Stock,Finance
XPEL,NASDAQ,XPEL Inc. Common Stock,Industrials
XPER,NASDAQ,Xperi Inc. Common Stock,Technology
XPEV,NASDAQ,XPeng Inc. American depositary shares each representing two Class A ordinary shares,Industrials
XPL,NASDAQ,Solitario Resources Corp. Common Stock,Basic Materials
XPO,NASDAQ,XPO Inc. Common Stock,Consumer Discretionary
XPOF,NASDAQ,Xponential Fitness Inc. Class A Common Stock,Consumer Discretionary
XPON,NASDAQ,Expion360 Inc. Common Stock,Miscellaneous
XPRO,NASDAQ,Expro Group Holdings N.V. Common Stock,Energy
XRAY,NASDAQ,DENTSPLY SIRONA Inc. Common Stock,Health Care
XRN,NASDAQ,Chiron Real Estate Inc. Common Stock,Real Estate
XRN$A,NYSE,,Unknown
XRN$B,NYSE,,Unknown
XRN^A,NASDAQ,Chiron Real Estate Inc. Series A Cumulative Redeemable Preferred Stock,Unknown
XRN^B,NASDAQ,Chiron Real Estate Inc. 8.00% Series B Cumulative Redeemable Preferred Stock $0.001 par value per share,Unknown
XRPN,NASDAQ,Armada Acquisition Corp. II Class A Ordinary Shares,Finance
XRPNU,NASDAQ,Armada Acquisition Corp. II Units,Finance
XRPNW,NASDAQ,Armada Acquisition Corp. II Warrant,Finance
XRTX,NASDAQ,XORTX Therapeutics Inc. Common Stock,Health Care
XRX,NASDAQ,Xerox Holdings Corporation Common Stock,Technology
XRXDW,NASDAQ,Xerox Holdings Corporation Warrants,Technology
XSLLU,NASDAQ,Xsolla SPAC 1 Units,Finance
XTIA,NASDAQ,XTI Aerospace Inc. Common Stock,Technology
XTKG,NASDAQ,X3 Holdings Co. Ltd. Class A Ordinary Shares,Technology
XTLB,NASDAQ,XTL Biopharmaceuticals Ltd. American Depositary Shares,Health Care
XTNT,NASDAQ,Xtant Medical Holdings Inc. Common Stock,Health Care
XWEL,NASDAQ,XWELL Inc. Common Stock,Consumer Discretionary
XWIN,NASDAQ,XMAX Inc. Common Stock,Consumer Discretionary
XXI,NASDAQ,Twenty One Capital Inc. Class A Common Stock,Finance
XXII,NASDAQ,22nd Century Group Inc. Common Stock,Health Care
XYF,NASDAQ,X Financial American Depositary Shares each representing six Class A Ordinary Shares,Finance
XYL,NASDAQ,Xylem Inc. Common Stock New,Industrials
XYZ,NASDAQ,Block Inc. Class A Common Stock,Technology
XZO,NASDAQ,Exzeo Group Inc. Common Stock,Finance
YAAS,NASDAQ,Youxin Technology Ltd Class A Ordinary shares,Technology
YALA,NASDAQ,Yalla Group Limited American Depositary Shares each representing one Class A Ordinary Share,Technology
YB,NASDAQ,Yuanbao Inc. American Depositary Shares,Finance
YCBD,NASDAQ,cbdMD Inc. Common Stock,Consumer Discretionary
YCY,NASDAQ,AA Mission Acquisition Corp. II Class A Ordinary Shares,Unknown
YDDL,NASDAQ,One and One Green Technologies. Inc Class A Ordinary Shares,Consumer Discretionary
YDES,NASDAQ,YD Bio Limited Ordinary Shares,Health Care
YDESW,NASDAQ,YD Bio Limited Warrants,Health Care
YDKG,NASDAQ,Yueda Digital Holding Class A Ordinary Share,Consumer Discretionary
YELP,NASDAQ,Yelp Inc. Common Stock,Consumer Discretionary
YETI,NASDAQ,YETI Holdings Inc. Common Stock,Consumer Discretionary
YEXT,NASDAQ,Yext Inc. Common Stock,Technology
YHC,NASDAQ,LQR House Inc. Common Stock,Consumer Staples
YHGJ,NASDAQ,Yunhong Green CTI Ltd. Common Stock,Industrials
YHNA,NASDAQ,YHN Acquisition I Limited Ordinary Shares,Unknown
YHNAU,NASDAQ,YHN Acquisition I Limited Unit,Unknown
YI,NASDAQ,111 Inc. American Depositary Shares,Consumer Staples
YIBO,NASDAQ,Planet Image International Limited Class A Ordinary Shares,Industrials
YJ,NASDAQ,Yunji Inc. American Depository Shares,Consumer Discretionary
YMAT,NASDAQ,J-Star Holding Co. Ltd. Class A Ordinary Shares,Consumer Discretionary
YMM,NASDAQ,Full Truck Alliance Co. Ltd. American Depositary Shares (each representing 20 Class A Ordinary Shares),Technology
YMT,NASDAQ,Yimutian Inc. American Depositary Shares,Technology
YORW,NASDAQ,York Water Company (The) Common Stock,Utilities
YOU,NASDAQ,Clear Secure Inc. Class A Common Stock,Technology
YOUL,NASDAQ,Youlife Group Inc. American Depositary Shares,Real Estate
YPF,NASDAQ,YPF Sociedad Anonima Common Stock,Energy
YQ,NASDAQ,17 Education & Technology Group Inc. American Depositary Shares,Real Estate
YRD,NASDAQ,Yiren Digital Ltd. American Depositary Shares each representing two ordinary shares,Finance
YSG,NASDAQ,Yatsen Holding Limited American Depositary Shares each representing twenty (20) Class A Ordinary Shares,Consumer Discretionary
YSS,NASDAQ,York Space Systems Inc. Common Stock,Industrials
YSXT,NASDAQ,YSX Tech. Co. Ltd Class A Ordinary Shares,Consumer Discretionary
YTRA,NASDAQ,Yatra Online Inc. Ordinary Shares,Consumer Discretionary
YUM,NASDAQ,Yum! Brands Inc.,Consumer Discretionary
YUMC,NASDAQ,Yum China Holdings Inc. Common Stock,Consumer Discretionary
YXT,NASDAQ,YXT.COM GROUP HOLDING LIMITED American Depository Shares,Technology
YYAI,NASDAQ,AiRWA Inc. Common Stock,Consumer Discretionary
YYGH,NASDAQ,YY Group Holding Limited Class A Ordinary Shares,Consumer Discretionary
Z,NASDAQ,Zillow Group Inc. Class C Capital Stock,Real Estate
ZBAI,NASDAQ,ATIF Holdings Limited Ordinary Shares,Consumer Discretionary
ZBAO,NASDAQ,Zhibao Technology Inc. Class A Ordinary Shares,Finance
ZBH,NASDAQ,Zimmer Biomet Holdings Inc. Common Stock,Health Care
ZBIO,NASDAQ,Zenas BioPharma Inc. Common Stock,Health Care
ZBRA,NASDAQ,Zebra Technologies Corporation Class A Common Stock,Industrials
ZCMD,NASDAQ,Zhongchao Inc. Class A Ordinary Shares,Real Estate
ZD,NASDAQ,Ziff Davis Inc. Common Stock,Telecommunications
ZDAI,NASDAQ,DirectBooking Technology Co. Ltd. Class A Ordinary Shares,Consumer Discretionary
ZDGE,NASDAQ,Zedge Inc. Class B Common Stock,Technology
ZENA,NASDAQ,ZenaTech Inc. Common Stock,Technology
ZENV,NASDAQ,Zenvia Inc. Class A Common Stock,Technology
ZEO,NASDAQ,Zeo Energy Corporation Class A Common Stock,Miscellaneous
ZEOWW,NASDAQ,Zeo Energy Corporation Warrants,Miscellaneous
ZEPP,NASDAQ,Zepp Health Corporation American depositary shares each representing sixteen Class A ordinary shares,Technology
ZETA,NASDAQ,Zeta Global Holdings Corp. Class A Common Stock,Technology
ZG,NASDAQ,Zillow Group Inc. Class A Common Stock,Real Estate
ZGM,NASDAQ,Zenta Group Company Limited Class A Ordinary Shares,Consumer Discretionary
ZGN,NASDAQ,Ermenegildo Zegna N.V. Ordinary Shares,Consumer Discretionary
ZH,NASDAQ,Zhihu Inc. American Depositary Shares each representing three (3) Class A Ordinary Shares,Real Estate
ZIM,NASDAQ,ZIM Integrated Shipping Services Ltd. Ordinary Shares,Consumer Discretionary
ZION,NASDAQ,Zions Bancorporation N.A. Common Stock,Finance
ZIONP,NASDAQ,Zions Bancorporation N.A. Depositary Shares (Each representing 1/40th Interest in a Share of Series A Floating-Rate Non-Cumulative Perpetual Preferred Stock),Finance
ZIP,NASDAQ,ZipRecruiter Inc. Class A Common Stock,Technology
ZJK,NASDAQ,ZJK Industrial Co. Ltd. Ordinary Shares,Industrials
ZJYL,NASDAQ,JIN MEDICAL INTERNATIONAL LTD. Ordinary Shares,Health Care
ZKH,NASDAQ,ZKH Group Limited American Depositary Shares each representing thirty-five (35) Class A Ordinary Shares,Consumer Discretionary
ZKIN,NASDAQ,ZK International Group Co. Ltd Ordinary Share,Industrials
ZKP,NASDAQ,Lafayette Digital Acquisition Corp. I Class A Ordinary Shares,Finance
ZKPU,NASDAQ,Lafayette Digital Acquisition Corp. I Unit,Finance
ZKPW,NASDAQ,Lafayette Digital Acquisition Corp. I Warrant,Finance
ZLAB,NASDAQ,Zai Lab Limited American Depositary Shares,Health Care
ZM,NASDAQ,Zoom Communications Inc. Class A Common Stock,Technology
ZNB,NASDAQ,Zeta Network Group Class A Ordinary Shares,Consumer Discretionary
ZNTL,NASDAQ,Zentalis Pharmaceuticals Inc. Common Stock,Health Care
ZONE,NASDAQ,CleanCore Solutions Inc. Class B Common Stock,Industrials
ZOOZ,NASDAQ,ZOOZ Strategy Ltd. Ordinary Shares,Technology
ZOOZW,NASDAQ,ZOOZ Strategy Ltd. Warrant,Technology
ZS,NASDAQ,Zscaler Inc. Common Stock,Technology
ZSPC,NASDAQ,zSpace Inc. Common stock,Technology
ZSTK,NASDAQ,ZeroStack Corp. Common Stock,Health Care
ZTEK,NASDAQ,Zentek Ltd. Common Stock,Industrials
ZTO,NASDAQ,ZTO Express (Cayman) Inc. American Depositary Shares each representing one Class A ordinary share.,Industrials
ZTR,NASDAQ,Virtus Total Return Fund Inc.,Finance
ZTS,NASDAQ,Zoetis Inc. Class A Common Stock,Health Care
ZUMZ,NASDAQ,Zumiez Inc. Common Stock,Consumer Discretionary
ZURA,NASDAQ,Zura Bio Limited Class A Ordinary Shares,Health Care
ZVIA,NASDAQ,Zevia PBC Class A Common Stock,Consumer Staples
ZVRA,NASDAQ,Zevra Therapeutics Inc. Common Stock,Health Care
ZWS,NASDAQ,Zurn Elkay Water Solutions Corporation Common Stock,Industrials
ZYBT,NASDAQ,Zhengye Biotechnology Holding Limited Ordinary Shares,Health Care
ZYME,NASDAQ,Zymeworks Inc. Common Stock,Health Care
